INSERT INTO legal_case_stages (litigation, corporate) VALUES
('yes', 'yes'),
('yes', 'no'),
('yes', 'no'),
('yes', 'no'),
('yes', 'yes'),
('yes', 'yes'),
('yes', 'yes'),
('yes', 'yes'),
('yes', 'yes'),
('yes', 'no'),
('yes', 'yes'),
('yes', 'yes'),
('no', 'yes'),
('no', 'yes'),
('no', 'yes'),
('yes', 'yes'),
('yes', 'yes');

INSERT INTO legal_case_stage_languages (legal_case_stage_id, language_id, name) VALUES
(1, 1, 'Reconciliation Committee'),
(1, 2, 'لجنة التوفيق والمصالحة'),
(1, 3, 'Comité de Reconciliation'),
(1, 4, 'Comité de Conciliación'),
(2, 1, 'First Instance Court'),
(2, 2, 'محكمة درجة أولى /المحكمة الابتدائية'),
(2, 3, 'Tribunal de 1ere Instance'),
(2, 4, 'Tribunal de primera instancia'),
(4, 1, 'Cassation/High Court'),
(4, 2, 'محكمة التمييز /المحكمة العليا'),
(4, 3, 'Cour de Cassation'),
(4, 4, 'Tribunal de casación y alto'),
(3, 1, 'Appeal Court'),
(3, 2, 'محكمة الاستئناف'),
(3, 3, 'Cour d''Appel'),
(3, 4, 'Tribunal de apelación'),
(5, 1, 'Execution'),
(5, 2, 'التنفيذ'),
(5, 3, 'Execution'),
(5, 4, 'Ejecución'),
(6, 1, 'Under Settlement'),
(6, 2, 'قيد التسوية'),
(6, 3, 'Règlement en cours'),
(6, 4, 'En proceso de conciliación'),
(7, 1, 'Settled/Closed'),
(7, 2, 'التسوية'),
(7, 3, 'Règler/Close'),
(7, 4, 'Solucionado/Cerrado'),
(8, 1, 'Dispute'),
(8, 2, 'النزاع'),
(8, 3, 'Dispute'),
(8, 4, 'Disputa'),
(9, 1, 'Arbitration'),
(9, 2, 'التحكيم'),
(9, 3, ' Arbitrage'),
(9, 4, 'Arbitraje'),
(10, 1, 'Constitutional Court'),
(10, 2, 'محكمة دستورية'),
(10, 3, 'Cour Constitutionnelle'),
(10, 4, 'Corte Constitucional'),
(11, 1, 'Grievance Board'),
(11, 2, 'ديوان المظالم'),
(11, 3, 'Comité des Griefs'),
(11, 4, 'Junta de Reclamaciones'),
(12, 1, 'Appeal Travel Ban'),
(12, 2, 'استئناف حظر السفر'),
(12, 3, 'Appel Ban Voyage'),
(12, 4, 'Apelación por la prohibición de viajar'),
(13, 1, 'Labor Arbitration Board'),
(13, 2, 'مجلس تحكيم العمل'),
(13, 3, 'Travail Commission d''arbitrage'),
(13, 4, 'Junta de Arbitraje Laboral'),
(14, 1, 'BOD meeting'),
(14, 2, 'إجتماع مجلس الإدارة'),
(14, 3, 'Réunion du Conseil d''Administration'),
(14, 4, 'Reunión de la Junta Directiva'),
(15, 1, 'Due Diligence'),
(15, 2, 'إجراءات لإرضاء المتطلبات'),
(15, 3, 'Vérifications Nécessaires'),
(15, 4, 'Bajo diligencia'),
(16, 1, 'Assembly Meeting'),
(16, 2, 'إجتماع الجمعية'),
(16, 3, 'Réunion de l''Assemblée'),
(16, 4, 'Reunión de la Asamblea'),
(17, 1, 'Experts report'),
(17, 2, 'تقرير خبراء'),
(17, 3, ' Rapport d''experts'),
(17, 4, 'Aguardando informe de los expertos');

INSERT INTO custom_fields (model, type, field_order, category) VALUES
('Company', 'short_text', 0, ''),
('Company', 'short_text', 1, ''),
('Company', 'short_text', 2, ''),
('Company', 'short_text', 3, ''),
('Company', 'short_text', 4, ''),
('Company', 'short_text', 5, ''),
('Contact', 'short_text', 0, ''),
('Contact', 'short_text', 1, ''),
('Contact', 'short_text', 2, ''),
('Contact', 'short_text', 3, ''),
('Contact', 'short_text', 4, ''),
('Contact', 'short_text', 5, ''),
('Legal_Case', 'short_text', 0, 'matter,litigation'),
('Legal_Case', 'short_text', 1, 'matter,litigation'),
('Legal_Case', 'short_text', 2, 'matter,litigation'),
('Legal_Case', 'short_text', 3, 'matter,litigation'),
('Legal_Case', 'short_text', 4, 'matter,litigation'),
('Legal_Case', 'short_text', 5, 'matter,litigation');

INSERT INTO custom_fields_languages (custom_field_id, language_id, customName) VALUES
('1', '1', 'Referred By'),
('1', '2', 'أحيل عبر'),
('1', '3', 'Référé Par'),
('1', '4', 'Referido por'),
('2', '1', 'Custom Field 2'),
('2', '2', 'الحقل الإضافي 2'),
('2', '3', 'Champ Personnalisé 2'),
('2', '4', 'Campo personalizado 2'),
('3', '1', 'Custom Field 3'),
('3', '2', 'الحقل الإضافي 3'),
('3', '3', 'Champ Personnalisé 3'),
('3', '4', 'Campo personalizado 3'),
('4', '1', 'Custom Field 4'),
('4', '2', 'الحقل الإضافي 4'),
('4', '3', 'Champ Personnalisé 4'),
('4', '4', 'Campo personalizado 4'),
('5', '1', 'Custom Field 5'),
('5', '2', 'الحقل الإضافي 5'),
('5', '3', 'Champ Personnalisé 5'),
('5', '4', 'Campo personalizado 5'),
('6', '1', 'Custom Field 6'),
('6', '2', 'الحقل الإضافي 6'),
('6', '3', 'Champ Personnalisé 6'),
('6', '4', 'Campo personalizado 6'),
('7', '1', 'Referred By'),
('7', '2', 'أحيل عبر'),
('7', '3', 'Référé Par'),
('7', '4', 'Referido por'),
('8', '1', 'Custom Field 2'),
('8', '2', 'الحقل الإضافي 2'),
('8', '3', 'Champ Personnalisé 2'),
('8', '4', 'Campo personalizado 2'),
('9', '1', 'Custom Field 3'),
('9', '2', 'الحقل الإضافي 3'),
('9', '3', 'Champ Personnalisé 3'),
('9', '4', 'Campo personalizado 3'),
('10', '1', 'Custom Field 4'),
('10', '2', 'الحقل الإضافي 4'),
('10', '3', 'Champ Personnalisé 4'),
('10', '4', 'Campo personalizado 4'),
('11', '1', 'Custom Field 5'),
('11', '2', 'الحقل الإضافي 5'),
('11', '3', 'Champ Personnalisé 5'),
('11', '4', 'Campo personalizado 5'),
('12', '1', 'Custom Field 6'),
('12', '2', 'الحقل الإضافي 6'),
('12', '3', 'Champ Personnalisé 6'),
('12', '4', 'Campo personalizado 6'),
('13', '1', 'Custom Field 1'),
('13', '2', 'الحقل الإضافي 1'),
('13', '3', 'Champ Personnalisé 1'),
('13', '4', 'Campo personalizado 1'),
('14', '1', 'Custom Field 2'),
('14', '2', 'الحقل الإضافي 2'),
('14', '3', 'Champ Personnalisé 2'),
('14', '4', 'Campo personalizado 2'),
('15', '1', 'Custom Field 3'),
('15', '2', 'الحقل الإضافي 3'),
('15', '3', 'Champ Personnalisé 3'),
('15', '4', 'Campo personalizado 3'),
('16', '1', 'Custom Field 4'),
('16', '2', 'الحقل الإضافي 4'),
('16', '3', 'Champ Personnalisé 4'),
('16', '4', 'Campo personalizado 4'),
('17', '1', 'Custom Field 5'),
('17', '2', 'الحقل الإضافي 5'),
('17', '3', 'Champ Personnalisé 5'),
('17', '4', 'Campo personalizado 5'),
('18', '1', 'Custom Field 6'),
('18', '2', 'الحقل الإضافي 6'),
('18', '3', 'Champ Personnalisé6'),
('18', '4', 'Campo personalizado 6');

SET IDENTITY_INSERT task_types ON
INSERT INTO task_types (id) VALUES
(1),
(2),
(3),
(4),
(5),
(6),
(7),
(8),
(9),
(10),
(11),
(12),
(13),
(14),
(15),
(16),
(17),
(18),
(19),
(20),
(21);
SET IDENTITY_INSERT task_types OFF

INSERT INTO task_types_languages (task_type_id, language_id, name) VALUES
(1, 1, 'To-Do'),
(1, 2, 'مهمة'),
(1, 3, 'To-Do'),
(1, 4, 'Por hacer'),
(2, 1, 'Research'),
(2, 2, 'بحث'),
(2, 3, 'Recherche'),
(2, 4, 'Investigación'),
(3, 1, 'Expert Meeting'),
(3, 2, 'إجتماع مع خبير'),
(3, 3, 'Réunion avec Expert'),
(3, 4, 'Reunión de expertos'),
(4, 1, 'Legalisation'),
(4, 2, 'تصديق'),
(4, 3, 'Légalisation'),
(4, 4, 'Legalización'),
(5, 1, 'Translation'),
(5, 2, 'ترجمة'),
(5, 3, 'Traduction'),
(5, 4, 'Traducción'),
(6, 1, 'Attach Docs on App4legal'),
(6, 2, 'أضف مرفقات على النظام'),
(6, 3, 'Joindre des documents sur App4legal'),
(6, 4, 'Adjuntar documentos en App4legal'),
(7, 1, 'Meeting with Client'),
(7, 2, 'إجتماع مع عميل'),
(7, 3, 'Rencontre avec le client'),
(7, 4, 'Reunión con el cliente'),
(8, 1, 'prepare a memorandum'),
(8, 2, 'إعداد مذكرة'),
(8, 3, 'Préparer un mémorandum'),
(8, 4, 'Preparar un memorando'),
(9, 1, 'Notifying opponents'),
(9, 2, 'تبليغ الخصوم'),
(9, 3, 'Notification aux opposants'),
(9, 4, 'Notificar a los oponentes'),
(10, 1, 'Modification of activities'),
(10, 2, 'تعديل الانشطة'),
(10, 3, 'Modification des activités'),
(10, 4, 'Modificación de actividades'),
(11, 1, 'Modification of Commercial register'),
(11, 2, 'تعديل السجل التجاري'),
(11, 3, 'Modification du registre du commerce'),
(11, 4, 'Modificación del Registro Mercantil'),
(12, 1, 'Modification of Fiscal year'),
(12, 2, 'تعديل السجل التجاري'),
(12, 3, 'Modification de l''exercice'),
(12, 4, 'Modificación del año fiscal'),
(13, 1, 'Board of Directors amendment'),
(13, 2, 'تعديل مجلس المديرين'),
(13, 3, 'Modification du conseil d''administration'),
(13, 4, 'Enmienda del Consejo de Administración'),
(14, 1, 'Submit Online Request'),
(14, 2, 'تقديم طلب الكتروني'),
(14, 3, 'Soumettre une demande en ligne'),
(14, 4, 'Presentar una solicitud en línea'),
(15, 1, 'Submit a clearing request'),
(15, 2, 'تقديم طلب مقاصة'),
(15, 3, 'Soumettre une demande de compensation'),
(15, 4, 'Presentar una solicitud de compensación'),
(16, 1, 'Study and setting requirements'),
(16, 2, 'دراسة وحصر متطلبات'),
(16, 3, 'Étude et définition des exigences'),
(16, 4, 'Estudiar y establecer requisitos'),
(17, 1, 'Legal Opinion'),
(17, 2, 'رأي قانوني'),
(17, 3, 'Opinion légale'),
(17, 4, 'Opinión legal'),
(18, 1, 'Accounting matters for clients'),
(18, 2, 'شؤون محاسبية للعملاء'),
(18, 3, 'Questions comptables pour les clients'),
(18, 4, 'Asuntos contables para clientes'),
(19, 1, 'HR related'),
(19, 2, 'شؤون موظفين'),
(19, 3, 'Liées aux ressources humaines'),
(19, 4, 'Asuntos relacionados a los RRHH'),
(20, 1, 'Contract Revision'),
(20, 2, 'مراجعة عقد'),
(20, 3, 'Révision du contrat'),
(20, 4, 'Revisión de contratos'),
(21, 1, 'Request a business trip ticket'),
(21, 2, 'طلب تذكرة رحلة عمل'),
(21, 3, 'Demander un billet pour un voyage d''affaires'),
(21, 4, 'Solicitud de un billete para un viaje de negocios');

INSERT INTO intellectual_property_rights (name) VALUES
('Copyright'),
('Patents'),
('Trademark'),
('Trade Secrets');

INSERT INTO company_type_of_discharges (name) VALUES ('Default Type');

INSERT INTO invoice_notes (name, description) VALUES
('Note 1', 'Thank you for your business.');

INSERT INTO stage_statuses (color) VALUES
('#808080'), -- gray
('#ffa500'), -- orange
('#00ff00'), -- green
('#00ff00'), -- green
('#ffa500'), -- orange
('#ff0000'), -- red
('#808080'), -- gray
('#ff0000'), -- red
('#ff0000'), -- red
('#ff0000'), -- red
('#ffa500'), -- orange
('#ffa500'), -- orange
('#00ff00'); -- green

INSERT INTO stage_statuses_languages (status,language_id,name) VALUES
(1, 1, 'Under Filing'),
(1, 2, 'قيد التسجيل'),
(1, 3, 'Sous dépôt'),
(1, 4, 'Bajo archivo'),
(2, 1, 'Ongoing'),
(2, 2, 'متدوالة'),
(2, 3, 'En cours'),
(2, 4, 'En marcha'),
(3, 1, 'Judged'),
(3, 2, 'صدر الحكم'),
(3, 3, 'Jugé'),
(3, 4, 'Juzgado'),
(4, 1, 'Decision'),
(4, 2, 'صدر القرار'),
(4, 3, 'Décision'),
(4, 4, 'Decisión'),
(5, 1, 'Exchange of notes'),
(5, 2, 'تبادل مذكرات'),
(5, 3, 'Échange de notes'),
(5, 4, 'Intercambio de notas'),
(6, 1, 'Closed'),
(6, 2, 'مغلقة'),
(6, 3, 'Affaire close'),
(6, 4, 'Cerrado'),
(7, 1, 'Pre Trial Claim'),
(7, 2, 'قبل المسار القضائي'),
(7, 3, 'Réclamation préalable au procès'),
(7, 4, 'Reclamación previa al juicio'),
(8, 1, 'Suspended'),
(8, 2, 'معلقة'),
(8, 3, 'Suspendu'),
(8, 4, 'Suspendido'),
(9, 1, 'Rejected'),
(9, 2, 'مرفوضة'),
(9, 3, 'Rejeté'),
(9, 4, 'Rechazado'),
(10, 1, 'Cancelled'),
(10, 2, 'ملغية'),
(10, 3, 'Annulé'),
(10, 4, 'Cancelado'),
(11, 1, 'Notification'),
(11, 2, 'اعلان'),
(11, 3, 'Notification'),
(11, 4, 'Notificación'),
(12, 1, 'Expert'),
(12, 2, 'خبرة'),
(12, 3, 'Expert'),
(12, 4, 'Experto'),
(13, 1, 'Objection'),
(13, 2, 'نقض الحكم'),
(13, 3, 'Objection'),
(13, 4, 'Objeción');

SET IDENTITY_INSERT time_types ON
INSERT INTO time_types (id) VALUES
(1),
(2),
(3),
(4),
(5),
(6),
(7),
(8),
(9),
(10),
(11),
(12),
(13);
SET IDENTITY_INSERT time_types OFF

INSERT INTO time_types_languages (type, language_id, name) VALUES
(1, 1, 'Research'),
(1, 2, 'بحث'),
(1, 3, 'Recherche'),
(1, 4, 'Research'),
(2, 1, 'Analysis'),
(2, 2, 'تحليل'),
(2, 3, 'Une analyse'),
(2, 4, 'Analysis'),
(3, 1, 'Meeting'),
(3, 2, 'إجتماع'),
(3, 3, 'Réunion'),
(3, 4, 'Meeting'),
(4, 1, 'Other'),
(4, 2, 'آخر'),
(4, 3, 'Autre'),
(4, 4, 'Other'),
(5, 1, 'Drafting'),
(5, 2, 'صياغة المسودة'),
(5, 3, 'Rédaction'),
(5, 4, 'Drafting'),
(6, 1, 'Planning'),
(6, 2, 'تخطيط'),
(6, 3, 'Planification'),
(6, 4, 'Planning'),
(7, 1, 'Hearing'),
(7, 2, 'الجلسة'),
(7, 3, 'Audience'),
(7, 4, 'Escuchando'),
(8, 1, 'Sickness'),
(8, 2, 'المرض'),
(8, 3, 'Maladie'),
(8, 4, 'Enfermedad'),
(9, 1, 'Vacation'),
(9, 2, 'عطلة'),
(9, 3, 'Vacances'),
(9, 4, 'Vacaciones'),
(10, 1, 'Holiday'),
(10, 2, 'يوم الاجازة'),
(10, 3, 'La fête'),
(10, 4, 'El feriado'),
(11, 1, 'Administration'),
(11, 2, 'الادارة'),
(11, 3, 'Administration'),
(11, 4, 'Administración'),
(12, 1, 'Marketing'),
(12, 2, 'تسويق'),
(12, 3, 'Commercialisation'),
(12, 4, 'Márketing'),
(13, 1, 'Business Development'),
(13, 2, 'تطوير الاعمال'),
(13, 3, 'Développement des affaires'),
(13, 4, 'Desarrollo de negocios');

INSERT INTO system_preferences (groupName, keyName, keyValue) VALUES
('SystemValues', 'systemLanguage', 'english');

INSERT INTO user_groups (name, system_group) VALUES
('ISgroup', '1'),
('System Administrator', '1'),
('Administrator', '1'),
('User', '1'),
('Accountant', '1'),
('User-read-only', '1'),
('Accountant-read-only', '1'),
('Makers', '1'),
('Checkers', '1');

INSERT INTO user_group_permissions (user_group_id, data) VALUES
 (1,	'a:3:{s:4:\"core\";a:1:{i:0;s:1:\"/\";}s:5:\"money\";a:1:{i:0;s:1:\"/\";}s:8:\"calendar\";a:1:{i:0;s:1:\"/\";}}\";}}'),
 (2,	'a:4:{s:4:\"core\";a:502:{i:0;s:10:\"/advisors/\";i:1;s:16:\"/advisors/users/\";i:2;s:19:\"/advisors/user_add/\";i:3;s:20:\"/advisors/user_edit/\";i:4;s:35:\"/advisors/user_activate_deactivate/\";i:5;s:20:\"/advisors/ban_unban/\";i:6;s:34:\"/advisors/flag_to_change_password/\";i:7;s:33:\"/advisors/manage_email_templates/\";i:8;s:29:\"/advisors/portal_permissions/\";i:9;s:33:\"/advisors/set_get_email_template/\";i:10;s:24:\"/advisor_task_workflows/\";i:11;s:37:\"/advisor_task_workflows/add_workflow/\";i:12;s:44:\"/advisor_task_workflows/add_workflow_status/\";i:13;s:39:\"/advisor_task_workflows/add_transition/\";i:14;s:42:\"/advisor_task_workflows/delete_transition/\";i:15;s:40:\"/advisor_task_workflows/delete_workflow/\";i:16;s:47:\"/advisor_task_workflows/delete_workflow_status/\";i:17;s:40:\"/advisor_task_workflows/edit_transition/\";i:18;s:38:\"/advisor_task_workflows/edit_workflow/\";i:19;s:30:\"/advisor_task_workflows/index/\";i:20;s:41:\"/advisor_task_workflows/migrate_statuses/\";i:21;s:43:\"/advisor_task_workflows/set_as_start_point/\";i:22;s:48:\"/advisor_task_workflows/view_status_transitions/\";i:23;s:12:\"/case_types/\";i:24;s:16:\"/case_types/add/\";i:25;s:19:\"/case_types/delete/\";i:26;s:17:\"/case_types/edit/\";i:27;s:18:\"/case_types/index/\";i:28;s:17:\"/provider_groups/\";i:29;s:21:\"/provider_groups/add/\";i:30;s:24:\"/provider_groups/delete/\";i:31;s:22:\"/provider_groups/edit/\";i:32;s:23:\"/provider_groups/index/\";i:33;s:27:\"/provider_groups/quick_add/\";i:34;s:40:\"/provider_groups/quick_add_user_to_team/\";i:35;s:13:\"/assignments/\";i:36;s:19:\"/assignments/cases/\";i:37;s:19:\"/assignments/tasks/\";i:38;s:20:\"/board_member_roles/\";i:39;s:24:\"/board_member_roles/add/\";i:40;s:27:\"/board_member_roles/delete/\";i:41;s:25:\"/board_member_roles/edit/\";i:42;s:26:\"/board_member_roles/index/\";i:43;s:25:\"/request_type_categories/\";i:44;s:31:\"/request_type_categories/index/\";i:45;s:29:\"/request_type_categories/add/\";i:46;s:30:\"/request_type_categories/edit/\";i:47;s:32:\"/request_type_categories/delete/\";i:48;s:21:\"/company_asset_types/\";i:49;s:25:\"/company_asset_types/add/\";i:50;s:28:\"/company_asset_types/delete/\";i:51;s:26:\"/company_asset_types/edit/\";i:52;s:27:\"/company_asset_types/index/\";i:53;s:27:\"/company_document_statuses/\";i:54;s:31:\"/company_document_statuses/add/\";i:55;s:34:\"/company_document_statuses/delete/\";i:56;s:32:\"/company_document_statuses/edit/\";i:57;s:33:\"/company_document_statuses/index/\";i:58;s:24:\"/company_document_types/\";i:59;s:28:\"/company_document_types/add/\";i:60;s:31:\"/company_document_types/delete/\";i:61;s:29:\"/company_document_types/edit/\";i:62;s:30:\"/company_document_types/index/\";i:63;s:21:\"/company_legal_types/\";i:64;s:25:\"/company_legal_types/add/\";i:65;s:28:\"/company_legal_types/delete/\";i:66;s:26:\"/company_legal_types/edit/\";i:67;s:27:\"/company_legal_types/index/\";i:68;s:28:\"/company_ss_discharge_types/\";i:69;s:32:\"/company_ss_discharge_types/add/\";i:70;s:35:\"/company_ss_discharge_types/delete/\";i:71;s:33:\"/company_ss_discharge_types/edit/\";i:72;s:34:\"/company_ss_discharge_types/index/\";i:73;s:28:\"/contact_company_categories/\";i:74;s:34:\"/contact_company_categories/index/\";i:75;s:32:\"/contact_company_sub_categories/\";i:76;s:36:\"/contact_company_sub_categories/add/\";i:77;s:39:\"/contact_company_sub_categories/delete/\";i:78;s:37:\"/contact_company_sub_categories/edit/\";i:79;s:38:\"/contact_company_sub_categories/index/\";i:80;s:27:\"/contact_document_statuses/\";i:81;s:31:\"/contact_document_statuses/add/\";i:82;s:34:\"/contact_document_statuses/delete/\";i:83;s:32:\"/contact_document_statuses/edit/\";i:84;s:33:\"/contact_document_statuses/index/\";i:85;s:24:\"/contact_document_types/\";i:86;s:28:\"/contact_document_types/add/\";i:87;s:31:\"/contact_document_types/delete/\";i:88;s:29:\"/contact_document_types/edit/\";i:89;s:30:\"/contact_document_types/index/\";i:90;s:15:\"/court_degrees/\";i:91;s:19:\"/court_degrees/add/\";i:92;s:22:\"/court_degrees/delete/\";i:93;s:20:\"/court_degrees/edit/\";i:94;s:21:\"/court_degrees/index/\";i:95;s:15:\"/court_regions/\";i:96;s:19:\"/court_regions/add/\";i:97;s:22:\"/court_regions/delete/\";i:98;s:20:\"/court_regions/edit/\";i:99;s:21:\"/court_regions/index/\";i:100;s:13:\"/court_types/\";i:101;s:17:\"/court_types/add/\";i:102;s:20:\"/court_types/delete/\";i:103;s:18:\"/court_types/edit/\";i:104;s:19:\"/court_types/index/\";i:105;s:8:\"/courts/\";i:106;s:12:\"/courts/add/\";i:107;s:15:\"/courts/delete/\";i:108;s:13:\"/courts/edit/\";i:109;s:14:\"/courts/index/\";i:110;s:15:\"/custom_fields/\";i:111;s:21:\"/custom_fields/cases/\";i:112;s:25:\"/custom_fields/companies/\";i:113;s:24:\"/custom_fields/contacts/\";i:114;s:29:\"/custom_fields/company_asset/\";i:115;s:21:\"/custom_fields/tasks/\";i:116;s:19:\"/custom_fields/add/\";i:117;s:22:\"/custom_fields/delete/\";i:118;s:20:\"/custom_fields/edit/\";i:119;s:32:\"/custom_fields/set_fields_order/\";i:120;s:39:\"/dashboard/litigation_dashboard_config/\";i:121;s:17:\"/dashboard/admin/\";i:122;s:29:\"/dashboard/case_board_config/\";i:123;s:23:\"/dashboard/case_boards/\";i:124;s:17:\"/dashboard/cases/\";i:125;s:21:\"/dashboard/archiving/\";i:126;s:29:\"/dashboard/task_board_config/\";i:127;s:23:\"/dashboard/task_boards/\";i:128;s:17:\"/dashboard/tasks/\";i:129;s:26:\"/dashboard/archiving_task/\";i:130;s:24:\"/docs_document_statuses/\";i:131;s:28:\"/docs_document_statuses/add/\";i:132;s:31:\"/docs_document_statuses/delete/\";i:133;s:29:\"/docs_document_statuses/edit/\";i:134;s:30:\"/docs_document_statuses/index/\";i:135;s:21:\"/docs_document_types/\";i:136;s:25:\"/docs_document_types/add/\";i:137;s:28:\"/docs_document_types/delete/\";i:138;s:26:\"/docs_document_types/edit/\";i:139;s:27:\"/docs_document_types/index/\";i:140;s:20:\"/document_generator/\";i:141;s:26:\"/document_generator/index/\";i:142;s:14:\"/export/users/\";i:143;s:20:\"/export/users_audit/\";i:144;s:25:\"/export/users_management/\";i:145;s:20:\"/export/user_groups/\";i:146;s:35:\"/export/maker_checker_users_report/\";i:147;s:41:\"/export/maker_checker_user_groups_report/\";i:148;s:53:\"/export/maker_checker_user_groups_permissions_report/\";i:149;s:15:\"/export/courts/\";i:150;s:25:\"/export/seniority_levels/\";i:151;s:20:\"/export/case_boards/\";i:152;s:30:\"/export/case_client_positions/\";i:153;s:27:\"/export/case_company_roles/\";i:154;s:27:\"/export/case_contact_roles/\";i:155;s:32:\"/export/case_container_statuses/\";i:156;s:38:\"/export/case_document_classifications/\";i:157;s:31:\"/export/case_document_statuses/\";i:158;s:28:\"/export/case_document_types/\";i:159;s:20:\"/export/case_stages/\";i:160;s:19:\"/export/case_types/\";i:161;s:28:\"/export/company_asset_types/\";i:162;s:34:\"/export/company_document_statuses/\";i:163;s:31:\"/export/company_document_types/\";i:164;s:28:\"/export/company_legal_types/\";i:165;s:29:\"/export/company_member_roles/\";i:166;s:35:\"/export/company_ss_discharge_types/\";i:167;s:35:\"/export/contact_company_categories/\";i:168;s:39:\"/export/contact_company_sub_categories/\";i:169;s:34:\"/export/contact_document_statuses/\";i:170;s:31:\"/export/contact_document_types/\";i:171;s:31:\"/export/docs_document_statuses/\";i:172;s:28:\"/export/docs_document_types/\";i:173;s:22:\"/export/court_degrees/\";i:174;s:22:\"/export/court_regions/\";i:175;s:20:\"/export/court_types/\";i:176;s:22:\"/export/custom_fields/\";i:177;s:29:\"/export/login_history_report/\";i:178;s:24:\"/export/provider_groups/\";i:179;s:23:\"/export/reminder_types/\";i:180;s:20:\"/export/task_boards/\";i:181;s:23:\"/export/task_locations/\";i:182;s:22:\"/export/task_statuses/\";i:183;s:19:\"/export/task_types/\";i:184;s:19:\"/export/time_types/\";i:185;s:15:\"/export/titles/\";i:186;s:17:\"/export/workflow/\";i:187;s:35:\"/export/case_success_probabilities/\";i:188;s:30:\"/export/customer_portal_users/\";i:189;s:23:\"/export/sla_management/\";i:190;s:33:\"/export/ip_petitions_oppositions/\";i:191;s:37:\"/export/intellectual_property_rights/\";i:192;s:19:\"/export/ip_classes/\";i:193;s:17:\"/export/ip_names/\";i:194;s:20:\"/export/ip_statuses/\";i:195;s:25:\"/export/ip_subcategories/\";i:196;s:37:\"/export/ip_petition_opposition_types/\";i:197;s:20:\"/export/event_types/\";i:198;s:22:\"/export/task_workflow/\";i:199;s:30:\"/export/case_folder_templates/\";i:200;s:32:\"/export/case_opponent_positions/\";i:201;s:47:\"/export/legal_case_container_document_statuses/\";i:202;s:44:\"/export/legal_case_container_document_types/\";i:203;s:22:\"/export/advisor_users/\";i:204;s:32:\"/export/request_type_categories/\";i:205;s:25:\"/hearing_outcome_reasons/\";i:206;s:29:\"/hearing_outcome_reasons/add/\";i:207;s:30:\"/hearing_outcome_reasons/edit/\";i:208;s:31:\"/hearing_outcome_reasons/index/\";i:209;s:32:\"/hearing_outcome_reasons/delete/\";i:210;s:26:\"/hearing_report_generator/\";i:211;s:32:\"/hearing_report_generator/index/\";i:212;s:15:\"/hearing_types/\";i:213;s:19:\"/hearing_types/add/\";i:214;s:20:\"/hearing_types/edit/\";i:215;s:21:\"/hearing_types/index/\";i:216;s:22:\"/hearing_types/delete/\";i:217;s:13:\"/import_data/\";i:218;s:22:\"/import_data/contacts/\";i:219;s:40:\"/import_data/download_contacts_template/\";i:220;s:39:\"/import_data/download_ignored_contacts/\";i:221;s:23:\"/import_data/companies/\";i:222;s:41:\"/import_data/download_companies_template/\";i:223;s:40:\"/import_data/download_ignored_companies/\";i:224;s:30:\"/import_data/litigation_cases/\";i:225;s:48:\"/import_data/download_litigation_cases_template/\";i:226;s:47:\"/import_data/download_ignored_litigation_cases/\";i:227;s:31:\"/import_data/corporate_matters/\";i:228;s:49:\"/import_data/download_corporate_matters_template/\";i:229;s:48:\"/import_data/download_ignored_corporate_matters/\";i:230;s:37:\"/import_data/intellectual_properties/\";i:231;s:55:\"/import_data/download_intellectual_properties_template/\";i:232;s:54:\"/import_data/download_ignored_intellectual_properties/\";i:233;s:31:\"/import_data/matter_containers/\";i:234;s:49:\"/import_data/download_matter_containers_template/\";i:235;s:48:\"/import_data/download_ignored_matter_containers/\";i:236;s:19:\"/import_data/tasks/\";i:237;s:37:\"/import_data/download_tasks_template/\";i:238;s:36:\"/import_data/download_ignored_tasks/\";i:239;s:14:\"/integrations/\";i:240;s:20:\"/integrations/index/\";i:241;s:12:\"/ip_classes/\";i:242;s:16:\"/ip_classes/add/\";i:243;s:17:\"/ip_classes/edit/\";i:244;s:18:\"/ip_classes/index/\";i:245;s:19:\"/ip_classes/delete/\";i:246;s:10:\"/ip_names/\";i:247;s:14:\"/ip_names/add/\";i:248;s:15:\"/ip_names/edit/\";i:249;s:16:\"/ip_names/index/\";i:250;s:17:\"/ip_names/delete/\";i:251;s:30:\"/intellectual_property_rights/\";i:252;s:34:\"/intellectual_property_rights/add/\";i:253;s:35:\"/intellectual_property_rights/edit/\";i:254;s:36:\"/intellectual_property_rights/index/\";i:255;s:37:\"/intellectual_property_rights/delete/\";i:256;s:13:\"/ip_statuses/\";i:257;s:17:\"/ip_statuses/add/\";i:258;s:18:\"/ip_statuses/edit/\";i:259;s:19:\"/ip_statuses/index/\";i:260;s:20:\"/ip_statuses/delete/\";i:261;s:18:\"/ip_subcategories/\";i:262;s:22:\"/ip_subcategories/add/\";i:263;s:23:\"/ip_subcategories/edit/\";i:264;s:24:\"/ip_subcategories/index/\";i:265;s:25:\"/ip_subcategories/delete/\";i:266;s:11:\"/look_feel/\";i:267;s:17:\"/look_feel/index/\";i:268;s:13:\"/maintenance/\";i:269;s:20:\"/maintenance/backup/\";i:270;s:17:\"/customer_portal/\";i:271;s:23:\"/customer_portal/users/\";i:272;s:26:\"/customer_portal/user_add/\";i:273;s:27:\"/customer_portal/user_edit/\";i:274;s:42:\"/customer_portal/user_activate_deactivate/\";i:275;s:27:\"/customer_portal/ban_unban/\";i:276;s:30:\"/customer_portal/user_migrate/\";i:277;s:37:\"/customer_portal/user_import_from_ad/\";i:278;s:44:\"/customer_portal/users_ad_search_by_account/\";i:279;s:37:\"/customer_portal/users_ad_search_all/\";i:280;s:32:\"/customer_portal/portal_screens/\";i:281;s:35:\"/customer_portal/portal_screen_add/\";i:282;s:36:\"/customer_portal/portal_screen_edit/\";i:283;s:36:\"/customer_portal/portal_screen_copy/\";i:284;s:38:\"/customer_portal/portal_screen_delete/\";i:285;s:36:\"/customer_portal/portal_permissions/\";i:286;s:41:\"/customer_portal/portal_screen_show_hide/\";i:287;s:40:\"/customer_portal/customers_by_companies/\";i:288;s:17:\"/license_manager/\";i:289;s:25:\"/license_manager/install/\";i:290;s:26:\"/manage_non_business_days/\";i:291;s:32:\"/manage_non_business_days/index/\";i:292;s:30:\"/manage_non_business_days/add/\";i:293;s:31:\"/manage_non_business_days/edit/\";i:294;s:33:\"/manage_non_business_days/delete/\";i:295;s:16:\"/task_workflows/\";i:296;s:29:\"/task_workflows/add_workflow/\";i:297;s:30:\"/task_workflows/edit_workflow/\";i:298;s:22:\"/task_workflows/index/\";i:299;s:32:\"/task_workflows/delete_workflow/\";i:300;s:36:\"/task_workflows/add_workflow_status/\";i:301;s:31:\"/task_workflows/add_transition/\";i:302;s:32:\"/task_workflows/edit_transition/\";i:303;s:34:\"/task_workflows/delete_transition/\";i:304;s:40:\"/task_workflows/view_status_transitions/\";i:305;s:41:\"/task_workflows/delete_status_transition/\";i:306;s:39:\"/task_workflows/delete_workflow_status/\";i:307;s:35:\"/task_workflows/set_as_start_point/\";i:308;s:18:\"/manage_workflows/\";i:309;s:22:\"/manage_workflows/add/\";i:310;s:23:\"/manage_workflows/edit/\";i:311;s:27:\"/manage_workflows/statuses/\";i:312;s:29:\"/manage_workflows/add_status/\";i:313;s:30:\"/manage_workflows/edit_status/\";i:314;s:40:\"/manage_workflows/add_status_transition/\";i:315;s:42:\"/manage_workflows/list_status_transitions/\";i:316;s:41:\"/manage_workflows/edit_status_transition/\";i:317;s:42:\"/manage_workflows/view_status_transitions/\";i:318;s:43:\"/manage_workflows/delete_status_transition/\";i:319;s:32:\"/manage_workflows/delete_status/\";i:320;s:39:\"/manage_workflows/list_all_transitions/\";i:321;s:34:\"/manage_workflows/delete_workflow/\";i:322;s:38:\"/manage_workflows/add_workflow_status/\";i:323;s:41:\"/manage_workflows/delete_workflow_status/\";i:324;s:37:\"/manage_workflows/set_as_start_point/\";i:325;s:32:\"/manage_workflows/statuses_list/\";i:326;s:23:\"/case_client_positions/\";i:327;s:27:\"/case_client_positions/add/\";i:328;s:30:\"/case_client_positions/delete/\";i:329;s:28:\"/case_client_positions/edit/\";i:330;s:29:\"/case_client_positions/index/\";i:331;s:20:\"/case_company_roles/\";i:332;s:24:\"/case_company_roles/add/\";i:333;s:27:\"/case_company_roles/delete/\";i:334;s:25:\"/case_company_roles/edit/\";i:335;s:26:\"/case_company_roles/index/\";i:336;s:20:\"/case_contact_roles/\";i:337;s:24:\"/case_contact_roles/add/\";i:338;s:27:\"/case_contact_roles/delete/\";i:339;s:25:\"/case_contact_roles/edit/\";i:340;s:26:\"/case_contact_roles/index/\";i:341;s:40:\"/legal_case_container_document_statuses/\";i:342;s:44:\"/legal_case_container_document_statuses/add/\";i:343;s:47:\"/legal_case_container_document_statuses/delete/\";i:344;s:45:\"/legal_case_container_document_statuses/edit/\";i:345;s:46:\"/legal_case_container_document_statuses/index/\";i:346;s:37:\"/legal_case_container_document_types/\";i:347;s:41:\"/legal_case_container_document_types/add/\";i:348;s:44:\"/legal_case_container_document_types/delete/\";i:349;s:42:\"/legal_case_container_document_types/edit/\";i:350;s:43:\"/legal_case_container_document_types/index/\";i:351;s:25:\"/case_container_statuses/\";i:352;s:29:\"/case_container_statuses/add/\";i:353;s:32:\"/case_container_statuses/delete/\";i:354;s:30:\"/case_container_statuses/edit/\";i:355;s:31:\"/case_container_statuses/index/\";i:356;s:31:\"/case_document_classifications/\";i:357;s:35:\"/case_document_classifications/add/\";i:358;s:38:\"/case_document_classifications/delete/\";i:359;s:36:\"/case_document_classifications/edit/\";i:360;s:37:\"/case_document_classifications/index/\";i:361;s:24:\"/case_document_statuses/\";i:362;s:28:\"/case_document_statuses/add/\";i:363;s:31:\"/case_document_statuses/delete/\";i:364;s:29:\"/case_document_statuses/edit/\";i:365;s:30:\"/case_document_statuses/index/\";i:366;s:21:\"/case_document_types/\";i:367;s:25:\"/case_document_types/add/\";i:368;s:28:\"/case_document_types/delete/\";i:369;s:26:\"/case_document_types/edit/\";i:370;s:27:\"/case_document_types/index/\";i:371;s:24:\"/legal_case_event_types/\";i:372;s:28:\"/legal_case_event_types/add/\";i:373;s:31:\"/legal_case_event_types/delete/\";i:374;s:29:\"/legal_case_event_types/edit/\";i:375;s:30:\"/legal_case_event_types/index/\";i:376;s:23:\"/case_folder_templates/\";i:377;s:29:\"/case_folder_templates/index/\";i:378;s:28:\"/case_folder_templates/edit/\";i:379;s:30:\"/case_folder_templates/delete/\";i:380;s:13:\"/case_stages/\";i:381;s:17:\"/case_stages/add/\";i:382;s:20:\"/case_stages/delete/\";i:383;s:18:\"/case_stages/edit/\";i:384;s:19:\"/case_stages/index/\";i:385;s:28:\"/case_success_probabilities/\";i:386;s:32:\"/case_success_probabilities/add/\";i:387;s:35:\"/case_success_probabilities/delete/\";i:388;s:33:\"/case_success_probabilities/edit/\";i:389;s:34:\"/case_success_probabilities/index/\";i:390;s:13:\"/event_types/\";i:391;s:17:\"/event_types/add/\";i:392;s:18:\"/event_types/edit/\";i:393;s:20:\"/event_types/delete/\";i:394;s:19:\"/event_types/index/\";i:395;s:25:\"/case_opponent_positions/\";i:396;s:31:\"/case_opponent_positions/index/\";i:397;s:29:\"/case_opponent_positions/add/\";i:398;s:30:\"/case_opponent_positions/edit/\";i:399;s:32:\"/case_opponent_positions/delete/\";i:400;s:24:\"/outlook_configurations/\";i:401;s:30:\"/outlook_configurations/index/\";i:402;s:30:\"/ip_petition_opposition_types/\";i:403;s:34:\"/ip_petition_opposition_types/add/\";i:404;s:35:\"/ip_petition_opposition_types/edit/\";i:405;s:36:\"/ip_petition_opposition_types/index/\";i:406;s:37:\"/ip_petition_opposition_types/delete/\";i:407;s:16:\"/reminder_types/\";i:408;s:20:\"/reminder_types/add/\";i:409;s:23:\"/reminder_types/delete/\";i:410;s:21:\"/reminder_types/edit/\";i:411;s:22:\"/reminder_types/index/\";i:412;s:36:\"/reports/case_value_tiers_configure/\";i:413;s:16:\"/sla_management/\";i:414;s:20:\"/sla_management/add/\";i:415;s:23:\"/sla_management/delete/\";i:416;s:21:\"/sla_management/edit/\";i:417;s:22:\"/sla_management/index/\";i:418;s:18:\"/seniority_levels/\";i:419;s:22:\"/seniority_levels/add/\";i:420;s:25:\"/seniority_levels/delete/\";i:421;s:23:\"/seniority_levels/edit/\";i:422;s:24:\"/seniority_levels/index/\";i:423;s:10:\"/saml_sso/\";i:424;s:16:\"/saml_sso/index/\";i:425;s:23:\"/saml_sso/import_users/\";i:426;s:26:\"/saml_sso/import_cp_users/\";i:427;s:16:\"/stage_statuses/\";i:428;s:20:\"/stage_statuses/add/\";i:429;s:21:\"/stage_statuses/edit/\";i:430;s:22:\"/stage_statuses/index/\";i:431;s:23:\"/stage_statuses/delete/\";i:432;s:20:\"/system_preferences/\";i:433;s:26:\"/system_preferences/index/\";i:434;s:38:\"/system_preferences/save_system_value/\";i:435;s:46:\"/system_preferences/email_test_configurations/\";i:436;s:46:\"/system_preferences/email_notification_scheme/\";i:437;s:16:\"/task_locations/\";i:438;s:20:\"/task_locations/add/\";i:439;s:23:\"/task_locations/delete/\";i:440;s:21:\"/task_locations/edit/\";i:441;s:22:\"/task_locations/index/\";i:442;s:15:\"/task_statuses/\";i:443;s:19:\"/task_statuses/add/\";i:444;s:22:\"/task_statuses/delete/\";i:445;s:20:\"/task_statuses/edit/\";i:446;s:21:\"/task_statuses/index/\";i:447;s:12:\"/task_types/\";i:448;s:16:\"/task_types/add/\";i:449;s:19:\"/task_types/delete/\";i:450;s:17:\"/task_types/edit/\";i:451;s:18:\"/task_types/index/\";i:452;s:24:\"/time_internal_statuses/\";i:453;s:30:\"/time_internal_statuses/index/\";i:454;s:28:\"/time_internal_statuses/add/\";i:455;s:29:\"/time_internal_statuses/edit/\";i:456;s:31:\"/time_internal_statuses/delete/\";i:457;s:12:\"/time_types/\";i:458;s:16:\"/time_types/add/\";i:459;s:19:\"/time_types/delete/\";i:460;s:17:\"/time_types/edit/\";i:461;s:18:\"/time_types/index/\";i:462;s:8:\"/titles/\";i:463;s:12:\"/titles/add/\";i:464;s:15:\"/titles/delete/\";i:465;s:13:\"/titles/edit/\";i:466;s:14:\"/titles/index/\";i:467;s:13:\"/user_groups/\";i:468;s:17:\"/user_groups/add/\";i:469;s:20:\"/user_groups/delete/\";i:470;s:18:\"/user_groups/edit/\";i:471;s:19:\"/user_groups/index/\";i:472;s:24:\"/user_groups/list_users/\";i:473;s:25:\"/user_groups/permissions/\";i:474;s:39:\"/user_groups/permissions_list_by_group/\";i:475;s:38:\"/user_groups/permissions_list_by_user/\";i:476;s:37:\"/user_groups/checker_approve_changes/\";i:477;s:49:\"/user_groups/permissions_checker_approve_changes/\";i:478;s:34:\"/user_groups/maker_checker_report/\";i:479;s:46:\"/user_groups/maker_checker_permissions_report/\";i:480;s:31:\"/user_groups/management_report/\";i:481;s:25:\"/user_groups/clone_group/\";i:482;s:7:\"/users/\";i:483;s:27:\"/users/activate_deactivate/\";i:484;s:11:\"/users/add/\";i:485;s:17:\"/users/ban_unban/\";i:486;s:12:\"/users/edit/\";i:487;s:13:\"/users/index/\";i:488;s:24:\"/users/override_privacy/\";i:489;s:21:\"/users/audit_reports/\";i:490;s:31:\"/users/flag_to_change_password/\";i:491;s:28:\"/users/login_history_report/\";i:492;s:32:\"/users/clear_login_history_logs/\";i:493;s:22:\"/users/import_from_ad/\";i:494;s:22:\"/users/ajax_search_ad/\";i:495;s:26:\"/users/ad_test_connection/\";i:496;s:39:\"/users/sync_user_from_active_directory/\";i:497;s:22:\"/users/revoke_api_key/\";i:498;s:31:\"/users/checker_approve_changes/\";i:499;s:57:\"/users/convert_local_directory_users_to_active_directory/\";i:500;s:28:\"/users/maker_checker_report/\";i:501;s:30:\"/users/user_management_report/\";}s:5:\"money\";a:0:{}s:8:\"calendar\";a:1:{i:0;s:0:\"\";}s:8:\"contract\";a:105:{i:0;s:17:\"/applicable_laws/\";i:1;s:21:\"/applicable_laws/add/\";i:2;s:22:\"/applicable_laws/edit/\";i:3;s:23:\"/applicable_laws/index/\";i:4;s:24:\"/applicable_laws/delete/\";i:5;s:17:\"/approval_center/\";i:6;s:21:\"/approval_center/add/\";i:7;s:22:\"/approval_center/edit/\";i:8;s:23:\"/approval_center/index/\";i:9;s:24:\"/approval_center/delete/\";i:10;s:32:\"/approval_center/delete_details/\";i:11;s:21:\"/contract_categories/\";i:12;s:25:\"/contract_categories/add/\";i:13;s:26:\"/contract_categories/edit/\";i:14;s:27:\"/contract_categories/index/\";i:15;s:28:\"/contract_categories/delete/\";i:16;s:28:\"/contract_document_statuses/\";i:17;s:32:\"/contract_document_statuses/add/\";i:18;s:33:\"/contract_document_statuses/edit/\";i:19;s:34:\"/contract_document_statuses/index/\";i:20;s:35:\"/contract_document_statuses/delete/\";i:21;s:25:\"/contract_document_types/\";i:22;s:29:\"/contract_document_types/add/\";i:23;s:30:\"/contract_document_types/edit/\";i:24;s:31:\"/contract_document_types/index/\";i:25;s:32:\"/contract_document_types/delete/\";i:26;s:19:\"/contract_renewals/\";i:27;s:23:\"/contract_renewals/add/\";i:28;s:24:\"/contract_renewals/edit/\";i:29;s:25:\"/contract_renewals/index/\";i:30;s:26:\"/contract_renewals/delete/\";i:31;s:34:\"/contract_request_type_categories/\";i:32;s:40:\"/contract_request_type_categories/index/\";i:33;s:38:\"/contract_request_type_categories/add/\";i:34;s:39:\"/contract_request_type_categories/edit/\";i:35;s:41:\"/contract_request_type_categories/delete/\";i:36;s:19:\"/contract_statuses/\";i:37;s:23:\"/contract_statuses/add/\";i:38;s:24:\"/contract_statuses/edit/\";i:39;s:25:\"/contract_statuses/index/\";i:40;s:26:\"/contract_statuses/delete/\";i:41;s:20:\"/contract_templates/\";i:42;s:24:\"/contract_templates/add/\";i:43;s:25:\"/contract_templates/edit/\";i:44;s:26:\"/contract_templates/index/\";i:45;s:27:\"/contract_templates/delete/\";i:46;s:37:\"/contract_templates/preview_template/\";i:47;s:36:\"/contract_templates/show_hide_in_cp/\";i:48;s:16:\"/contract_types/\";i:49;s:20:\"/contract_types/add/\";i:50;s:21:\"/contract_types/edit/\";i:51;s:22:\"/contract_types/index/\";i:52;s:23:\"/contract_types/delete/\";i:53;s:15:\"/custom_fields/\";i:54;s:19:\"/custom_fields/add/\";i:55;s:20:\"/custom_fields/edit/\";i:56;s:21:\"/custom_fields/index/\";i:57;s:22:\"/custom_fields/delete/\";i:58;s:32:\"/custom_fields/set_fields_order/\";i:59;s:28:\"/export/contract_categories/\";i:60;s:23:\"/export/contract_types/\";i:61;s:25:\"/export/folder_templates/\";i:62;s:26:\"/export/contract_statuses/\";i:63;s:25:\"/export/party_categories/\";i:64;s:35:\"/export/contract_document_statuses/\";i:65;s:24:\"/export/applicable_laws/\";i:66;s:32:\"/export/contract_document_types/\";i:67;s:26:\"/export/contract_renewals/\";i:68;s:22:\"/export/custom_fields/\";i:69;s:41:\"/export/contract_request_type_categories/\";i:70;s:17:\"/customer_portal/\";i:71;s:21:\"/customer_portal/add/\";i:72;s:22:\"/customer_portal/edit/\";i:73;s:25:\"/customer_portal/screens/\";i:74;s:24:\"/customer_portal/delete/\";i:75;s:29:\"/customer_portal/permissions/\";i:76;s:27:\"/customer_portal/show_hide/\";i:77;s:20:\"/contract_workflows/\";i:78;s:24:\"/contract_workflows/add/\";i:79;s:25:\"/contract_workflows/edit/\";i:80;s:26:\"/contract_workflows/index/\";i:81;s:36:\"/contract_workflows/delete_workflow/\";i:82;s:35:\"/contract_workflows/add_transition/\";i:83;s:36:\"/contract_workflows/edit_transition/\";i:84;s:38:\"/contract_workflows/delete_transition/\";i:85;s:44:\"/contract_workflows/view_status_transitions/\";i:86;s:40:\"/contract_workflows/add_workflow_status/\";i:87;s:43:\"/contract_workflows/delete_workflow_status/\";i:88;s:39:\"/contract_workflows/set_as_start_point/\";i:89;s:18:\"/party_categories/\";i:90;s:22:\"/party_categories/add/\";i:91;s:23:\"/party_categories/edit/\";i:92;s:24:\"/party_categories/index/\";i:93;s:25:\"/party_categories/delete/\";i:94;s:18:\"/signature_center/\";i:95;s:22:\"/signature_center/add/\";i:96;s:23:\"/signature_center/edit/\";i:97;s:24:\"/signature_center/index/\";i:98;s:25:\"/signature_center/delete/\";i:99;s:33:\"/signature_center/delete_details/\";i:100;s:20:\"/sub_contract_types/\";i:101;s:24:\"/sub_contract_types/add/\";i:102;s:25:\"/sub_contract_types/edit/\";i:103;s:26:\"/sub_contract_types/index/\";i:104;s:27:\"/sub_contract_types/delete/\";}}'),
 (3,	'a:4:{s:4:\"core\";a:873:{i:0;s:1:\"/\";i:1;s:12:\"/case_types/\";i:2;s:16:\"/case_types/add/\";i:3;s:19:\"/case_types/delete/\";i:4;s:17:\"/case_types/edit/\";i:5;s:18:\"/case_types/index/\";i:6;s:17:\"/provider_groups/\";i:7;s:21:\"/provider_groups/add/\";i:8;s:24:\"/provider_groups/delete/\";i:9;s:22:\"/provider_groups/edit/\";i:10;s:23:\"/provider_groups/index/\";i:11;s:27:\"/provider_groups/quick_add/\";i:12;s:40:\"/provider_groups/quick_add_user_to_team/\";i:13;s:13:\"/assignments/\";i:14;s:19:\"/assignments/cases/\";i:15;s:19:\"/assignments/tasks/\";i:16;s:10:\"/azure_ad/\";i:17;s:16:\"/azure_ad/index/\";i:18;s:29:\"/azure_ad/import_azure_users/\";i:19;s:20:\"/board_member_roles/\";i:20;s:24:\"/board_member_roles/add/\";i:21;s:27:\"/board_member_roles/delete/\";i:22;s:25:\"/board_member_roles/edit/\";i:23;s:26:\"/board_member_roles/index/\";i:24;s:11:\"/calendars/\";i:25;s:15:\"/calendars/add/\";i:26;s:16:\"/calendars/edit/\";i:27;s:18:\"/calendars/delete/\";i:28;s:16:\"/calendars/view/\";i:29;s:11:\"/companies/\";i:30;s:15:\"/companies/add/\";i:31;s:23:\"/companies/add_auditor/\";i:32;s:22:\"/companies/add_lawyer/\";i:33;s:28:\"/companies/add_bank_account/\";i:34;s:28:\"/companies/add_board_member/\";i:35;s:21:\"/companies/asset_add/\";i:36;s:24:\"/companies/asset_delete/\";i:37;s:22:\"/companies/asset_edit/\";i:38;s:22:\"/companies/asset_view/\";i:39;s:20:\"/companies/auditors/\";i:40;s:19:\"/companies/lawyers/\";i:41;s:25:\"/companies/bank_accounts/\";i:42;s:25:\"/companies/container_add/\";i:43;s:28:\"/companies/container_delete/\";i:44;s:26:\"/companies/container_edit/\";i:45;s:27:\"/companies/containers_list/\";i:46;s:26:\"/companies/container_view/\";i:47;s:31:\"/companies/related_company_add/\";i:48;s:37:\"/companies/delete_cg_related_company/\";i:49;s:26:\"/companies/delete_auditor/\";i:50;s:25:\"/companies/delete_lawyer/\";i:51;s:31:\"/companies/delete_bank_account/\";i:52;s:31:\"/companies/delete_board_member/\";i:53;s:21:\"/companies/documents/\";i:54;s:23:\"/companies/upload_file/\";i:55;s:25:\"/companies/create_folder/\";i:56;s:23:\"/companies/rename_file/\";i:57;s:25:\"/companies/rename_folder/\";i:58;s:26:\"/companies/edit_documents/\";i:59;s:24:\"/companies/share_folder/\";i:60;s:25:\"/companies/download_file/\";i:61;s:30:\"/companies/list_file_versions/\";i:62;s:27:\"/companies/delete_document/\";i:63;s:24:\"/companies/document_add/\";i:64;s:27:\"/companies/document_delete/\";i:65;s:25:\"/companies/document_edit/\";i:66;s:16:\"/companies/urls/\";i:67;s:24:\"/companies/edit_auditor/\";i:68;s:23:\"/companies/edit_lawyer/\";i:69;s:29:\"/companies/edit_bank_account/\";i:70;s:29:\"/companies/edit_board_member/\";i:71;s:24:\"/companies/edit_capital/\";i:72;s:17:\"/companies/index/\";i:73;s:26:\"/companies/delete_company/\";i:74;s:23:\"/companies/move_shares/\";i:75;s:28:\"/companies/related_contacts/\";i:76;s:32:\"/companies/related_contacts_add/\";i:77;s:33:\"/companies/related_contacts_edit/\";i:78;s:35:\"/companies/related_contacts_delete/\";i:79;s:25:\"/companies/related_cases/\";i:80;s:28:\"/companies/related_case_add/\";i:81;s:31:\"/companies/related_case_delete/\";i:82;s:29:\"/companies/related_contracts/\";i:83;s:32:\"/companies/related_contract_add/\";i:84;s:35:\"/companies/related_contract_delete/\";i:85;s:21:\"/companies/reminders/\";i:86;s:24:\"/companies/shareholders/\";i:87;s:29:\"/companies/tab_board_members/\";i:88;s:23:\"/companies/tab_company/\";i:89;s:32:\"/companies/show_hide_extra_tabs/\";i:90;s:28:\"/companies/tab_shareholders/\";i:91;s:25:\"/companies/tab_tree_view/\";i:92;s:42:\"/companies/update_until_date_board_member/\";i:93;s:41:\"/companies/company_signature_authorities/\";i:94;s:35:\"/companies/add_signature_authority/\";i:95;s:36:\"/companies/edit_signature_authority/\";i:96;s:38:\"/companies/delete_signature_authority/\";i:97;s:38:\"/companies/capital_visualize_decimals/\";i:98;s:27:\"/companies/social_security/\";i:99;s:31:\"/companies/add_social_security/\";i:100;s:32:\"/companies/edit_social_security/\";i:101;s:34:\"/companies/delete_social_security/\";i:102;s:26:\"/companies/export_to_word/\";i:103;s:23:\"/companies/set_privacy/\";i:104;s:29:\"/companies/generate_document/\";i:105;s:20:\"/companies/add_note/\";i:106;s:21:\"/companies/edit_note/\";i:107;s:23:\"/companies/delete_note/\";i:108;s:29:\"/companies/get_company_notes/\";i:109;s:25:\"/companies/move_document/\";i:110;s:21:\"/company_asset_types/\";i:111;s:25:\"/company_asset_types/add/\";i:112;s:28:\"/company_asset_types/delete/\";i:113;s:26:\"/company_asset_types/edit/\";i:114;s:27:\"/company_asset_types/index/\";i:115;s:27:\"/company_document_statuses/\";i:116;s:31:\"/company_document_statuses/add/\";i:117;s:34:\"/company_document_statuses/delete/\";i:118;s:32:\"/company_document_statuses/edit/\";i:119;s:33:\"/company_document_statuses/index/\";i:120;s:24:\"/company_document_types/\";i:121;s:28:\"/company_document_types/add/\";i:122;s:31:\"/company_document_types/delete/\";i:123;s:29:\"/company_document_types/edit/\";i:124;s:30:\"/company_document_types/index/\";i:125;s:21:\"/company_legal_types/\";i:126;s:25:\"/company_legal_types/add/\";i:127;s:28:\"/company_legal_types/delete/\";i:128;s:26:\"/company_legal_types/edit/\";i:129;s:27:\"/company_legal_types/index/\";i:130;s:28:\"/company_ss_discharge_types/\";i:131;s:32:\"/company_ss_discharge_types/add/\";i:132;s:35:\"/company_ss_discharge_types/delete/\";i:133;s:33:\"/company_ss_discharge_types/edit/\";i:134;s:34:\"/company_ss_discharge_types/index/\";i:135;s:28:\"/contact_company_categories/\";i:136;s:34:\"/contact_company_categories/index/\";i:137;s:32:\"/contact_company_sub_categories/\";i:138;s:36:\"/contact_company_sub_categories/add/\";i:139;s:39:\"/contact_company_sub_categories/delete/\";i:140;s:37:\"/contact_company_sub_categories/edit/\";i:141;s:38:\"/contact_company_sub_categories/index/\";i:142;s:27:\"/contact_document_statuses/\";i:143;s:31:\"/contact_document_statuses/add/\";i:144;s:34:\"/contact_document_statuses/delete/\";i:145;s:32:\"/contact_document_statuses/edit/\";i:146;s:33:\"/contact_document_statuses/index/\";i:147;s:24:\"/contact_document_types/\";i:148;s:28:\"/contact_document_types/add/\";i:149;s:31:\"/contact_document_types/delete/\";i:150;s:29:\"/contact_document_types/edit/\";i:151;s:30:\"/contact_document_types/index/\";i:152;s:10:\"/contacts/\";i:153;s:14:\"/contacts/add/\";i:154;s:15:\"/contacts/edit/\";i:155;s:24:\"/contacts/clone_contact/\";i:156;s:17:\"/contacts/delete/\";i:157;s:20:\"/contacts/documents/\";i:158;s:22:\"/contacts/upload_file/\";i:159;s:24:\"/contacts/create_folder/\";i:160;s:22:\"/contacts/rename_file/\";i:161;s:24:\"/contacts/rename_folder/\";i:162;s:25:\"/contacts/edit_documents/\";i:163;s:23:\"/contacts/share_folder/\";i:164;s:24:\"/contacts/download_file/\";i:165;s:29:\"/contacts/list_file_versions/\";i:166;s:26:\"/contacts/delete_document/\";i:167;s:23:\"/contacts/document_add/\";i:168;s:26:\"/contacts/document_delete/\";i:169;s:24:\"/contacts/document_edit/\";i:170;s:15:\"/contacts/urls/\";i:171;s:16:\"/contacts/index/\";i:172;s:18:\"/contacts/related/\";i:173;s:22:\"/contacts/related_add/\";i:174;s:23:\"/contacts/related_edit/\";i:175;s:24:\"/contacts/related_cases/\";i:176;s:27:\"/contacts/related_case_add/\";i:177;s:30:\"/contacts/related_case_delete/\";i:178;s:28:\"/contacts/related_contracts/\";i:179;s:31:\"/contacts/related_contract_add/\";i:180;s:34:\"/contacts/related_contract_delete/\";i:181;s:22:\"/contacts/set_privacy/\";i:182;s:28:\"/contacts/generate_document/\";i:183;s:24:\"/contacts/move_document/\";i:184;s:28:\"/contacts/related_reminders/\";i:185;s:15:\"/court_degrees/\";i:186;s:19:\"/court_degrees/add/\";i:187;s:22:\"/court_degrees/delete/\";i:188;s:20:\"/court_degrees/edit/\";i:189;s:21:\"/court_degrees/index/\";i:190;s:15:\"/court_regions/\";i:191;s:19:\"/court_regions/add/\";i:192;s:22:\"/court_regions/delete/\";i:193;s:20:\"/court_regions/edit/\";i:194;s:21:\"/court_regions/index/\";i:195;s:13:\"/court_types/\";i:196;s:17:\"/court_types/add/\";i:197;s:20:\"/court_types/delete/\";i:198;s:18:\"/court_types/edit/\";i:199;s:19:\"/court_types/index/\";i:200;s:8:\"/courts/\";i:201;s:12:\"/courts/add/\";i:202;s:15:\"/courts/delete/\";i:203;s:13:\"/courts/edit/\";i:204;s:14:\"/courts/index/\";i:205;s:15:\"/custom_fields/\";i:206;s:21:\"/custom_fields/cases/\";i:207;s:25:\"/custom_fields/companies/\";i:208;s:24:\"/custom_fields/contacts/\";i:209;s:29:\"/custom_fields/company_asset/\";i:210;s:21:\"/custom_fields/tasks/\";i:211;s:19:\"/custom_fields/add/\";i:212;s:22:\"/custom_fields/delete/\";i:213;s:20:\"/custom_fields/edit/\";i:214;s:32:\"/custom_fields/set_fields_order/\";i:215;s:11:\"/dashboard/\";i:216;s:22:\"/dashboard/management/\";i:217;s:32:\"/dashboard/litigation_dashboard/\";i:218;s:43:\"/dashboard/export_litigation_dashboard_pdf/\";i:219;s:39:\"/dashboard/litigation_dashboard_config/\";i:220;s:35:\"/dashboard/time_tracking_dashboard/\";i:221;s:46:\"/dashboard/export_time_tracking_dashboard_pdf/\";i:222;s:17:\"/dashboard/admin/\";i:223;s:29:\"/dashboard/case_board_config/\";i:224;s:23:\"/dashboard/case_boards/\";i:225;s:17:\"/dashboard/cases/\";i:226;s:24:\"/dashboard/cases_result/\";i:227;s:29:\"/dashboard/task_board_config/\";i:228;s:23:\"/dashboard/task_boards/\";i:229;s:17:\"/dashboard/tasks/\";i:230;s:24:\"/dashboard/tasks_result/\";i:231;s:33:\"/dashboard/widget_save_dashboard/\";i:232;s:42:\"/dashboard/case_board_save_search_filters/\";i:233;s:42:\"/dashboard/task_board_save_search_filters/\";i:234;s:43:\"/dashboard/case_board_delete_saved_reports/\";i:235;s:43:\"/dashboard/task_board_delete_saved_reports/\";i:236;s:6:\"/docs/\";i:237;s:12:\"/docs/index/\";i:238;s:18:\"/docs/upload_file/\";i:239;s:20:\"/docs/create_folder/\";i:240;s:18:\"/docs/rename_file/\";i:241;s:20:\"/docs/rename_folder/\";i:242;s:21:\"/docs/edit_documents/\";i:243;s:19:\"/docs/share_folder/\";i:244;s:20:\"/docs/download_file/\";i:245;s:25:\"/docs/list_file_versions/\";i:246;s:22:\"/docs/delete_document/\";i:247;s:24:\"/docs/generate_document/\";i:248;s:20:\"/docs/move_document/\";i:249;s:20:\"/document_generator/\";i:250;s:26:\"/document_generator/index/\";i:251;s:8:\"/export/\";i:252;s:22:\"/export/activity_logs/\";i:253;s:22:\"/export/case_expenses/\";i:254;s:23:\"/export/case_reminders/\";i:255;s:28:\"/export/case_stages_history/\";i:256;s:32:\"/export/companies_assets_report/\";i:257;s:23:\"/export/company_assets/\";i:258;s:32:\"/export/company_related_matters/\";i:259;s:27:\"/export/case_time_tracking/\";i:260;s:21:\"/export/legal_matter/\";i:261;s:24:\"/export/litigation_case/\";i:262;s:20:\"/export/case_events/\";i:263;s:25:\"/export/cases_containers/\";i:264;s:18:\"/export/companies/\";i:265;s:33:\"/export/company_related_contacts/\";i:266;s:30:\"/export/company_related_cases/\";i:267;s:26:\"/export/company_reminders/\";i:268;s:30:\"/export/contact_related_cases/\";i:269;s:17:\"/export/contacts/\";i:270;s:22:\"/export/list_hearings/\";i:271;s:14:\"/export/tasks/\";i:272;s:18:\"/export/reminders/\";i:273;s:14:\"/export/users/\";i:274;s:20:\"/export/users_audit/\";i:275;s:25:\"/export/users_management/\";i:276;s:20:\"/export/user_groups/\";i:277;s:35:\"/export/maker_checker_users_report/\";i:278;s:41:\"/export/maker_checker_user_groups_report/\";i:279;s:53:\"/export/maker_checker_user_groups_permissions_report/\";i:280;s:15:\"/export/courts/\";i:281;s:25:\"/export/case_value_tiers/\";i:282;s:23:\"/export/cases_by_tiers/\";i:283;s:36:\"/export/case_values_per_client_name/\";i:284;s:42:\"/export/case_values_per_client_name_micro/\";i:285;s:36:\"/export/export_advanced_case_report/\";i:286;s:38:\"/export/company_signature_authorities/\";i:287;s:25:\"/export/seniority_levels/\";i:288;s:34:\"/export/case_audit_report_history/\";i:289;s:20:\"/export/case_boards/\";i:290;s:30:\"/export/case_client_positions/\";i:291;s:27:\"/export/case_company_roles/\";i:292;s:27:\"/export/case_contact_roles/\";i:293;s:32:\"/export/case_container_statuses/\";i:294;s:38:\"/export/case_document_classifications/\";i:295;s:31:\"/export/case_document_statuses/\";i:296;s:28:\"/export/case_document_types/\";i:297;s:20:\"/export/case_stages/\";i:298;s:19:\"/export/case_types/\";i:299;s:38:\"/export/companies_per_ss_expiry_dates/\";i:300;s:28:\"/export/company_asset_types/\";i:301;s:34:\"/export/company_document_statuses/\";i:302;s:31:\"/export/company_document_types/\";i:303;s:28:\"/export/company_legal_types/\";i:304;s:29:\"/export/company_member_roles/\";i:305;s:35:\"/export/company_ss_discharge_types/\";i:306;s:35:\"/export/contact_company_categories/\";i:307;s:39:\"/export/contact_company_sub_categories/\";i:308;s:34:\"/export/contact_document_statuses/\";i:309;s:31:\"/export/contact_document_types/\";i:310;s:22:\"/export/court_degrees/\";i:311;s:22:\"/export/court_regions/\";i:312;s:20:\"/export/court_types/\";i:313;s:22:\"/export/custom_fields/\";i:314;s:29:\"/export/login_history_report/\";i:315;s:24:\"/export/provider_groups/\";i:316;s:23:\"/export/reminder_types/\";i:317;s:20:\"/export/task_boards/\";i:318;s:23:\"/export/task_locations/\";i:319;s:22:\"/export/task_statuses/\";i:320;s:19:\"/export/task_types/\";i:321;s:19:\"/export/time_types/\";i:322;s:15:\"/export/titles/\";i:323;s:17:\"/export/workflow/\";i:324;s:35:\"/export/case_success_probabilities/\";i:325;s:30:\"/export/customer_portal_users/\";i:326;s:37:\"/export/hearings_roll_session_report/\";i:327;s:33:\"/export/manage_non_business_days/\";i:328;s:23:\"/export/sla_management/\";i:329;s:30:\"/export/intellectual_property/\";i:330;s:33:\"/export/ip_petitions_oppositions/\";i:331;s:39:\"/export/intellectual_property_expenses/\";i:332;s:37:\"/export/intellectual_property_rights/\";i:333;s:19:\"/export/ip_classes/\";i:334;s:17:\"/export/ip_names/\";i:335;s:20:\"/export/ip_statuses/\";i:336;s:25:\"/export/ip_subcategories/\";i:337;s:23:\"/export/shares_by_date/\";i:338;s:25:\"/export/shares_by_holder/\";i:339;s:26:\"/export/shareholder_votes/\";i:340;s:33:\"/export/export_time_tracking_kpi/\";i:341;s:39:\"/export/export_time_tracking_kpi_micro/\";i:342;s:30:\"/export/time_tracking_kpi_pdf/\";i:343;s:31:\"/export/tracking_kpi_micro_pdf/\";i:344;s:37:\"/export/ip_petition_opposition_types/\";i:345;s:20:\"/export/event_types/\";i:346;s:22:\"/export/task_workflow/\";i:347;s:30:\"/export/case_folder_templates/\";i:348;s:32:\"/export/case_opponent_positions/\";i:349;s:47:\"/export/legal_case_container_document_statuses/\";i:350;s:44:\"/export/legal_case_container_document_types/\";i:351;s:26:\"/hearing_report_generator/\";i:352;s:32:\"/hearing_report_generator/index/\";i:353;s:15:\"/hearing_types/\";i:354;s:19:\"/hearing_types/add/\";i:355;s:20:\"/hearing_types/edit/\";i:356;s:21:\"/hearing_types/index/\";i:357;s:22:\"/hearing_types/delete/\";i:358;s:13:\"/import_data/\";i:359;s:22:\"/import_data/contacts/\";i:360;s:40:\"/import_data/download_contacts_template/\";i:361;s:39:\"/import_data/download_ignored_contacts/\";i:362;s:23:\"/import_data/companies/\";i:363;s:41:\"/import_data/download_companies_template/\";i:364;s:40:\"/import_data/download_ignored_companies/\";i:365;s:30:\"/import_data/litigation_cases/\";i:366;s:48:\"/import_data/download_litigation_cases_template/\";i:367;s:47:\"/import_data/download_ignored_litigation_cases/\";i:368;s:31:\"/import_data/corporate_matters/\";i:369;s:49:\"/import_data/download_corporate_matters_template/\";i:370;s:48:\"/import_data/download_ignored_corporate_matters/\";i:371;s:37:\"/import_data/intellectual_properties/\";i:372;s:55:\"/import_data/download_intellectual_properties_template/\";i:373;s:54:\"/import_data/download_ignored_intellectual_properties/\";i:374;s:31:\"/import_data/matter_containers/\";i:375;s:49:\"/import_data/download_matter_containers_template/\";i:376;s:48:\"/import_data/download_ignored_matter_containers/\";i:377;s:19:\"/import_data/tasks/\";i:378;s:37:\"/import_data/download_tasks_template/\";i:379;s:36:\"/import_data/download_ignored_tasks/\";i:380;s:14:\"/integrations/\";i:381;s:20:\"/integrations/index/\";i:382;s:25:\"/intellectual_properties/\";i:383;s:29:\"/intellectual_properties/add/\";i:384;s:30:\"/intellectual_properties/edit/\";i:385;s:45:\"/intellectual_properties/load_client_widgets/\";i:386;s:31:\"/intellectual_properties/index/\";i:387;s:32:\"/intellectual_properties/delete/\";i:388;s:34:\"/intellectual_properties/renewals/\";i:389;s:47:\"/intellectual_properties/petitions_oppositions/\";i:390;s:49:\"/intellectual_properties/petition_opposition_add/\";i:391;s:50:\"/intellectual_properties/petition_opposition_edit/\";i:392;s:52:\"/intellectual_properties/petition_opposition_delete/\";i:393;s:35:\"/intellectual_properties/documents/\";i:394;s:43:\"/intellectual_properties/generate_document/\";i:395;s:37:\"/intellectual_properties/upload_file/\";i:396;s:39:\"/intellectual_properties/create_folder/\";i:397;s:37:\"/intellectual_properties/rename_file/\";i:398;s:39:\"/intellectual_properties/rename_folder/\";i:399;s:40:\"/intellectual_properties/edit_documents/\";i:400;s:38:\"/intellectual_properties/share_folder/\";i:401;s:39:\"/intellectual_properties/download_file/\";i:402;s:44:\"/intellectual_properties/list_file_versions/\";i:403;s:41:\"/intellectual_properties/delete_document/\";i:404;s:30:\"/intellectual_properties/urls/\";i:405;s:38:\"/intellectual_properties/document_add/\";i:406;s:39:\"/intellectual_properties/document_edit/\";i:407;s:41:\"/intellectual_properties/document_delete/\";i:408;s:31:\"/intellectual_properties/tasks/\";i:409;s:34:\"/intellectual_properties/expenses/\";i:410;s:67:\"/intellectual_properties/set_time_tracking_billable_default_status/\";i:411;s:35:\"/intellectual_properties/time_logs/\";i:412;s:45:\"/intellectual_properties/user_rates_per_hour/\";i:413;s:39:\"/intellectual_properties/user_rate_add/\";i:414;s:40:\"/intellectual_properties/user_rate_edit/\";i:415;s:42:\"/intellectual_properties/delete_user_rate/\";i:416;s:33:\"/intellectual_properties/related/\";i:417;s:37:\"/intellectual_properties/related_add/\";i:418;s:38:\"/intellectual_properties/related_edit/\";i:419;s:40:\"/intellectual_properties/related_delete/\";i:420;s:40:\"/intellectual_properties/export_to_word/\";i:421;s:39:\"/intellectual_properties/move_document/\";i:422;s:12:\"/ip_classes/\";i:423;s:16:\"/ip_classes/add/\";i:424;s:17:\"/ip_classes/edit/\";i:425;s:18:\"/ip_classes/index/\";i:426;s:19:\"/ip_classes/delete/\";i:427;s:10:\"/ip_names/\";i:428;s:14:\"/ip_names/add/\";i:429;s:15:\"/ip_names/edit/\";i:430;s:16:\"/ip_names/index/\";i:431;s:17:\"/ip_names/delete/\";i:432;s:30:\"/intellectual_property_rights/\";i:433;s:34:\"/intellectual_property_rights/add/\";i:434;s:35:\"/intellectual_property_rights/edit/\";i:435;s:36:\"/intellectual_property_rights/index/\";i:436;s:37:\"/intellectual_property_rights/delete/\";i:437;s:13:\"/ip_statuses/\";i:438;s:17:\"/ip_statuses/add/\";i:439;s:18:\"/ip_statuses/edit/\";i:440;s:19:\"/ip_statuses/index/\";i:441;s:20:\"/ip_statuses/delete/\";i:442;s:18:\"/ip_subcategories/\";i:443;s:22:\"/ip_subcategories/add/\";i:444;s:23:\"/ip_subcategories/edit/\";i:445;s:24:\"/ip_subcategories/index/\";i:446;s:25:\"/ip_subcategories/delete/\";i:447;s:11:\"/look_feel/\";i:448;s:17:\"/look_feel/index/\";i:449;s:13:\"/maintenance/\";i:450;s:20:\"/maintenance/backup/\";i:451;s:17:\"/customer_portal/\";i:452;s:23:\"/customer_portal/users/\";i:453;s:26:\"/customer_portal/user_add/\";i:454;s:27:\"/customer_portal/user_edit/\";i:455;s:42:\"/customer_portal/user_activate_deactivate/\";i:456;s:27:\"/customer_portal/ban_unban/\";i:457;s:30:\"/customer_portal/user_migrate/\";i:458;s:37:\"/customer_portal/user_import_from_ad/\";i:459;s:44:\"/customer_portal/users_ad_search_by_account/\";i:460;s:37:\"/customer_portal/users_ad_search_all/\";i:461;s:32:\"/customer_portal/portal_screens/\";i:462;s:35:\"/customer_portal/portal_screen_add/\";i:463;s:36:\"/customer_portal/portal_screen_edit/\";i:464;s:36:\"/customer_portal/portal_screen_copy/\";i:465;s:38:\"/customer_portal/portal_screen_delete/\";i:466;s:36:\"/customer_portal/portal_permissions/\";i:467;s:41:\"/customer_portal/portal_screen_show_hide/\";i:468;s:40:\"/customer_portal/customers_by_companies/\";i:469;s:17:\"/license_manager/\";i:470;s:25:\"/license_manager/install/\";i:471;s:26:\"/manage_non_business_days/\";i:472;s:32:\"/manage_non_business_days/index/\";i:473;s:30:\"/manage_non_business_days/add/\";i:474;s:31:\"/manage_non_business_days/edit/\";i:475;s:33:\"/manage_non_business_days/delete/\";i:476;s:16:\"/task_workflows/\";i:477;s:29:\"/task_workflows/add_workflow/\";i:478;s:30:\"/task_workflows/edit_workflow/\";i:479;s:22:\"/task_workflows/index/\";i:480;s:32:\"/task_workflows/delete_workflow/\";i:481;s:36:\"/task_workflows/add_workflow_status/\";i:482;s:31:\"/task_workflows/add_transition/\";i:483;s:32:\"/task_workflows/edit_transition/\";i:484;s:34:\"/task_workflows/delete_transition/\";i:485;s:40:\"/task_workflows/view_status_transitions/\";i:486;s:41:\"/task_workflows/delete_status_transition/\";i:487;s:39:\"/task_workflows/delete_workflow_status/\";i:488;s:35:\"/task_workflows/set_as_start_point/\";i:489;s:18:\"/manage_workflows/\";i:490;s:22:\"/manage_workflows/add/\";i:491;s:23:\"/manage_workflows/edit/\";i:492;s:27:\"/manage_workflows/statuses/\";i:493;s:29:\"/manage_workflows/add_status/\";i:494;s:30:\"/manage_workflows/edit_status/\";i:495;s:40:\"/manage_workflows/add_status_transition/\";i:496;s:42:\"/manage_workflows/list_status_transitions/\";i:497;s:41:\"/manage_workflows/edit_status_transition/\";i:498;s:42:\"/manage_workflows/view_status_transitions/\";i:499;s:43:\"/manage_workflows/delete_status_transition/\";i:500;s:32:\"/manage_workflows/delete_status/\";i:501;s:39:\"/manage_workflows/list_all_transitions/\";i:502;s:34:\"/manage_workflows/delete_workflow/\";i:503;s:38:\"/manage_workflows/add_workflow_status/\";i:504;s:41:\"/manage_workflows/delete_workflow_status/\";i:505;s:37:\"/manage_workflows/set_as_start_point/\";i:506;s:32:\"/manage_workflows/statuses_list/\";i:507;s:23:\"/case_client_positions/\";i:508;s:27:\"/case_client_positions/add/\";i:509;s:30:\"/case_client_positions/delete/\";i:510;s:28:\"/case_client_positions/edit/\";i:511;s:29:\"/case_client_positions/index/\";i:512;s:20:\"/case_company_roles/\";i:513;s:24:\"/case_company_roles/add/\";i:514;s:27:\"/case_company_roles/delete/\";i:515;s:25:\"/case_company_roles/edit/\";i:516;s:26:\"/case_company_roles/index/\";i:517;s:20:\"/case_contact_roles/\";i:518;s:24:\"/case_contact_roles/add/\";i:519;s:27:\"/case_contact_roles/delete/\";i:520;s:25:\"/case_contact_roles/edit/\";i:521;s:26:\"/case_contact_roles/index/\";i:522;s:40:\"/legal_case_container_document_statuses/\";i:523;s:44:\"/legal_case_container_document_statuses/add/\";i:524;s:47:\"/legal_case_container_document_statuses/delete/\";i:525;s:45:\"/legal_case_container_document_statuses/edit/\";i:526;s:46:\"/legal_case_container_document_statuses/index/\";i:527;s:37:\"/legal_case_container_document_types/\";i:528;s:41:\"/legal_case_container_document_types/add/\";i:529;s:44:\"/legal_case_container_document_types/delete/\";i:530;s:42:\"/legal_case_container_document_types/edit/\";i:531;s:43:\"/legal_case_container_document_types/index/\";i:532;s:25:\"/case_container_statuses/\";i:533;s:29:\"/case_container_statuses/add/\";i:534;s:32:\"/case_container_statuses/delete/\";i:535;s:30:\"/case_container_statuses/edit/\";i:536;s:31:\"/case_container_statuses/index/\";i:537;s:17:\"/case_containers/\";i:538;s:21:\"/case_containers/add/\";i:539;s:22:\"/case_containers/edit/\";i:540;s:23:\"/case_containers/index/\";i:541;s:31:\"/case_containers/add_container/\";i:542;s:51:\"/case_containers/return_related_containers_details/\";i:543;s:32:\"/case_containers/export_to_word/\";i:544;s:24:\"/case_containers/delete/\";i:545;s:43:\"/case_containers/show_hide_container_in_cp/\";i:546;s:42:\"/case_containers/show_hide_document_in_cp/\";i:547;s:27:\"/case_containers/documents/\";i:548;s:29:\"/case_containers/upload_file/\";i:549;s:31:\"/case_containers/create_folder/\";i:550;s:29:\"/case_containers/rename_file/\";i:551;s:31:\"/case_containers/rename_folder/\";i:552;s:32:\"/case_containers/edit_documents/\";i:553;s:30:\"/case_containers/share_folder/\";i:554;s:31:\"/case_containers/download_file/\";i:555;s:36:\"/case_containers/list_file_versions/\";i:556;s:33:\"/case_containers/delete_document/\";i:557;s:30:\"/case_containers/document_add/\";i:558;s:33:\"/case_containers/document_delete/\";i:559;s:31:\"/case_containers/document_edit/\";i:560;s:22:\"/case_containers/urls/\";i:561;s:35:\"/case_containers/generate_document/\";i:562;s:31:\"/case_containers/move_document/\";i:563;s:31:\"/case_document_classifications/\";i:564;s:35:\"/case_document_classifications/add/\";i:565;s:38:\"/case_document_classifications/delete/\";i:566;s:36:\"/case_document_classifications/edit/\";i:567;s:37:\"/case_document_classifications/index/\";i:568;s:24:\"/case_document_statuses/\";i:569;s:28:\"/case_document_statuses/add/\";i:570;s:31:\"/case_document_statuses/delete/\";i:571;s:29:\"/case_document_statuses/edit/\";i:572;s:30:\"/case_document_statuses/index/\";i:573;s:21:\"/case_document_types/\";i:574;s:25:\"/case_document_types/add/\";i:575;s:28:\"/case_document_types/delete/\";i:576;s:26:\"/case_document_types/edit/\";i:577;s:27:\"/case_document_types/index/\";i:578;s:24:\"/legal_case_event_types/\";i:579;s:28:\"/legal_case_event_types/add/\";i:580;s:31:\"/legal_case_event_types/delete/\";i:581;s:29:\"/legal_case_event_types/edit/\";i:582;s:30:\"/legal_case_event_types/index/\";i:583;s:23:\"/case_folder_templates/\";i:584;s:29:\"/case_folder_templates/index/\";i:585;s:28:\"/case_folder_templates/edit/\";i:586;s:30:\"/case_folder_templates/delete/\";i:587;s:13:\"/case_stages/\";i:588;s:17:\"/case_stages/add/\";i:589;s:20:\"/case_stages/delete/\";i:590;s:18:\"/case_stages/edit/\";i:591;s:19:\"/case_stages/index/\";i:592;s:28:\"/case_success_probabilities/\";i:593;s:32:\"/case_success_probabilities/add/\";i:594;s:35:\"/case_success_probabilities/delete/\";i:595;s:33:\"/case_success_probabilities/edit/\";i:596;s:34:\"/case_success_probabilities/index/\";i:597;s:7:\"/cases/\";i:598;s:22:\"/cases/add_litigation/\";i:599;s:24:\"/cases/add_legal_matter/\";i:600;s:19:\"/cases/add_comment/\";i:601;s:31:\"/cases/archive_unarchive_cases/\";i:602;s:32:\"/cases/show_hide_document_in_cp/\";i:603;s:24:\"/cases/case_commissions/\";i:604;s:17:\"/cases/container/\";i:605;s:34:\"/cases/convert_case_to_litigation/\";i:606;s:17:\"/cases/documents/\";i:607;s:19:\"/cases/upload_file/\";i:608;s:21:\"/cases/create_folder/\";i:609;s:19:\"/cases/rename_file/\";i:610;s:21:\"/cases/rename_folder/\";i:611;s:22:\"/cases/edit_documents/\";i:612;s:20:\"/cases/share_folder/\";i:613;s:21:\"/cases/download_file/\";i:614;s:26:\"/cases/list_file_versions/\";i:615;s:23:\"/cases/delete_document/\";i:616;s:20:\"/cases/document_add/\";i:617;s:23:\"/cases/document_delete/\";i:618;s:21:\"/cases/document_edit/\";i:619;s:12:\"/cases/urls/\";i:620;s:12:\"/cases/edit/\";i:621;s:27:\"/cases/load_client_widgets/\";i:622;s:19:\"/cases/delete_case/\";i:623;s:20:\"/cases/edit_comment/\";i:624;s:22:\"/cases/delete_comment/\";i:625;s:16:\"/cases/expenses/\";i:626;s:22:\"/cases/export_to_word/\";i:627;s:24:\"/cases/get_all_comments/\";i:628;s:36:\"/cases/get_all_core_and_cp_comments/\";i:629;s:30:\"/cases/get_all_email_comments/\";i:630;s:28:\"/cases/delete_email_comment/\";i:631;s:16:\"/cases/hearings/\";i:632;s:20:\"/cases/legal_matter/\";i:633;s:30:\"/cases/hearing_export_to_word/\";i:634;s:27:\"/cases/delete_case_hearing/\";i:635;s:39:\"/cases/generate_hearing_summary_report/\";i:636;s:31:\"/cases/change_litigation_stage/\";i:637;s:18:\"/cases/litigation/\";i:638;s:23:\"/cases/litigation_case/\";i:639;s:15:\"/cases/related/\";i:640;s:19:\"/cases/related_add/\";i:641;s:20:\"/cases/related_edit/\";i:642;s:22:\"/cases/related_delete/\";i:643;s:17:\"/cases/reminders/\";i:644;s:44:\"/cases/set_expenses_billable_default_status/\";i:645;s:49:\"/cases/set_time_tracking_billable_default_status/\";i:646;s:13:\"/cases/tasks/\";i:647;s:17:\"/cases/time_logs/\";i:648;s:22:\"/cases/bulk_edit_time/\";i:649;s:27:\"/cases/user_rates_per_hour/\";i:650;s:22:\"/cases/user_rate_edit/\";i:651;s:21:\"/cases/user_rate_add/\";i:652;s:24:\"/cases/delete_user_rate/\";i:653;s:33:\"/cases/fetch_case_stages_history/\";i:654;s:31:\"/cases/edit_case_stage_history/\";i:655;s:33:\"/cases/delete_case_stage_history/\";i:656;s:34:\"/cases/fetch_audit_report_history/\";i:657;s:30:\"/cases/show_sla_working_hours/\";i:658;s:19:\"/cases/set_privacy/\";i:659;s:14:\"/cases/events/\";i:660;s:26:\"/cases/return_events_html/\";i:661;s:17:\"/cases/add_event/\";i:662;s:26:\"/cases/add_reminder_event/\";i:663;s:18:\"/cases/edit_event/\";i:664;s:20:\"/cases/delete_event/\";i:665;s:25:\"/cases/generate_document/\";i:666;s:21:\"/cases/move_document/\";i:667;s:21:\"/cases/add_case_rate/\";i:668;s:34:\"/cases/inline_grid_edit_case_rate/\";i:669;s:21:\"/cases/get_case_rate/\";i:670;s:24:\"/cases/delete_case_rate/\";i:671;s:43:\"/cases/show_hide_matter_in_customer_portal/\";i:672;s:13:\"/event_types/\";i:673;s:17:\"/event_types/add/\";i:674;s:18:\"/event_types/edit/\";i:675;s:20:\"/event_types/delete/\";i:676;s:19:\"/event_types/index/\";i:677;s:25:\"/case_opponent_positions/\";i:678;s:31:\"/case_opponent_positions/index/\";i:679;s:29:\"/case_opponent_positions/add/\";i:680;s:30:\"/case_opponent_positions/edit/\";i:681;s:32:\"/case_opponent_positions/delete/\";i:682;s:24:\"/outlook_configurations/\";i:683;s:30:\"/outlook_configurations/index/\";i:684;s:30:\"/ip_petition_opposition_types/\";i:685;s:34:\"/ip_petition_opposition_types/add/\";i:686;s:35:\"/ip_petition_opposition_types/edit/\";i:687;s:36:\"/ip_petition_opposition_types/index/\";i:688;s:37:\"/ip_petition_opposition_types/delete/\";i:689;s:18:\"/preferred_shares/\";i:690;s:22:\"/preferred_shares/add/\";i:691;s:25:\"/preferred_shares/delete/\";i:692;s:23:\"/preferred_shares/edit/\";i:693;s:42:\"/preferred_shares/get_company_shares_grid/\";i:694;s:24:\"/preferred_shares/index/\";i:695;s:16:\"/reminder_types/\";i:696;s:20:\"/reminder_types/add/\";i:697;s:23:\"/reminder_types/delete/\";i:698;s:21:\"/reminder_types/edit/\";i:699;s:22:\"/reminder_types/index/\";i:700;s:11:\"/reminders/\";i:701;s:15:\"/reminders/add/\";i:702;s:18:\"/reminders/delete/\";i:703;s:19:\"/reminders/dismiss/\";i:704;s:16:\"/reminders/edit/\";i:705;s:30:\"/reminders/show_all_reminders/\";i:706;s:20:\"/reminders/postpone/\";i:707;s:9:\"/reports/\";i:708;s:29:\"/reports/board_member_finder/\";i:709;s:26:\"/reports/companies_assets/\";i:710;s:28:\"/reports/case_other_reports/\";i:711;s:41:\"/reports/cases_per_assignee_per_due_date/\";i:712;s:39:\"/reports/cases_per_assignee_per_status/\";i:713;s:40:\"/reports/cases_per_company_per_assignee/\";i:714;s:36:\"/reports/cases_per_company_per_role/\";i:715;s:40:\"/reports/cases_per_contact_per_assignee/\";i:716;s:36:\"/reports/cases_per_contact_per_role/\";i:717;s:46:\"/reports/cases_per_external_lawyer_per_status/\";i:718;s:40:\"/reports/company_shareholders_tree_view/\";i:719;s:33:\"/reports/company_related_matters/\";i:720;s:41:\"/reports/contacts_per_group_of_companies/\";i:721;s:30:\"/reports/conflict_of_interset/\";i:722;s:42:\"/reports/export_conflict_of_interest_word/\";i:723;s:30:\"/reports/advanced_case_report/\";i:724;s:15:\"/reports/index/\";i:725;s:27:\"/reports/shareholder_votes/\";i:726;s:29:\"/reports/shareholders_finder/\";i:727;s:24:\"/reports/shares_by_date/\";i:728;s:26:\"/reports/shares_by_holder/\";i:729;s:31:\"/reports/time_tracking_by_case/\";i:730;s:26:\"/reports/case_value_tiers/\";i:731;s:32:\"/reports/case_value_tiers_chart/\";i:732;s:24:\"/reports/cases_by_tiers/\";i:733;s:36:\"/reports/case_value_tiers_configure/\";i:734;s:37:\"/reports/case_values_per_client_name/\";i:735;s:43:\"/reports/case_values_per_client_name_micro/\";i:736;s:43:\"/reports/case_values_per_client_name_chart/\";i:737;s:24:\"/reports/report_builder/\";i:738;s:29:\"/reports/report_builder_view/\";i:739;s:29:\"/reports/report_builder_save/\";i:740;s:39:\"/reports/companies_per_ss_expiry_dates/\";i:741;s:36:\"/reports/time_tracking_by_seniority/\";i:742;s:44:\"/reports/export_time_tracking_seniority_pdf/\";i:743;s:27:\"/reports/time_tracking_kpi/\";i:744;s:33:\"/reports/time_tracking_kpi_micro/\";i:745;s:38:\"/reports/hearings_roll_session_report/\";i:746;s:34:\"/reports/hearings_pending_updates/\";i:747;s:38:\"/reports/hearings_pending_updates_pdf/\";i:748;s:43:\"/reports/hearings_pending_updates_settings/\";i:749;s:39:\"/reports/sla_met_vs_breached_bar_chart/\";i:750;s:39:\"/reports/export_shares_by_date_to_word/\";i:751;s:34:\"/reports/shares_by_holder_to_word/\";i:752;s:35:\"/reports/shareholder_votes_to_word/\";i:753;s:40:\"/reports/hearing_roll_session_per_court/\";i:754;s:44:\"/reports/hearing_roll_session_per_court_pdf/\";i:755;s:49:\"/reports/hearing_roll_session_per_court_settings/\";i:756;s:27:\"/reports/task_roll_session/\";i:757;s:31:\"/reports/task_roll_session_pdf/\";i:758;s:36:\"/reports/task_roll_session_settings/\";i:759;s:13:\"/reports/sla/\";i:760;s:17:\"/reports/sla_pdf/\";i:761;s:16:\"/sla_management/\";i:762;s:20:\"/sla_management/add/\";i:763;s:23:\"/sla_management/delete/\";i:764;s:21:\"/sla_management/edit/\";i:765;s:22:\"/sla_management/index/\";i:766;s:20:\"/grid_saved_filters/\";i:767;s:24:\"/grid_saved_filters/add/\";i:768;s:35:\"/grid_saved_filters/manage_filters/\";i:769;s:25:\"/grid_saved_filters/edit/\";i:770;s:32:\"/grid_saved_filters/update_data/\";i:771;s:27:\"/grid_saved_filters/delete/\";i:772;s:30:\"/grid_saved_filters/load_data/\";i:773;s:18:\"/seniority_levels/\";i:774;s:22:\"/seniority_levels/add/\";i:775;s:25:\"/seniority_levels/delete/\";i:776;s:23:\"/seniority_levels/edit/\";i:777;s:24:\"/seniority_levels/index/\";i:778;s:17:\"/share_movements/\";i:779;s:30:\"/share_movements/purge_delete/\";i:780;s:28:\"/share_movements/purge_edit/\";i:781;s:16:\"/stage_statuses/\";i:782;s:20:\"/stage_statuses/add/\";i:783;s:21:\"/stage_statuses/edit/\";i:784;s:22:\"/stage_statuses/index/\";i:785;s:23:\"/stage_statuses/delete/\";i:786;s:14:\"/subscription/\";i:787;s:24:\"/subscription/subscribe/\";i:788;s:22:\"/subscription/details/\";i:789;s:26:\"/subscription/adjust_plan/\";i:790;s:26:\"/subscription/update_card/\";i:791;s:23:\"/subscription/add_user/\";i:792;s:20:\"/system_preferences/\";i:793;s:26:\"/system_preferences/index/\";i:794;s:38:\"/system_preferences/save_system_value/\";i:795;s:46:\"/system_preferences/email_test_configurations/\";i:796;s:46:\"/system_preferences/email_notification_scheme/\";i:797;s:16:\"/task_locations/\";i:798;s:20:\"/task_locations/add/\";i:799;s:23:\"/task_locations/delete/\";i:800;s:21:\"/task_locations/edit/\";i:801;s:22:\"/task_locations/index/\";i:802;s:15:\"/task_statuses/\";i:803;s:19:\"/task_statuses/add/\";i:804;s:22:\"/task_statuses/delete/\";i:805;s:20:\"/task_statuses/edit/\";i:806;s:21:\"/task_statuses/index/\";i:807;s:12:\"/task_types/\";i:808;s:16:\"/task_types/add/\";i:809;s:19:\"/task_types/delete/\";i:810;s:17:\"/task_types/edit/\";i:811;s:18:\"/task_types/index/\";i:812;s:7:\"/tasks/\";i:813;s:11:\"/tasks/add/\";i:814;s:31:\"/tasks/archive_unarchive_tasks/\";i:815;s:14:\"/tasks/delete/\";i:816;s:12:\"/tasks/edit/\";i:817;s:12:\"/tasks/view/\";i:818;s:17:\"/tasks/all_tasks/\";i:819;s:29:\"/tasks/location_autocomplete/\";i:820;s:15:\"/time_tracking/\";i:821;s:19:\"/time_tracking/add/\";i:822;s:22:\"/time_tracking/delete/\";i:823;s:20:\"/time_tracking/edit/\";i:824;s:30:\"/time_tracking/bulk_edit_time/\";i:825;s:29:\"/time_tracking/all_time_logs/\";i:826;s:12:\"/time_types/\";i:827;s:16:\"/time_types/add/\";i:828;s:19:\"/time_types/delete/\";i:829;s:17:\"/time_types/edit/\";i:830;s:18:\"/time_types/index/\";i:831;s:8:\"/titles/\";i:832;s:12:\"/titles/add/\";i:833;s:15:\"/titles/delete/\";i:834;s:13:\"/titles/edit/\";i:835;s:14:\"/titles/index/\";i:836;s:8:\"/search/\";i:837;s:18:\"/search/universal/\";i:838;s:13:\"/user_groups/\";i:839;s:17:\"/user_groups/add/\";i:840;s:20:\"/user_groups/delete/\";i:841;s:18:\"/user_groups/edit/\";i:842;s:19:\"/user_groups/index/\";i:843;s:24:\"/user_groups/list_users/\";i:844;s:25:\"/user_groups/permissions/\";i:845;s:39:\"/user_groups/permissions_list_by_group/\";i:846;s:38:\"/user_groups/permissions_list_by_user/\";i:847;s:37:\"/user_groups/checker_approve_changes/\";i:848;s:49:\"/user_groups/permissions_checker_approve_changes/\";i:849;s:34:\"/user_groups/maker_checker_report/\";i:850;s:46:\"/user_groups/maker_checker_permissions_report/\";i:851;s:31:\"/user_groups/management_report/\";i:852;s:25:\"/user_groups/clone_group/\";i:853;s:7:\"/users/\";i:854;s:27:\"/users/activate_deactivate/\";i:855;s:11:\"/users/add/\";i:856;s:17:\"/users/ban_unban/\";i:857;s:12:\"/users/edit/\";i:858;s:13:\"/users/index/\";i:859;s:24:\"/users/override_privacy/\";i:860;s:21:\"/users/audit_reports/\";i:861;s:31:\"/users/flag_to_change_password/\";i:862;s:28:\"/users/login_history_report/\";i:863;s:32:\"/users/clear_login_history_logs/\";i:864;s:22:\"/users/import_from_ad/\";i:865;s:22:\"/users/ajax_search_ad/\";i:866;s:26:\"/users/ad_test_connection/\";i:867;s:39:\"/users/sync_user_from_active_directory/\";i:868;s:22:\"/users/revoke_api_key/\";i:869;s:31:\"/users/checker_approve_changes/\";i:870;s:57:\"/users/convert_local_directory_users_to_active_directory/\";i:871;s:28:\"/users/maker_checker_report/\";i:872;s:30:\"/users/user_management_report/\";}s:5:\"money\";a:255:{i:0;s:1:\"/\";i:1;s:10:\"/accounts/\";i:2;s:14:\"/accounts/add/\";i:3;s:25:\"/accounts/delete_account/\";i:4;s:15:\"/accounts/edit/\";i:5;s:16:\"/accounts/index/\";i:6;s:20:\"/accounts/quick_add/\";i:7;s:21:\"/accounts/quick_edit/\";i:8;s:28:\"/accounts/show_transactions/\";i:9;s:18:\"/accounts/clients/\";i:10;s:19:\"/accounts/partners/\";i:11;s:20:\"/accounts/suppliers/\";i:12;s:26:\"/accounts/export_to_excel/\";i:13;s:34:\"/accounts/export_clients_to_excel/\";i:14;s:35:\"/accounts/export_partners_to_excel/\";i:15;s:36:\"/accounts/export_suppliers_to_excel/\";i:16;s:25:\"/accounts/money_transfer/\";i:17;s:32:\"/accounts/add_cash_bank_account/\";i:18;s:36:\"/accounts/set_account_number_prefix/\";i:19;s:9:\"/clients/\";i:20;s:13:\"/clients/add/\";i:21;s:24:\"/clients/client_details/\";i:22;s:25:\"/clients/export_to_excel/\";i:23;s:15:\"/clients/index/\";i:24;s:27:\"/clients/account_statement/\";i:25;s:21:\"/clients/add_deposit/\";i:26;s:22:\"/clients/edit_deposit/\";i:27;s:24:\"/clients/delete_deposit/\";i:28;s:18:\"/clients/deposits/\";i:29;s:34:\"/clients/export_deposits_to_excel/\";i:30;s:17:\"/money_dashboard/\";i:31;s:23:\"/money_dashboard/index/\";i:32;s:11:\"/discounts/\";i:33;s:15:\"/discounts/add/\";i:34;s:16:\"/discounts/edit/\";i:35;s:17:\"/discounts/index/\";i:36;s:15:\"/organizations/\";i:37;s:19:\"/organizations/add/\";i:38;s:29:\"/organizations/change_status/\";i:39;s:20:\"/organizations/edit/\";i:40;s:21:\"/organizations/index/\";i:41;s:32:\"/organization_invoice_templates/\";i:42;s:38:\"/organization_invoice_templates/index/\";i:43;s:37:\"/organization_invoice_templates/save/\";i:44;s:39:\"/organization_invoice_templates/delete/\";i:45;s:20:\"/expense_categories/\";i:46;s:24:\"/expense_categories/add/\";i:47;s:25:\"/expense_categories/edit/\";i:48;s:26:\"/expense_categories/index/\";i:49;s:24:\"/import_entity_settings/\";i:50;s:30:\"/import_entity_settings/index/\";i:51;s:23:\"/invoice_detail_format/\";i:52;s:29:\"/invoice_detail_format/index/\";i:53;s:43:\"/invoice_detail_format/cover_page_template/\";i:54;s:47:\"/invoice_detail_format/cover_page_template_add/\";i:55;s:48:\"/invoice_detail_format/cover_page_template_edit/\";i:56;s:50:\"/invoice_detail_format/delete_cover_page_template/\";i:57;s:32:\"/invoice_detail_format/get_logo/\";i:58;s:33:\"/invoice_detail_format/look_feel/\";i:59;s:15:\"/invoice_notes/\";i:60;s:19:\"/invoice_notes/add/\";i:61;s:20:\"/invoice_notes/edit/\";i:62;s:22:\"/invoice_notes/delete/\";i:63;s:21:\"/invoice_notes/index/\";i:64;s:7:\"/items/\";i:65;s:11:\"/items/add/\";i:66;s:12:\"/items/edit/\";i:67;s:21:\"/items/get_sub_items/\";i:68;s:13:\"/items/index/\";i:69;s:19:\"/money_preferences/\";i:70;s:25:\"/money_preferences/index/\";i:71;s:37:\"/money_preferences/save_system_value/\";i:72;s:10:\"/partners/\";i:73;s:14:\"/partners/add/\";i:74;s:26:\"/partners/partner_details/\";i:75;s:26:\"/partners/export_to_excel/\";i:76;s:16:\"/partners/index/\";i:77;s:9:\"/reports/\";i:78;s:23:\"/reports/balance_sheet/\";i:79;s:36:\"/reports/export_excel_balance_sheet/\";i:80;s:35:\"/reports/export_word_balance_sheet/\";i:81;s:18:\"/reports/expenses/\";i:82;s:44:\"/reports/export_excel_statement_of_expenses/\";i:83;s:43:\"/reports/export_word_statement_of_expenses/\";i:84;s:15:\"/reports/index/\";i:85;s:19:\"/reports/statement/\";i:86;s:32:\"/reports/export_excel_statement/\";i:87;s:39:\"/reports/export_word_account_statement/\";i:88;s:26:\"/reports/client_statement/\";i:89;s:39:\"/reports/export_excel_client_statement/\";i:90;s:38:\"/reports/export_word_client_statement/\";i:91;s:23:\"/reports/trial_balance/\";i:92;s:36:\"/reports/export_excel_trial_balance/\";i:93;s:35:\"/reports/export_word_trial_balance/\";i:94;s:49:\"/reports/judgment_value_vs_case_value_per_client/\";i:95;s:55:\"/reports/judgment_value_vs_case_value_per_client_micro/\";i:96;s:55:\"/reports/judgment_value_vs_case_value_per_client_chart/\";i:97;s:62:\"/reports/export_excel_judgment_value_vs_case_value_per_client/\";i:98;s:68:\"/reports/export_excel_judgment_value_vs_case_value_per_client_micro/\";i:99;s:34:\"/reports/case_expenses_per_client/\";i:100;s:40:\"/reports/case_expenses_per_client_micro/\";i:101;s:40:\"/reports/case_expenses_per_client_chart/\";i:102;s:47:\"/reports/export_excel_case_expenses_per_client/\";i:103;s:53:\"/reports/export_excel_case_expenses_per_client_micro/\";i:104;s:26:\"/reports/income_statement/\";i:105;s:39:\"/reports/export_excel_income_statement/\";i:106;s:38:\"/reports/export_word_income_statement/\";i:107;s:7:\"/setup/\";i:108;s:13:\"/setup/index/\";i:109;s:37:\"/setup/rate_between_money_currencies/\";i:110;s:29:\"/setup/invoice_number_prefix/\";i:111;s:35:\"/setup/time_tracking_sales_account/\";i:112;s:37:\"/setup/global_partner_shares_account/\";i:113;s:28:\"/setup/partners_commissions/\";i:114;s:25:\"/setup/set_trust_account/\";i:115;s:16:\"/supplier_taxes/\";i:116;s:20:\"/supplier_taxes/add/\";i:117;s:21:\"/supplier_taxes/edit/\";i:118;s:22:\"/supplier_taxes/index/\";i:119;s:9:\"/vendors/\";i:120;s:13:\"/vendors/add/\";i:121;s:25:\"/vendors/export_to_excel/\";i:122;s:15:\"/vendors/index/\";i:123;s:24:\"/vendors/vendor_details/\";i:124;s:7:\"/taxes/\";i:125;s:11:\"/taxes/add/\";i:126;s:12:\"/taxes/edit/\";i:127;s:13:\"/taxes/index/\";i:128;s:7:\"/terms/\";i:129;s:11:\"/terms/add/\";i:130;s:12:\"/terms/edit/\";i:131;s:13:\"/terms/index/\";i:132;s:15:\"/time_tracking/\";i:133;s:19:\"/time_tracking/add/\";i:134;s:22:\"/time_tracking/delete/\";i:135;s:20:\"/time_tracking/edit/\";i:136;s:31:\"/time_tracking/export_to_excel/\";i:137;s:21:\"/time_tracking/index/\";i:138;s:12:\"/users_rate/\";i:139;s:18:\"/users_rate/index/\";i:140;s:22:\"/users_rate/rate_edit/\";i:141;s:10:\"/vouchers/\";i:142;s:19:\"/vouchers/bill_add/\";i:143;s:20:\"/vouchers/bill_edit/\";i:144;s:31:\"/vouchers/bill_export_to_excel/\";i:145;s:33:\"/vouchers/bill_related_documents/\";i:146;s:27:\"/vouchers/bill_upload_file/\";i:147;s:27:\"/vouchers/bill_rename_file/\";i:148;s:30:\"/vouchers/bill_edit_documents/\";i:149;s:29:\"/vouchers/bill_download_file/\";i:150;s:31:\"/vouchers/bill_delete_document/\";i:151;s:27:\"/vouchers/bill_payment_add/\";i:152;s:30:\"/vouchers/bill_payment_delete/\";i:153;s:28:\"/vouchers/bill_payment_edit/\";i:154;s:29:\"/vouchers/bill_payment_print/\";i:155;s:29:\"/vouchers/bill_payments_made/\";i:156;s:37:\"/vouchers/bill_payment_download_file/\";i:157;s:21:\"/vouchers/bills_list/\";i:158;s:29:\"/vouchers/bills_bulk_payment/\";i:159;s:22:\"/vouchers/delete_bill/\";i:160;s:22:\"/vouchers/invoice_add/\";i:161;s:23:\"/vouchers/invoice_edit/\";i:162;s:25:\"/vouchers/cancel_invoice/\";i:163;s:34:\"/vouchers/convert_invoice_to_open/\";i:164;s:32:\"/vouchers/export_invoice_to_pdf/\";i:165;s:34:\"/vouchers/invoice_export_to_excel/\";i:166;s:33:\"/vouchers/invoice_export_options/\";i:167;s:36:\"/vouchers/invoice_related_documents/\";i:168;s:30:\"/vouchers/invoice_upload_file/\";i:169;s:30:\"/vouchers/invoice_rename_file/\";i:170;s:33:\"/vouchers/invoice_edit_documents/\";i:171;s:32:\"/vouchers/invoice_download_file/\";i:172;s:34:\"/vouchers/invoice_delete_document/\";i:173;s:30:\"/vouchers/invoice_payment_add/\";i:174;s:33:\"/vouchers/invoice_payment_delete/\";i:175;s:31:\"/vouchers/invoice_payment_edit/\";i:176;s:32:\"/vouchers/invoice_payment_print/\";i:177;s:32:\"/vouchers/invoice_payments_made/\";i:178;s:33:\"/vouchers/invoice_template_print/\";i:179;s:40:\"/vouchers/invoice_payment_download_file/\";i:180;s:31:\"/vouchers/set_invoice_as_draft/\";i:181;s:32:\"/vouchers/change_invoice_number/\";i:182;s:26:\"/vouchers/invoice_details/\";i:183;s:24:\"/vouchers/invoices_list/\";i:184;s:33:\"/vouchers/invoice_details_export/\";i:185;s:39:\"/vouchers/invoice_details_export_excel/\";i:186;s:33:\"/vouchers/payment_export_options/\";i:187;s:44:\"/vouchers/add_invoice_hide_unhide_item_date/\";i:188;s:45:\"/vouchers/edit_invoice_hide_unhide_item_date/\";i:189;s:25:\"/vouchers/delete_invoice/\";i:190;s:22:\"/vouchers/expense_add/\";i:191;s:25:\"/vouchers/expense_delete/\";i:192;s:23:\"/vouchers/expense_edit/\";i:193;s:28:\"/vouchers/case_expenses_add/\";i:194;s:29:\"/vouchers/event_expenses_add/\";i:195;s:31:\"/vouchers/hearing_expenses_add/\";i:196;s:28:\"/vouchers/task_expenses_add/\";i:197;s:39:\"/vouchers/get_expense_accounts_by_type/\";i:198;s:32:\"/vouchers/change_expense_status/\";i:199;s:34:\"/vouchers/expense_export_to_excel/\";i:200;s:36:\"/vouchers/expense_related_documents/\";i:201;s:30:\"/vouchers/expense_upload_file/\";i:202;s:30:\"/vouchers/expense_rename_file/\";i:203;s:33:\"/vouchers/expense_edit_documents/\";i:204;s:32:\"/vouchers/expense_download_file/\";i:205;s:34:\"/vouchers/expense_delete_document/\";i:206;s:24:\"/vouchers/expenses_list/\";i:207;s:38:\"/vouchers/move_expense_status_to_open/\";i:208;s:42:\"/vouchers/move_expense_status_to_approved/\";i:209;s:48:\"/vouchers/move_expense_status_to_needs_revision/\";i:210;s:43:\"/vouchers/move_expense_status_to_cancelled/\";i:211;s:45:\"/vouchers/bulk_change_expense_status_to_open/\";i:212;s:49:\"/vouchers/bulk_change_expense_status_to_approved/\";i:213;s:28:\"/vouchers/get_expense_notes/\";i:214;s:22:\"/vouchers/journal_add/\";i:215;s:25:\"/vouchers/journal_delete/\";i:216;s:23:\"/vouchers/journal_edit/\";i:217;s:24:\"/vouchers/journal_print/\";i:218;s:24:\"/vouchers/journals_list/\";i:219;s:40:\"/vouchers/settlement_of_partner_account/\";i:220;s:32:\"/vouchers/invoice_edit_hide_tax/\";i:221;s:34:\"/vouchers/invoice_edit_unhide_tax/\";i:222;s:37:\"/vouchers/invoice_edit_hide_discount/\";i:223;s:39:\"/vouchers/invoice_edit_unhide_discount/\";i:224;s:38:\"/vouchers/invoice_add_hide_unhide_tax/\";i:225;s:43:\"/vouchers/invoice_add_hide_unhide_discount/\";i:226;s:29:\"/vouchers/bill_edit_hide_tax/\";i:227;s:31:\"/vouchers/bill_edit_unhide_tax/\";i:228;s:36:\"/vouchers/bills_add_hide_unhide_tax/\";i:229;s:34:\"/vouchers/petty_cash_user_mapping/\";i:230;s:39:\"/vouchers/petty_cash_user_mapping_edit/\";i:231;s:50:\"/vouchers/petty_case_user_mapping_export_to_excel/\";i:232;s:42:\"/vouchers/add_quote_hide_unhide_item_date/\";i:233;s:43:\"/vouchers/edit_quote_hide_unhide_item_date/\";i:234;s:41:\"/vouchers/quote_add_hide_unhide_discount/\";i:235;s:36:\"/vouchers/quote_add_hide_unhide_tax/\";i:236;s:35:\"/vouchers/quote_edit_hide_discount/\";i:237;s:37:\"/vouchers/quote_edit_unhide_discount/\";i:238;s:30:\"/vouchers/quote_edit_hide_tax/\";i:239;s:32:\"/vouchers/quote_edit_unhide_tax/\";i:240;s:35:\"/vouchers/convert_quote_to_invoice/\";i:241;s:23:\"/vouchers/delete_quote/\";i:242;s:26:\"/vouchers/get_quote_notes/\";i:243;s:31:\"/vouchers/move_quote_status_to/\";i:244;s:20:\"/vouchers/quote_add/\";i:245;s:21:\"/vouchers/quote_edit/\";i:246;s:22:\"/vouchers/quotes_list/\";i:247;s:32:\"/vouchers/quote_export_to_excel/\";i:248;s:31:\"/vouchers/quote_export_to_word/\";i:249;s:32:\"/vouchers/quote_delete_document/\";i:250;s:30:\"/vouchers/quote_download_file/\";i:251;s:34:\"/vouchers/quote_related_documents/\";i:252;s:28:\"/vouchers/quote_rename_file/\";i:253;s:28:\"/vouchers/quote_upload_file/\";i:254;s:31:\"/vouchers/quote_edit_documents/\";}s:8:\"calendar\";a:1:{i:0;s:1:\"/\";}s:8:\"contract\";a:163:{i:0;s:1:\"/\";i:1;s:17:\"/applicable_laws/\";i:2;s:21:\"/applicable_laws/add/\";i:3;s:22:\"/applicable_laws/edit/\";i:4;s:23:\"/applicable_laws/index/\";i:5;s:24:\"/applicable_laws/delete/\";i:6;s:17:\"/approval_center/\";i:7;s:21:\"/approval_center/add/\";i:8;s:22:\"/approval_center/edit/\";i:9;s:23:\"/approval_center/index/\";i:10;s:24:\"/approval_center/delete/\";i:11;s:38:\"/approval_center/save_contract_status/\";i:12;s:32:\"/approval_center/delete_details/\";i:13;s:21:\"/contract_categories/\";i:14;s:25:\"/contract_categories/add/\";i:15;s:26:\"/contract_categories/edit/\";i:16;s:27:\"/contract_categories/index/\";i:17;s:28:\"/contract_categories/delete/\";i:18;s:9:\"/clauses/\";i:19;s:13:\"/clauses/add/\";i:20;s:14:\"/clauses/edit/\";i:21;s:15:\"/clauses/index/\";i:22;s:16:\"/clauses/delete/\";i:23;s:28:\"/contract_document_statuses/\";i:24;s:32:\"/contract_document_statuses/add/\";i:25;s:33:\"/contract_document_statuses/edit/\";i:26;s:34:\"/contract_document_statuses/index/\";i:27;s:35:\"/contract_document_statuses/delete/\";i:28;s:25:\"/contract_document_types/\";i:29;s:29:\"/contract_document_types/add/\";i:30;s:30:\"/contract_document_types/edit/\";i:31;s:31:\"/contract_document_types/index/\";i:32;s:32:\"/contract_document_types/delete/\";i:33;s:19:\"/contract_renewals/\";i:34;s:23:\"/contract_renewals/add/\";i:35;s:24:\"/contract_renewals/edit/\";i:36;s:25:\"/contract_renewals/index/\";i:37;s:26:\"/contract_renewals/delete/\";i:38;s:19:\"/contract_statuses/\";i:39;s:23:\"/contract_statuses/add/\";i:40;s:24:\"/contract_statuses/edit/\";i:41;s:25:\"/contract_statuses/index/\";i:42;s:26:\"/contract_statuses/delete/\";i:43;s:16:\"/contract_types/\";i:44;s:20:\"/contract_types/add/\";i:45;s:21:\"/contract_types/edit/\";i:46;s:22:\"/contract_types/index/\";i:47;s:23:\"/contract_types/delete/\";i:48;s:11:\"/contracts/\";i:49;s:15:\"/contracts/add/\";i:50;s:16:\"/contracts/edit/\";i:51;s:16:\"/contracts/view/\";i:52;s:17:\"/contracts/index/\";i:53;s:31:\"/contracts/activate_deactivate/\";i:54;s:18:\"/contracts/delete/\";i:55;s:17:\"/contracts/amend/\";i:56;s:23:\"/contracts/set_privacy/\";i:57;s:36:\"/contracts/show_hide_document_in_cp/\";i:58;s:35:\"/contracts/show_in_customer_portal/\";i:59;s:35:\"/contracts/hide_in_customer_portal/\";i:60;s:45:\"/contracts/add_signature_signee_per_contract/\";i:61;s:31:\"/contracts/awaiting_signatures/\";i:62;s:38:\"/contracts/delete_signee_per_contract/\";i:63;s:46:\"/contracts/edit_signature_signee_per_contract/\";i:64;s:33:\"/contracts/load_signed_documents/\";i:65;s:35:\"/contracts/move_file_to_signed_tab/\";i:66;s:29:\"/contracts/related_contracts/\";i:67;s:32:\"/contracts/related_contract_add/\";i:68;s:33:\"/contracts/related_contract_edit/\";i:69;s:35:\"/contracts/related_contract_delete/\";i:70;s:29:\"/contracts/related_reminders/\";i:71;s:25:\"/contracts/related_tasks/\";i:72;s:17:\"/contracts/renew/\";i:73;s:23:\"/contracts/save_as_pdf/\";i:74;s:29:\"/contracts/sign_contract_doc/\";i:75;s:28:\"/contracts/signature_center/\";i:76;s:27:\"/contracts/approval_center/\";i:77;s:37:\"/contracts/add_approver_per_contract/\";i:78;s:38:\"/contracts/edit_approver_per_contract/\";i:79;s:40:\"/contracts/delete_approver_per_contract/\";i:80;s:32:\"/contracts/approve_all_contract/\";i:81;s:31:\"/contracts/submit_for_approval/\";i:82;s:23:\"/contracts/add_comment/\";i:83;s:24:\"/contracts/edit_comment/\";i:84;s:26:\"/contracts/delete_comment/\";i:85;s:20:\"/contracts/comments/\";i:86;s:21:\"/contracts/documents/\";i:87;s:25:\"/contracts/move_document/\";i:88;s:23:\"/contracts/upload_file/\";i:89;s:25:\"/contracts/create_folder/\";i:90;s:23:\"/contracts/rename_file/\";i:91;s:25:\"/contracts/rename_folder/\";i:92;s:26:\"/contracts/edit_documents/\";i:93;s:29:\"/contracts/generate_document/\";i:94;s:24:\"/contracts/share_folder/\";i:95;s:25:\"/contracts/download_file/\";i:96;s:30:\"/contracts/list_file_versions/\";i:97;s:27:\"/contracts/delete_document/\";i:98;s:16:\"/contracts/urls/\";i:99;s:19:\"/contracts/add_url/\";i:100;s:20:\"/contracts/edit_url/\";i:101;s:22:\"/contracts/delete_url/\";i:102;s:30:\"/contracts/awaiting_approvals/\";i:103;s:15:\"/custom_fields/\";i:104;s:19:\"/custom_fields/add/\";i:105;s:20:\"/custom_fields/edit/\";i:106;s:21:\"/custom_fields/index/\";i:107;s:22:\"/custom_fields/delete/\";i:108;s:32:\"/custom_fields/set_fields_order/\";i:109;s:11:\"/dashboard/\";i:110;s:17:\"/dashboard/index/\";i:111;s:22:\"/docusign_integration/\";i:112;s:38:\"/docusign_integration/request_to_sign/\";i:113;s:36:\"/docusign_integration/sign_contract/\";i:114;s:8:\"/export/\";i:115;s:28:\"/export/awaiting_signatures/\";i:116;s:41:\"/export/export_to_excel_approval_history/\";i:117;s:42:\"/export/export_to_excel_signature_history/\";i:118;s:40:\"/export/export_to_word_approval_history/\";i:119;s:40:\"/export/export_to_word_contract_details/\";i:120;s:41:\"/export/export_to_word_signature_history/\";i:121;s:27:\"/export/awaiting_approvals/\";i:122;s:28:\"/export/contract_categories/\";i:123;s:23:\"/export/contract_types/\";i:124;s:26:\"/export/contract_statuses/\";i:125;s:25:\"/export/party_categories/\";i:126;s:35:\"/export/contract_document_statuses/\";i:127;s:24:\"/export/applicable_laws/\";i:128;s:32:\"/export/contract_approval_sheet/\";i:129;s:32:\"/export/contract_document_types/\";i:130;s:26:\"/export/contract_renewals/\";i:131;s:22:\"/export/custom_fields/\";i:132;s:18:\"/export/contracts/\";i:133;s:17:\"/customer_portal/\";i:134;s:21:\"/customer_portal/add/\";i:135;s:22:\"/customer_portal/edit/\";i:136;s:25:\"/customer_portal/screens/\";i:137;s:24:\"/customer_portal/delete/\";i:138;s:29:\"/customer_portal/permissions/\";i:139;s:27:\"/customer_portal/show_hide/\";i:140;s:20:\"/contract_workflows/\";i:141;s:24:\"/contract_workflows/add/\";i:142;s:25:\"/contract_workflows/edit/\";i:143;s:26:\"/contract_workflows/index/\";i:144;s:36:\"/contract_workflows/delete_workflow/\";i:145;s:35:\"/contract_workflows/add_transition/\";i:146;s:36:\"/contract_workflows/edit_transition/\";i:147;s:38:\"/contract_workflows/delete_transition/\";i:148;s:44:\"/contract_workflows/view_status_transitions/\";i:149;s:40:\"/contract_workflows/add_workflow_status/\";i:150;s:43:\"/contract_workflows/delete_workflow_status/\";i:151;s:39:\"/contract_workflows/set_as_start_point/\";i:152;s:18:\"/party_categories/\";i:153;s:22:\"/party_categories/add/\";i:154;s:23:\"/party_categories/edit/\";i:155;s:24:\"/party_categories/index/\";i:156;s:25:\"/party_categories/delete/\";i:157;s:18:\"/signature_center/\";i:158;s:22:\"/signature_center/add/\";i:159;s:23:\"/signature_center/edit/\";i:160;s:24:\"/signature_center/index/\";i:161;s:25:\"/signature_center/delete/\";i:162;s:33:\"/signature_center/delete_details/\";}}'),
 (4,	'a:4:{s:4:\"core\";a:330:{i:0;s:15:\"/companies/add/\";i:1;s:23:\"/companies/add_auditor/\";i:2;s:22:\"/companies/add_lawyer/\";i:3;s:28:\"/companies/add_bank_account/\";i:4;s:28:\"/companies/add_board_member/\";i:5;s:21:\"/companies/asset_add/\";i:6;s:22:\"/companies/asset_edit/\";i:7;s:22:\"/companies/asset_view/\";i:8;s:20:\"/companies/auditors/\";i:9;s:19:\"/companies/lawyers/\";i:10;s:25:\"/companies/bank_accounts/\";i:11;s:25:\"/companies/container_add/\";i:12;s:26:\"/companies/container_edit/\";i:13;s:27:\"/companies/containers_list/\";i:14;s:26:\"/companies/container_view/\";i:15;s:31:\"/companies/related_company_add/\";i:16;s:21:\"/companies/documents/\";i:17;s:23:\"/companies/upload_file/\";i:18;s:25:\"/companies/create_folder/\";i:19;s:23:\"/companies/rename_file/\";i:20;s:25:\"/companies/rename_folder/\";i:21;s:28:\"/companies/upload_directory/\";i:22;s:34:\"/companies/download_docs_zip_file/\";i:23;s:26:\"/companies/edit_documents/\";i:24;s:24:\"/companies/share_folder/\";i:25;s:25:\"/companies/download_file/\";i:26;s:28:\"/companies/preview_document/\";i:27;s:30:\"/companies/list_file_versions/\";i:28;s:24:\"/companies/document_add/\";i:29;s:25:\"/companies/document_edit/\";i:30;s:16:\"/companies/urls/\";i:31;s:24:\"/companies/edit_auditor/\";i:32;s:23:\"/companies/edit_lawyer/\";i:33;s:29:\"/companies/edit_bank_account/\";i:34;s:29:\"/companies/edit_board_member/\";i:35;s:24:\"/companies/edit_capital/\";i:36;s:17:\"/companies/index/\";i:37;s:23:\"/companies/move_shares/\";i:38;s:28:\"/companies/related_contacts/\";i:39;s:32:\"/companies/related_contacts_add/\";i:40;s:33:\"/companies/related_contacts_edit/\";i:41;s:25:\"/companies/related_cases/\";i:42;s:28:\"/companies/related_case_add/\";i:43;s:29:\"/companies/related_contracts/\";i:44;s:32:\"/companies/related_contract_add/\";i:45;s:21:\"/companies/reminders/\";i:46;s:24:\"/companies/shareholders/\";i:47;s:29:\"/companies/tab_board_members/\";i:48;s:23:\"/companies/tab_company/\";i:49;s:32:\"/companies/show_hide_extra_tabs/\";i:50;s:34:\"/companies/entity_data_management/\";i:51;s:41:\"/companies/entity_data_management_submit/\";i:52;s:28:\"/companies/tab_shareholders/\";i:53;s:25:\"/companies/tab_tree_view/\";i:54;s:42:\"/companies/update_until_date_board_member/\";i:55;s:41:\"/companies/company_signature_authorities/\";i:56;s:35:\"/companies/add_signature_authority/\";i:57;s:36:\"/companies/edit_signature_authority/\";i:58;s:38:\"/companies/capital_visualize_decimals/\";i:59;s:27:\"/companies/social_security/\";i:60;s:31:\"/companies/add_social_security/\";i:61;s:32:\"/companies/edit_social_security/\";i:62;s:23:\"/companies/set_privacy/\";i:63;s:29:\"/companies/generate_document/\";i:64;s:20:\"/companies/add_note/\";i:65;s:21:\"/companies/edit_note/\";i:66;s:29:\"/companies/get_company_notes/\";i:67;s:14:\"/contacts/add/\";i:68;s:15:\"/contacts/edit/\";i:69;s:24:\"/contacts/clone_contact/\";i:70;s:20:\"/contacts/documents/\";i:71;s:22:\"/contacts/upload_file/\";i:72;s:24:\"/contacts/create_folder/\";i:73;s:22:\"/contacts/rename_file/\";i:74;s:24:\"/contacts/rename_folder/\";i:75;s:27:\"/contacts/upload_directory/\";i:76;s:33:\"/contacts/download_docs_zip_file/\";i:77;s:25:\"/contacts/edit_documents/\";i:78;s:23:\"/contacts/share_folder/\";i:79;s:24:\"/contacts/download_file/\";i:80;s:27:\"/contacts/preview_document/\";i:81;s:29:\"/contacts/list_file_versions/\";i:82;s:23:\"/contacts/document_add/\";i:83;s:24:\"/contacts/document_edit/\";i:84;s:15:\"/contacts/urls/\";i:85;s:16:\"/contacts/index/\";i:86;s:18:\"/contacts/related/\";i:87;s:22:\"/contacts/related_add/\";i:88;s:23:\"/contacts/related_edit/\";i:89;s:24:\"/contacts/related_cases/\";i:90;s:27:\"/contacts/related_case_add/\";i:91;s:28:\"/contacts/related_contracts/\";i:92;s:31:\"/contacts/related_contract_add/\";i:93;s:22:\"/contacts/set_privacy/\";i:94;s:28:\"/contacts/generate_document/\";i:95;s:28:\"/contacts/related_reminders/\";i:96;s:17:\"/dashboard/cases/\";i:97;s:24:\"/dashboard/cases_result/\";i:98;s:21:\"/dashboard/archiving/\";i:99;s:17:\"/dashboard/tasks/\";i:100;s:24:\"/dashboard/tasks_result/\";i:101;s:26:\"/dashboard/archiving_task/\";i:102;s:33:\"/dashboard/widget_save_dashboard/\";i:103;s:42:\"/dashboard/case_board_save_search_filters/\";i:104;s:42:\"/dashboard/task_board_save_search_filters/\";i:105;s:12:\"/docs/index/\";i:106;s:18:\"/docs/upload_file/\";i:107;s:20:\"/docs/create_folder/\";i:108;s:18:\"/docs/rename_file/\";i:109;s:20:\"/docs/rename_folder/\";i:110;s:23:\"/docs/upload_directory/\";i:111;s:29:\"/docs/download_docs_zip_file/\";i:112;s:21:\"/docs/edit_documents/\";i:113;s:19:\"/docs/share_folder/\";i:114;s:20:\"/docs/download_file/\";i:115;s:23:\"/docs/preview_document/\";i:116;s:25:\"/docs/list_file_versions/\";i:117;s:24:\"/docs/generate_document/\";i:118;s:11:\"/docs/urls/\";i:119;s:19:\"/docs/document_add/\";i:120;s:20:\"/docs/document_edit/\";i:121;s:29:\"/intellectual_properties/add/\";i:122;s:30:\"/intellectual_properties/edit/\";i:123;s:31:\"/intellectual_properties/index/\";i:124;s:34:\"/intellectual_properties/renewals/\";i:125;s:47:\"/intellectual_properties/petitions_oppositions/\";i:126;s:49:\"/intellectual_properties/petition_opposition_add/\";i:127;s:50:\"/intellectual_properties/petition_opposition_edit/\";i:128;s:35:\"/intellectual_properties/documents/\";i:129;s:37:\"/intellectual_properties/upload_file/\";i:130;s:39:\"/intellectual_properties/create_folder/\";i:131;s:37:\"/intellectual_properties/rename_file/\";i:132;s:39:\"/intellectual_properties/rename_folder/\";i:133;s:42:\"/intellectual_properties/upload_directory/\";i:134;s:40:\"/intellectual_properties/edit_documents/\";i:135;s:38:\"/intellectual_properties/share_folder/\";i:136;s:39:\"/intellectual_properties/download_file/\";i:137;s:42:\"/intellectual_properties/preview_document/\";i:138;s:44:\"/intellectual_properties/list_file_versions/\";i:139;s:30:\"/intellectual_properties/urls/\";i:140;s:38:\"/intellectual_properties/document_add/\";i:141;s:39:\"/intellectual_properties/document_edit/\";i:142;s:31:\"/intellectual_properties/tasks/\";i:143;s:34:\"/intellectual_properties/expenses/\";i:144;s:67:\"/intellectual_properties/set_time_tracking_billable_default_status/\";i:145;s:35:\"/intellectual_properties/time_logs/\";i:146;s:45:\"/intellectual_properties/user_rates_per_hour/\";i:147;s:39:\"/intellectual_properties/user_rate_add/\";i:148;s:40:\"/intellectual_properties/user_rate_edit/\";i:149;s:33:\"/intellectual_properties/related/\";i:150;s:37:\"/intellectual_properties/related_add/\";i:151;s:38:\"/intellectual_properties/related_edit/\";i:152;s:21:\"/case_containers/add/\";i:153;s:22:\"/case_containers/edit/\";i:154;s:23:\"/case_containers/index/\";i:155;s:31:\"/case_containers/add_container/\";i:156;s:51:\"/case_containers/return_related_containers_details/\";i:157;s:43:\"/case_containers/show_hide_container_in_cp/\";i:158;s:42:\"/case_containers/show_hide_document_in_cp/\";i:159;s:27:\"/case_containers/documents/\";i:160;s:29:\"/case_containers/upload_file/\";i:161;s:31:\"/case_containers/create_folder/\";i:162;s:29:\"/case_containers/rename_file/\";i:163;s:31:\"/case_containers/rename_folder/\";i:164;s:32:\"/case_containers/edit_documents/\";i:165;s:30:\"/case_containers/share_folder/\";i:166;s:31:\"/case_containers/download_file/\";i:167;s:34:\"/case_containers/preview_document/\";i:168;s:36:\"/case_containers/list_file_versions/\";i:169;s:30:\"/case_containers/document_add/\";i:170;s:31:\"/case_containers/document_edit/\";i:171;s:22:\"/case_containers/urls/\";i:172;s:35:\"/case_containers/generate_document/\";i:173;s:31:\"/case_containers/move_document/\";i:174;s:22:\"/cases/add_litigation/\";i:175;s:24:\"/cases/add_legal_matter/\";i:176;s:19:\"/cases/add_comment/\";i:177;s:31:\"/cases/archive_unarchive_cases/\";i:178;s:32:\"/cases/show_hide_document_in_cp/\";i:179;s:32:\"/cases/show_hide_document_in_ap/\";i:180;s:29:\"/cases/advisor_task_comments/\";i:181;s:33:\"/cases/edit_advisor_task_comment/\";i:182;s:32:\"/cases/add_advisor_task_comment/\";i:183;s:24:\"/cases/case_commissions/\";i:184;s:17:\"/cases/container/\";i:185;s:34:\"/cases/convert_case_to_litigation/\";i:186;s:17:\"/cases/documents/\";i:187;s:19:\"/cases/upload_file/\";i:188;s:21:\"/cases/create_folder/\";i:189;s:19:\"/cases/rename_file/\";i:190;s:21:\"/cases/rename_folder/\";i:191;s:24:\"/cases/upload_directory/\";i:192;s:30:\"/cases/download_docs_zip_file/\";i:193;s:22:\"/cases/edit_documents/\";i:194;s:20:\"/cases/share_folder/\";i:195;s:21:\"/cases/download_file/\";i:196;s:24:\"/cases/preview_document/\";i:197;s:26:\"/cases/list_file_versions/\";i:198;s:20:\"/cases/document_add/\";i:199;s:21:\"/cases/document_edit/\";i:200;s:12:\"/cases/urls/\";i:201;s:12:\"/cases/edit/\";i:202;s:20:\"/cases/edit_comment/\";i:203;s:16:\"/cases/expenses/\";i:204;s:24:\"/cases/get_all_comments/\";i:205;s:36:\"/cases/get_all_core_and_cp_comments/\";i:206;s:30:\"/cases/get_all_email_comments/\";i:207;s:16:\"/cases/hearings/\";i:208;s:21:\"/cases/list_hearings/\";i:209;s:27:\"/cases/all_todays_hearings/\";i:210;s:26:\"/cases/my_todays_hearings/\";i:211;s:33:\"/cases/all_hearings_for_tomorrow/\";i:212;s:32:\"/cases/my_hearings_for_tomorrow/\";i:213;s:34:\"/cases/all_hearings_for_this_week/\";i:214;s:33:\"/cases/my_hearings_for_this_week/\";i:215;s:35:\"/cases/all_hearings_for_this_month/\";i:216;s:34:\"/cases/my_hearings_for_this_month/\";i:217;s:23:\"/cases/judged_hearings/\";i:218;s:25:\"/cases/verified_hearings/\";i:219;s:29:\"/cases/non_verified_hearings/\";i:220;s:28:\"/cases/fill_hearing_summary/\";i:221;s:37:\"/cases/hearing_send_report_to_client/\";i:222;s:20:\"/cases/legal_matter/\";i:223;s:39:\"/cases/generate_hearing_summary_report/\";i:224;s:31:\"/cases/change_litigation_stage/\";i:225;s:23:\"/cases/litigation_case/\";i:226;s:15:\"/cases/related/\";i:227;s:19:\"/cases/related_add/\";i:228;s:20:\"/cases/related_edit/\";i:229;s:17:\"/cases/reminders/\";i:230;s:25:\"/cases/related_contracts/\";i:231;s:28:\"/cases/related_contract_add/\";i:232;s:44:\"/cases/set_expenses_billable_default_status/\";i:233;s:49:\"/cases/set_time_tracking_billable_default_status/\";i:234;s:13:\"/cases/tasks/\";i:235;s:17:\"/cases/time_logs/\";i:236;s:21:\"/cases/advisor_tasks/\";i:237;s:20:\"/cases/advisor_task/\";i:238;s:22:\"/cases/bulk_edit_time/\";i:239;s:27:\"/cases/user_rates_per_hour/\";i:240;s:22:\"/cases/user_rate_edit/\";i:241;s:21:\"/cases/user_rate_add/\";i:242;s:33:\"/cases/fetch_case_stages_history/\";i:243;s:31:\"/cases/edit_case_stage_history/\";i:244;s:34:\"/cases/fetch_audit_report_history/\";i:245;s:30:\"/cases/show_sla_working_hours/\";i:246;s:14:\"/cases/events/\";i:247;s:17:\"/cases/add_event/\";i:248;s:26:\"/cases/add_reminder_event/\";i:249;s:18:\"/cases/edit_event/\";i:250;s:25:\"/cases/generate_document/\";i:251;s:21:\"/cases/add_case_rate/\";i:252;s:34:\"/cases/inline_grid_edit_case_rate/\";i:253;s:21:\"/cases/get_case_rate/\";i:254;s:43:\"/cases/show_hide_matter_in_customer_portal/\";i:255;s:22:\"/preferred_shares/add/\";i:256;s:23:\"/preferred_shares/edit/\";i:257;s:42:\"/preferred_shares/get_company_shares_grid/\";i:258;s:24:\"/preferred_shares/index/\";i:259;s:15:\"/reminders/add/\";i:260;s:19:\"/reminders/dismiss/\";i:261;s:16:\"/reminders/edit/\";i:262;s:20:\"/reminders/postpone/\";i:263;s:29:\"/reports/board_member_finder/\";i:264;s:26:\"/reports/companies_assets/\";i:265;s:28:\"/reports/case_other_reports/\";i:266;s:41:\"/reports/cases_per_assignee_per_due_date/\";i:267;s:39:\"/reports/cases_per_assignee_per_status/\";i:268;s:40:\"/reports/cases_per_company_per_assignee/\";i:269;s:36:\"/reports/cases_per_company_per_role/\";i:270;s:40:\"/reports/cases_per_contact_per_assignee/\";i:271;s:36:\"/reports/cases_per_contact_per_role/\";i:272;s:46:\"/reports/cases_per_external_lawyer_per_status/\";i:273;s:36:\"/reports/matters_attachments_report/\";i:274;s:40:\"/reports/company_shareholders_tree_view/\";i:275;s:33:\"/reports/company_related_matters/\";i:276;s:41:\"/reports/contacts_per_group_of_companies/\";i:277;s:30:\"/reports/conflict_of_interset/\";i:278;s:30:\"/reports/advanced_case_report/\";i:279;s:15:\"/reports/index/\";i:280;s:27:\"/reports/shareholder_votes/\";i:281;s:29:\"/reports/shareholders_finder/\";i:282;s:24:\"/reports/shares_by_date/\";i:283;s:26:\"/reports/shares_by_holder/\";i:284;s:31:\"/reports/time_tracking_by_case/\";i:285;s:26:\"/reports/case_value_tiers/\";i:286;s:32:\"/reports/case_value_tiers_chart/\";i:287;s:24:\"/reports/cases_by_tiers/\";i:288;s:36:\"/reports/case_value_tiers_configure/\";i:289;s:37:\"/reports/case_values_per_client_name/\";i:290;s:43:\"/reports/case_values_per_client_name_micro/\";i:291;s:43:\"/reports/case_values_per_client_name_chart/\";i:292;s:24:\"/reports/report_builder/\";i:293;s:29:\"/reports/report_builder_view/\";i:294;s:29:\"/reports/report_builder_save/\";i:295;s:39:\"/reports/companies_per_ss_expiry_dates/\";i:296;s:36:\"/reports/time_tracking_by_seniority/\";i:297;s:27:\"/reports/time_tracking_kpi/\";i:298;s:33:\"/reports/time_tracking_kpi_micro/\";i:299;s:38:\"/reports/hearings_roll_session_report/\";i:300;s:34:\"/reports/hearings_pending_updates/\";i:301;s:39:\"/reports/sla_met_vs_breached_bar_chart/\";i:302;s:40:\"/reports/hearing_roll_session_per_court/\";i:303;s:27:\"/reports/task_roll_session/\";i:304;s:13:\"/reports/sla/\";i:305;s:20:\"/grid_saved_filters/\";i:306;s:24:\"/grid_saved_filters/add/\";i:307;s:35:\"/grid_saved_filters/manage_filters/\";i:308;s:25:\"/grid_saved_filters/edit/\";i:309;s:32:\"/grid_saved_filters/update_data/\";i:310;s:27:\"/grid_saved_filters/delete/\";i:311;s:30:\"/grid_saved_filters/load_data/\";i:312;s:28:\"/share_movements/purge_edit/\";i:313;s:22:\"/task_locations/index/\";i:314;s:11:\"/tasks/add/\";i:315;s:31:\"/tasks/archive_unarchive_tasks/\";i:316;s:12:\"/tasks/edit/\";i:317;s:12:\"/tasks/view/\";i:318;s:19:\"/tasks/add_comment/\";i:319;s:20:\"/tasks/edit_comment/\";i:320;s:17:\"/tasks/all_tasks/\";i:321;s:29:\"/tasks/location_autocomplete/\";i:322;s:28:\"/tasks/matter_download_file/\";i:323;s:29:\"/tasks/matter_load_documents/\";i:324;s:26:\"/tasks/matter_upload_file/\";i:325;s:19:\"/time_tracking/add/\";i:326;s:20:\"/time_tracking/edit/\";i:327;s:30:\"/time_tracking/bulk_edit_time/\";i:328;s:8:\"/search/\";i:329;s:18:\"/search/universal/\";}s:8:\"calendar\";a:1:{i:0;s:1:\"/\";}s:5:\"money\";a:6:{i:0;s:23:\"/vouchers/expense_edit/\";i:1;s:28:\"/vouchers/case_expenses_add/\";i:2;s:29:\"/vouchers/event_expenses_add/\";i:3;s:31:\"/vouchers/hearing_expenses_add/\";i:4;s:28:\"/vouchers/task_expenses_add/\";i:5;s:39:\"/vouchers/get_expense_accounts_by_type/\";}s:8:\"contract\";a:78:{i:0;s:13:\"/clauses/add/\";i:1;s:14:\"/clauses/edit/\";i:2;s:15:\"/clauses/index/\";i:3;s:15:\"/contracts/add/\";i:4;s:16:\"/contracts/edit/\";i:5;s:39:\"/contracts/archive_unarchive_contracts/\";i:6;s:16:\"/contracts/view/\";i:7;s:17:\"/contracts/index/\";i:8;s:31:\"/contracts/activate_deactivate/\";i:9;s:17:\"/contracts/amend/\";i:10;s:29:\"/contracts/draft_collaborate/\";i:11;s:23:\"/contracts/set_privacy/\";i:12;s:36:\"/contracts/show_hide_document_in_cp/\";i:13;s:35:\"/contracts/show_in_customer_portal/\";i:14;s:35:\"/contracts/hide_in_customer_portal/\";i:15;s:25:\"/contracts/related_cases/\";i:16;s:28:\"/contracts/related_case_add/\";i:17;s:45:\"/contracts/add_signature_signee_per_contract/\";i:18;s:31:\"/contracts/awaiting_signatures/\";i:19;s:46:\"/contracts/edit_signature_signee_per_contract/\";i:20;s:33:\"/contracts/load_signed_documents/\";i:21;s:35:\"/contracts/add_comment_negotiation/\";i:22;s:27:\"/contracts/add_negotiation/\";i:23;s:32:\"/contracts/complete_negotiation/\";i:24;s:26:\"/contracts/download_files/\";i:25;s:31:\"/contracts/forward_negotiation/\";i:26;s:42:\"/contracts/send_email_to_contact_approver/\";i:27;s:36:\"/contracts/upload_approval_document/\";i:28;s:28:\"/contracts/upload_directory/\";i:29;s:34:\"/contracts/download_docs_zip_file/\";i:30;s:35:\"/contracts/move_file_to_signed_tab/\";i:31;s:29:\"/contracts/related_contracts/\";i:32;s:32:\"/contracts/related_contract_add/\";i:33;s:33:\"/contracts/related_contract_edit/\";i:34;s:29:\"/contracts/related_reminders/\";i:35;s:25:\"/contracts/related_tasks/\";i:36;s:17:\"/contracts/renew/\";i:37;s:29:\"/contracts/sign_contract_doc/\";i:38;s:34:\"/contracts/upload_signed_document/\";i:39;s:28:\"/contracts/signature_center/\";i:40;s:27:\"/contracts/approval_center/\";i:41;s:37:\"/contracts/add_approver_per_contract/\";i:42;s:38:\"/contracts/edit_approver_per_contract/\";i:43;s:32:\"/contracts/approve_all_contract/\";i:44;s:31:\"/contracts/submit_for_approval/\";i:45;s:23:\"/contracts/add_comment/\";i:46;s:24:\"/contracts/edit_comment/\";i:47;s:20:\"/contracts/comments/\";i:48;s:21:\"/contracts/documents/\";i:49;s:25:\"/contracts/move_document/\";i:50;s:23:\"/contracts/upload_file/\";i:51;s:25:\"/contracts/create_folder/\";i:52;s:23:\"/contracts/rename_file/\";i:53;s:25:\"/contracts/rename_folder/\";i:54;s:26:\"/contracts/edit_documents/\";i:55;s:29:\"/contracts/generate_document/\";i:56;s:24:\"/contracts/share_folder/\";i:57;s:25:\"/contracts/download_file/\";i:58;s:30:\"/contracts/list_file_versions/\";i:59;s:16:\"/contracts/urls/\";i:60;s:19:\"/contracts/add_url/\";i:61;s:20:\"/contracts/edit_url/\";i:62;s:30:\"/contracts/awaiting_approvals/\";i:63;s:28:\"/contracts/get_all_comments/\";i:64;s:40:\"/contracts/get_all_core_and_cp_comments/\";i:65;s:34:\"/contracts/get_all_email_comments/\";i:66;s:11:\"/dashboard/\";i:67;s:17:\"/dashboard/index/\";i:68;s:18:\"/dashboard/boards/\";i:69;s:24:\"/dashboard/board_config/\";i:70;s:21:\"/dashboard/archiving/\";i:71;s:21:\"/dashboard/contracts/\";i:72;s:28:\"/dashboard/contracts_result/\";i:73;s:29:\"/dashboard/save_board_config/\";i:74;s:25:\"/dashboard/delete_boards/\";i:75;s:30:\"/dashboard/board_post_filters/\";i:76;s:39:\"/dashboard/add_edit_board_post_filters/\";i:77;s:36:\"/dashboard/delete_board_post_filter/\";}}'),
 (5,	'a:4:{s:4:\"core\";a:462:{i:0;s:11:\"/companies/\";i:1;s:15:\"/companies/add/\";i:2;s:23:\"/companies/add_auditor/\";i:3;s:22:\"/companies/add_lawyer/\";i:4;s:28:\"/companies/add_bank_account/\";i:5;s:28:\"/companies/add_board_member/\";i:6;s:21:\"/companies/asset_add/\";i:7;s:24:\"/companies/asset_delete/\";i:8;s:22:\"/companies/asset_edit/\";i:9;s:22:\"/companies/asset_view/\";i:10;s:20:\"/companies/auditors/\";i:11;s:19:\"/companies/lawyers/\";i:12;s:25:\"/companies/bank_accounts/\";i:13;s:25:\"/companies/container_add/\";i:14;s:28:\"/companies/container_delete/\";i:15;s:26:\"/companies/container_edit/\";i:16;s:27:\"/companies/containers_list/\";i:17;s:26:\"/companies/container_view/\";i:18;s:31:\"/companies/related_company_add/\";i:19;s:37:\"/companies/delete_cg_related_company/\";i:20;s:26:\"/companies/delete_auditor/\";i:21;s:25:\"/companies/delete_lawyer/\";i:22;s:31:\"/companies/delete_bank_account/\";i:23;s:31:\"/companies/delete_board_member/\";i:24;s:21:\"/companies/documents/\";i:25;s:23:\"/companies/upload_file/\";i:26;s:25:\"/companies/create_folder/\";i:27;s:23:\"/companies/rename_file/\";i:28;s:25:\"/companies/rename_folder/\";i:29;s:28:\"/companies/upload_directory/\";i:30;s:34:\"/companies/download_docs_zip_file/\";i:31;s:26:\"/companies/edit_documents/\";i:32;s:24:\"/companies/share_folder/\";i:33;s:25:\"/companies/download_file/\";i:34;s:28:\"/companies/preview_document/\";i:35;s:30:\"/companies/list_file_versions/\";i:36;s:27:\"/companies/delete_document/\";i:37;s:24:\"/companies/document_add/\";i:38;s:27:\"/companies/document_delete/\";i:39;s:25:\"/companies/document_edit/\";i:40;s:16:\"/companies/urls/\";i:41;s:24:\"/companies/edit_auditor/\";i:42;s:23:\"/companies/edit_lawyer/\";i:43;s:29:\"/companies/edit_bank_account/\";i:44;s:29:\"/companies/edit_board_member/\";i:45;s:24:\"/companies/edit_capital/\";i:46;s:17:\"/companies/index/\";i:47;s:26:\"/companies/delete_company/\";i:48;s:23:\"/companies/move_shares/\";i:49;s:28:\"/companies/related_contacts/\";i:50;s:32:\"/companies/related_contacts_add/\";i:51;s:33:\"/companies/related_contacts_edit/\";i:52;s:35:\"/companies/related_contacts_delete/\";i:53;s:25:\"/companies/related_cases/\";i:54;s:28:\"/companies/related_case_add/\";i:55;s:31:\"/companies/related_case_delete/\";i:56;s:29:\"/companies/related_contracts/\";i:57;s:32:\"/companies/related_contract_add/\";i:58;s:35:\"/companies/related_contract_delete/\";i:59;s:21:\"/companies/reminders/\";i:60;s:24:\"/companies/shareholders/\";i:61;s:29:\"/companies/tab_board_members/\";i:62;s:23:\"/companies/tab_company/\";i:63;s:32:\"/companies/show_hide_extra_tabs/\";i:64;s:28:\"/companies/tab_shareholders/\";i:65;s:25:\"/companies/tab_tree_view/\";i:66;s:42:\"/companies/update_until_date_board_member/\";i:67;s:41:\"/companies/company_signature_authorities/\";i:68;s:35:\"/companies/add_signature_authority/\";i:69;s:36:\"/companies/edit_signature_authority/\";i:70;s:38:\"/companies/delete_signature_authority/\";i:71;s:38:\"/companies/capital_visualize_decimals/\";i:72;s:27:\"/companies/social_security/\";i:73;s:31:\"/companies/add_social_security/\";i:74;s:32:\"/companies/edit_social_security/\";i:75;s:34:\"/companies/delete_social_security/\";i:76;s:26:\"/companies/export_to_word/\";i:77;s:23:\"/companies/set_privacy/\";i:78;s:29:\"/companies/generate_document/\";i:79;s:20:\"/companies/add_note/\";i:80;s:21:\"/companies/edit_note/\";i:81;s:23:\"/companies/delete_note/\";i:82;s:29:\"/companies/get_company_notes/\";i:83;s:25:\"/companies/move_document/\";i:84;s:10:\"/contacts/\";i:85;s:14:\"/contacts/add/\";i:86;s:15:\"/contacts/edit/\";i:87;s:24:\"/contacts/clone_contact/\";i:88;s:17:\"/contacts/delete/\";i:89;s:20:\"/contacts/documents/\";i:90;s:22:\"/contacts/upload_file/\";i:91;s:24:\"/contacts/create_folder/\";i:92;s:22:\"/contacts/rename_file/\";i:93;s:24:\"/contacts/rename_folder/\";i:94;s:27:\"/contacts/upload_directory/\";i:95;s:33:\"/contacts/download_docs_zip_file/\";i:96;s:25:\"/contacts/edit_documents/\";i:97;s:23:\"/contacts/share_folder/\";i:98;s:24:\"/contacts/download_file/\";i:99;s:27:\"/contacts/preview_document/\";i:100;s:29:\"/contacts/list_file_versions/\";i:101;s:26:\"/contacts/delete_document/\";i:102;s:23:\"/contacts/document_add/\";i:103;s:26:\"/contacts/document_delete/\";i:104;s:24:\"/contacts/document_edit/\";i:105;s:15:\"/contacts/urls/\";i:106;s:16:\"/contacts/index/\";i:107;s:18:\"/contacts/related/\";i:108;s:22:\"/contacts/related_add/\";i:109;s:23:\"/contacts/related_edit/\";i:110;s:24:\"/contacts/related_cases/\";i:111;s:27:\"/contacts/related_case_add/\";i:112;s:30:\"/contacts/related_case_delete/\";i:113;s:28:\"/contacts/related_contracts/\";i:114;s:31:\"/contacts/related_contract_add/\";i:115;s:34:\"/contacts/related_contract_delete/\";i:116;s:22:\"/contacts/set_privacy/\";i:117;s:28:\"/contacts/generate_document/\";i:118;s:24:\"/contacts/move_document/\";i:119;s:28:\"/contacts/related_reminders/\";i:120;s:11:\"/dashboard/\";i:121;s:22:\"/dashboard/management/\";i:122;s:32:\"/dashboard/litigation_dashboard/\";i:123;s:43:\"/dashboard/export_litigation_dashboard_pdf/\";i:124;s:39:\"/dashboard/litigation_dashboard_config/\";i:125;s:35:\"/dashboard/time_tracking_dashboard/\";i:126;s:46:\"/dashboard/export_time_tracking_dashboard_pdf/\";i:127;s:17:\"/dashboard/admin/\";i:128;s:29:\"/dashboard/case_board_config/\";i:129;s:23:\"/dashboard/case_boards/\";i:130;s:17:\"/dashboard/cases/\";i:131;s:24:\"/dashboard/cases_result/\";i:132;s:30:\"/dashboard/board_post_filters/\";i:133;s:36:\"/dashboard/board_delete_post_filter/\";i:134;s:21:\"/dashboard/archiving/\";i:135;s:29:\"/dashboard/task_board_config/\";i:136;s:23:\"/dashboard/task_boards/\";i:137;s:17:\"/dashboard/tasks/\";i:138;s:24:\"/dashboard/tasks_result/\";i:139;s:35:\"/dashboard/board_task_post_filters/\";i:140;s:41:\"/dashboard/board_task_delete_post_filter/\";i:141;s:26:\"/dashboard/archiving_task/\";i:142;s:33:\"/dashboard/widget_save_dashboard/\";i:143;s:42:\"/dashboard/case_board_save_search_filters/\";i:144;s:42:\"/dashboard/task_board_save_search_filters/\";i:145;s:43:\"/dashboard/case_board_delete_saved_reports/\";i:146;s:43:\"/dashboard/task_board_delete_saved_reports/\";i:147;s:6:\"/docs/\";i:148;s:12:\"/docs/index/\";i:149;s:18:\"/docs/upload_file/\";i:150;s:20:\"/docs/create_folder/\";i:151;s:18:\"/docs/rename_file/\";i:152;s:20:\"/docs/rename_folder/\";i:153;s:23:\"/docs/upload_directory/\";i:154;s:29:\"/docs/download_docs_zip_file/\";i:155;s:21:\"/docs/edit_documents/\";i:156;s:19:\"/docs/share_folder/\";i:157;s:20:\"/docs/download_file/\";i:158;s:23:\"/docs/preview_document/\";i:159;s:25:\"/docs/list_file_versions/\";i:160;s:22:\"/docs/delete_document/\";i:161;s:24:\"/docs/generate_document/\";i:162;s:20:\"/docs/move_document/\";i:163;s:22:\"/export/activity_logs/\";i:164;s:22:\"/export/case_expenses/\";i:165;s:23:\"/export/case_reminders/\";i:166;s:28:\"/export/case_stages_history/\";i:167;s:32:\"/export/companies_assets_report/\";i:168;s:23:\"/export/company_assets/\";i:169;s:32:\"/export/company_related_matters/\";i:170;s:27:\"/export/case_time_tracking/\";i:171;s:21:\"/export/legal_matter/\";i:172;s:24:\"/export/litigation_case/\";i:173;s:20:\"/export/case_events/\";i:174;s:25:\"/export/cases_containers/\";i:175;s:18:\"/export/companies/\";i:176;s:33:\"/export/company_related_contacts/\";i:177;s:30:\"/export/company_related_cases/\";i:178;s:26:\"/export/company_reminders/\";i:179;s:30:\"/export/contact_related_cases/\";i:180;s:17:\"/export/contacts/\";i:181;s:22:\"/export/list_hearings/\";i:182;s:14:\"/export/tasks/\";i:183;s:18:\"/export/reminders/\";i:184;s:25:\"/export/case_value_tiers/\";i:185;s:23:\"/export/cases_by_tiers/\";i:186;s:36:\"/export/case_values_per_client_name/\";i:187;s:42:\"/export/case_values_per_client_name_micro/\";i:188;s:36:\"/export/export_advanced_case_report/\";i:189;s:38:\"/export/company_signature_authorities/\";i:190;s:25:\"/export/seniority_levels/\";i:191;s:34:\"/export/case_audit_report_history/\";i:192;s:20:\"/export/case_boards/\";i:193;s:37:\"/export/hearings_roll_session_report/\";i:194;s:33:\"/export/manage_non_business_days/\";i:195;s:33:\"/export/export_time_tracking_kpi/\";i:196;s:39:\"/export/export_time_tracking_kpi_micro/\";i:197;s:30:\"/export/time_tracking_kpi_pdf/\";i:198;s:31:\"/export/tracking_kpi_micro_pdf/\";i:199;s:32:\"/export/dashboard_list_hearings/\";i:200;s:25:\"/intellectual_properties/\";i:201;s:29:\"/intellectual_properties/add/\";i:202;s:30:\"/intellectual_properties/edit/\";i:203;s:45:\"/intellectual_properties/load_client_widgets/\";i:204;s:31:\"/intellectual_properties/index/\";i:205;s:32:\"/intellectual_properties/delete/\";i:206;s:34:\"/intellectual_properties/renewals/\";i:207;s:47:\"/intellectual_properties/petitions_oppositions/\";i:208;s:49:\"/intellectual_properties/petition_opposition_add/\";i:209;s:50:\"/intellectual_properties/petition_opposition_edit/\";i:210;s:52:\"/intellectual_properties/petition_opposition_delete/\";i:211;s:35:\"/intellectual_properties/documents/\";i:212;s:43:\"/intellectual_properties/generate_document/\";i:213;s:37:\"/intellectual_properties/upload_file/\";i:214;s:39:\"/intellectual_properties/create_folder/\";i:215;s:37:\"/intellectual_properties/rename_file/\";i:216;s:39:\"/intellectual_properties/rename_folder/\";i:217;s:42:\"/intellectual_properties/upload_directory/\";i:218;s:40:\"/intellectual_properties/edit_documents/\";i:219;s:38:\"/intellectual_properties/share_folder/\";i:220;s:39:\"/intellectual_properties/download_file/\";i:221;s:42:\"/intellectual_properties/preview_document/\";i:222;s:44:\"/intellectual_properties/list_file_versions/\";i:223;s:41:\"/intellectual_properties/delete_document/\";i:224;s:30:\"/intellectual_properties/urls/\";i:225;s:38:\"/intellectual_properties/document_add/\";i:226;s:39:\"/intellectual_properties/document_edit/\";i:227;s:41:\"/intellectual_properties/document_delete/\";i:228;s:31:\"/intellectual_properties/tasks/\";i:229;s:34:\"/intellectual_properties/expenses/\";i:230;s:67:\"/intellectual_properties/set_time_tracking_billable_default_status/\";i:231;s:35:\"/intellectual_properties/time_logs/\";i:232;s:45:\"/intellectual_properties/user_rates_per_hour/\";i:233;s:39:\"/intellectual_properties/user_rate_add/\";i:234;s:40:\"/intellectual_properties/user_rate_edit/\";i:235;s:42:\"/intellectual_properties/delete_user_rate/\";i:236;s:33:\"/intellectual_properties/related/\";i:237;s:37:\"/intellectual_properties/related_add/\";i:238;s:38:\"/intellectual_properties/related_edit/\";i:239;s:40:\"/intellectual_properties/related_delete/\";i:240;s:40:\"/intellectual_properties/export_to_word/\";i:241;s:39:\"/intellectual_properties/move_document/\";i:242;s:17:\"/case_containers/\";i:243;s:21:\"/case_containers/add/\";i:244;s:22:\"/case_containers/edit/\";i:245;s:23:\"/case_containers/index/\";i:246;s:31:\"/case_containers/add_container/\";i:247;s:51:\"/case_containers/return_related_containers_details/\";i:248;s:32:\"/case_containers/export_to_word/\";i:249;s:41:\"/case_containers/advanced_export_to_word/\";i:250;s:49:\"/case_containers/create_slot_for_advanced_export/\";i:251;s:49:\"/case_containers/delete_slot_for_advanced_export/\";i:252;s:24:\"/case_containers/delete/\";i:253;s:43:\"/case_containers/show_hide_container_in_cp/\";i:254;s:42:\"/case_containers/show_hide_document_in_cp/\";i:255;s:27:\"/case_containers/documents/\";i:256;s:29:\"/case_containers/upload_file/\";i:257;s:31:\"/case_containers/create_folder/\";i:258;s:29:\"/case_containers/rename_file/\";i:259;s:31:\"/case_containers/rename_folder/\";i:260;s:34:\"/case_containers/upload_directory/\";i:261;s:32:\"/case_containers/edit_documents/\";i:262;s:30:\"/case_containers/share_folder/\";i:263;s:31:\"/case_containers/download_file/\";i:264;s:34:\"/case_containers/preview_document/\";i:265;s:36:\"/case_containers/list_file_versions/\";i:266;s:33:\"/case_containers/delete_document/\";i:267;s:30:\"/case_containers/document_add/\";i:268;s:33:\"/case_containers/document_delete/\";i:269;s:31:\"/case_containers/document_edit/\";i:270;s:22:\"/case_containers/urls/\";i:271;s:35:\"/case_containers/generate_document/\";i:272;s:31:\"/case_containers/move_document/\";i:273;s:7:\"/cases/\";i:274;s:22:\"/cases/add_litigation/\";i:275;s:24:\"/cases/add_legal_matter/\";i:276;s:19:\"/cases/add_comment/\";i:277;s:31:\"/cases/archive_unarchive_cases/\";i:278;s:32:\"/cases/show_hide_document_in_cp/\";i:279;s:32:\"/cases/show_hide_document_in_ap/\";i:280;s:24:\"/cases/case_commissions/\";i:281;s:17:\"/cases/container/\";i:282;s:34:\"/cases/convert_case_to_litigation/\";i:283;s:17:\"/cases/documents/\";i:284;s:19:\"/cases/upload_file/\";i:285;s:21:\"/cases/create_folder/\";i:286;s:19:\"/cases/rename_file/\";i:287;s:21:\"/cases/rename_folder/\";i:288;s:24:\"/cases/upload_directory/\";i:289;s:30:\"/cases/download_docs_zip_file/\";i:290;s:22:\"/cases/edit_documents/\";i:291;s:20:\"/cases/share_folder/\";i:292;s:21:\"/cases/download_file/\";i:293;s:24:\"/cases/preview_document/\";i:294;s:26:\"/cases/list_file_versions/\";i:295;s:23:\"/cases/delete_document/\";i:296;s:20:\"/cases/document_add/\";i:297;s:23:\"/cases/document_delete/\";i:298;s:21:\"/cases/document_edit/\";i:299;s:12:\"/cases/urls/\";i:300;s:12:\"/cases/edit/\";i:301;s:27:\"/cases/load_client_widgets/\";i:302;s:19:\"/cases/delete_case/\";i:303;s:20:\"/cases/edit_comment/\";i:304;s:22:\"/cases/delete_comment/\";i:305;s:16:\"/cases/expenses/\";i:306;s:22:\"/cases/export_to_word/\";i:307;s:24:\"/cases/get_all_comments/\";i:308;s:36:\"/cases/get_all_core_and_cp_comments/\";i:309;s:30:\"/cases/get_all_email_comments/\";i:310;s:28:\"/cases/delete_email_comment/\";i:311;s:16:\"/cases/hearings/\";i:312;s:21:\"/cases/list_hearings/\";i:313;s:27:\"/cases/all_todays_hearings/\";i:314;s:26:\"/cases/my_todays_hearings/\";i:315;s:33:\"/cases/all_hearings_for_tomorrow/\";i:316;s:32:\"/cases/my_hearings_for_tomorrow/\";i:317;s:34:\"/cases/all_hearings_for_this_week/\";i:318;s:33:\"/cases/my_hearings_for_this_week/\";i:319;s:35:\"/cases/all_hearings_for_this_month/\";i:320;s:34:\"/cases/my_hearings_for_this_month/\";i:321;s:23:\"/cases/judged_hearings/\";i:322;s:25:\"/cases/verified_hearings/\";i:323;s:29:\"/cases/non_verified_hearings/\";i:324;s:28:\"/cases/fill_hearing_summary/\";i:325;s:37:\"/cases/hearing_send_report_to_client/\";i:326;s:20:\"/cases/legal_matter/\";i:327;s:30:\"/cases/hearing_export_to_word/\";i:328;s:27:\"/cases/delete_case_hearing/\";i:329;s:39:\"/cases/generate_hearing_summary_report/\";i:330;s:31:\"/cases/change_litigation_stage/\";i:331;s:23:\"/cases/litigation_case/\";i:332;s:15:\"/cases/related/\";i:333;s:19:\"/cases/related_add/\";i:334;s:20:\"/cases/related_edit/\";i:335;s:22:\"/cases/related_delete/\";i:336;s:17:\"/cases/reminders/\";i:337;s:44:\"/cases/set_expenses_billable_default_status/\";i:338;s:49:\"/cases/set_time_tracking_billable_default_status/\";i:339;s:13:\"/cases/tasks/\";i:340;s:17:\"/cases/time_logs/\";i:341;s:21:\"/cases/advisor_tasks/\";i:342;s:20:\"/cases/advisor_task/\";i:343;s:22:\"/cases/bulk_edit_time/\";i:344;s:27:\"/cases/user_rates_per_hour/\";i:345;s:22:\"/cases/user_rate_edit/\";i:346;s:21:\"/cases/user_rate_add/\";i:347;s:24:\"/cases/delete_user_rate/\";i:348;s:33:\"/cases/fetch_case_stages_history/\";i:349;s:31:\"/cases/edit_case_stage_history/\";i:350;s:33:\"/cases/delete_case_stage_history/\";i:351;s:34:\"/cases/fetch_audit_report_history/\";i:352;s:30:\"/cases/show_sla_working_hours/\";i:353;s:19:\"/cases/set_privacy/\";i:354;s:14:\"/cases/events/\";i:355;s:17:\"/cases/add_event/\";i:356;s:26:\"/cases/add_reminder_event/\";i:357;s:18:\"/cases/edit_event/\";i:358;s:20:\"/cases/delete_event/\";i:359;s:25:\"/cases/generate_document/\";i:360;s:21:\"/cases/move_document/\";i:361;s:21:\"/cases/add_case_rate/\";i:362;s:34:\"/cases/inline_grid_edit_case_rate/\";i:363;s:21:\"/cases/get_case_rate/\";i:364;s:24:\"/cases/delete_case_rate/\";i:365;s:43:\"/cases/show_hide_matter_in_customer_portal/\";i:366;s:18:\"/preferred_shares/\";i:367;s:22:\"/preferred_shares/add/\";i:368;s:25:\"/preferred_shares/delete/\";i:369;s:23:\"/preferred_shares/edit/\";i:370;s:42:\"/preferred_shares/get_company_shares_grid/\";i:371;s:24:\"/preferred_shares/index/\";i:372;s:11:\"/reminders/\";i:373;s:15:\"/reminders/add/\";i:374;s:18:\"/reminders/delete/\";i:375;s:19:\"/reminders/dismiss/\";i:376;s:16:\"/reminders/edit/\";i:377;s:30:\"/reminders/show_all_reminders/\";i:378;s:20:\"/reminders/postpone/\";i:379;s:9:\"/reports/\";i:380;s:29:\"/reports/board_member_finder/\";i:381;s:26:\"/reports/companies_assets/\";i:382;s:28:\"/reports/case_other_reports/\";i:383;s:41:\"/reports/cases_per_assignee_per_due_date/\";i:384;s:39:\"/reports/cases_per_assignee_per_status/\";i:385;s:40:\"/reports/cases_per_company_per_assignee/\";i:386;s:36:\"/reports/cases_per_company_per_role/\";i:387;s:40:\"/reports/cases_per_contact_per_assignee/\";i:388;s:36:\"/reports/cases_per_contact_per_role/\";i:389;s:46:\"/reports/cases_per_external_lawyer_per_status/\";i:390;s:40:\"/reports/company_shareholders_tree_view/\";i:391;s:33:\"/reports/company_related_matters/\";i:392;s:41:\"/reports/contacts_per_group_of_companies/\";i:393;s:30:\"/reports/conflict_of_interset/\";i:394;s:42:\"/reports/export_conflict_of_interest_word/\";i:395;s:30:\"/reports/advanced_case_report/\";i:396;s:15:\"/reports/index/\";i:397;s:27:\"/reports/shareholder_votes/\";i:398;s:29:\"/reports/shareholders_finder/\";i:399;s:24:\"/reports/shares_by_date/\";i:400;s:26:\"/reports/shares_by_holder/\";i:401;s:31:\"/reports/time_tracking_by_case/\";i:402;s:26:\"/reports/case_value_tiers/\";i:403;s:32:\"/reports/case_value_tiers_chart/\";i:404;s:24:\"/reports/cases_by_tiers/\";i:405;s:36:\"/reports/case_value_tiers_configure/\";i:406;s:37:\"/reports/case_values_per_client_name/\";i:407;s:43:\"/reports/case_values_per_client_name_micro/\";i:408;s:43:\"/reports/case_values_per_client_name_chart/\";i:409;s:24:\"/reports/report_builder/\";i:410;s:29:\"/reports/report_builder_view/\";i:411;s:29:\"/reports/report_builder_save/\";i:412;s:39:\"/reports/companies_per_ss_expiry_dates/\";i:413;s:36:\"/reports/time_tracking_by_seniority/\";i:414;s:44:\"/reports/export_time_tracking_seniority_pdf/\";i:415;s:27:\"/reports/time_tracking_kpi/\";i:416;s:33:\"/reports/time_tracking_kpi_micro/\";i:417;s:38:\"/reports/hearings_roll_session_report/\";i:418;s:34:\"/reports/hearings_pending_updates/\";i:419;s:38:\"/reports/hearings_pending_updates_pdf/\";i:420;s:43:\"/reports/hearings_pending_updates_settings/\";i:421;s:39:\"/reports/sla_met_vs_breached_bar_chart/\";i:422;s:39:\"/reports/export_shares_by_date_to_word/\";i:423;s:34:\"/reports/shares_by_holder_to_word/\";i:424;s:35:\"/reports/shareholder_votes_to_word/\";i:425;s:40:\"/reports/hearing_roll_session_per_court/\";i:426;s:44:\"/reports/hearing_roll_session_per_court_pdf/\";i:427;s:49:\"/reports/hearing_roll_session_per_court_settings/\";i:428;s:27:\"/reports/task_roll_session/\";i:429;s:31:\"/reports/task_roll_session_pdf/\";i:430;s:36:\"/reports/task_roll_session_settings/\";i:431;s:13:\"/reports/sla/\";i:432;s:17:\"/reports/sla_pdf/\";i:433;s:17:\"/share_movements/\";i:434;s:30:\"/share_movements/purge_delete/\";i:435;s:28:\"/share_movements/purge_edit/\";i:436;s:7:\"/tasks/\";i:437;s:11:\"/tasks/add/\";i:438;s:31:\"/tasks/archive_unarchive_tasks/\";i:439;s:14:\"/tasks/delete/\";i:440;s:12:\"/tasks/edit/\";i:441;s:12:\"/tasks/view/\";i:442;s:19:\"/tasks/add_comment/\";i:443;s:20:\"/tasks/edit_comment/\";i:444;s:22:\"/tasks/delete_comment/\";i:445;s:17:\"/tasks/all_tasks/\";i:446;s:29:\"/tasks/location_autocomplete/\";i:447;s:27:\"/tasks/export_task_to_word/\";i:448;s:39:\"/tasks/export_task_to_word_for_clients/\";i:449;s:30:\"/tasks/matter_delete_document/\";i:450;s:28:\"/tasks/matter_download_file/\";i:451;s:29:\"/tasks/matter_load_documents/\";i:452;s:26:\"/tasks/matter_upload_file/\";i:453;s:15:\"/time_tracking/\";i:454;s:19:\"/time_tracking/add/\";i:455;s:22:\"/time_tracking/delete/\";i:456;s:20:\"/time_tracking/edit/\";i:457;s:30:\"/time_tracking/bulk_edit_time/\";i:458;s:29:\"/time_tracking/all_time_logs/\";i:459;s:39:\"/time_tracking/time_log_export_to_word/\";i:460;s:8:\"/search/\";i:461;s:18:\"/search/universal/\";}s:5:\"money\";a:255:{i:0;s:1:\"/\";i:1;s:10:\"/accounts/\";i:2;s:14:\"/accounts/add/\";i:3;s:25:\"/accounts/delete_account/\";i:4;s:15:\"/accounts/edit/\";i:5;s:16:\"/accounts/index/\";i:6;s:20:\"/accounts/quick_add/\";i:7;s:21:\"/accounts/quick_edit/\";i:8;s:28:\"/accounts/show_transactions/\";i:9;s:18:\"/accounts/clients/\";i:10;s:19:\"/accounts/partners/\";i:11;s:20:\"/accounts/suppliers/\";i:12;s:26:\"/accounts/export_to_excel/\";i:13;s:34:\"/accounts/export_clients_to_excel/\";i:14;s:35:\"/accounts/export_partners_to_excel/\";i:15;s:36:\"/accounts/export_suppliers_to_excel/\";i:16;s:25:\"/accounts/money_transfer/\";i:17;s:32:\"/accounts/add_cash_bank_account/\";i:18;s:36:\"/accounts/set_account_number_prefix/\";i:19;s:9:\"/clients/\";i:20;s:13:\"/clients/add/\";i:21;s:24:\"/clients/client_details/\";i:22;s:25:\"/clients/export_to_excel/\";i:23;s:15:\"/clients/index/\";i:24;s:27:\"/clients/account_statement/\";i:25;s:21:\"/clients/add_deposit/\";i:26;s:22:\"/clients/edit_deposit/\";i:27;s:24:\"/clients/delete_deposit/\";i:28;s:18:\"/clients/deposits/\";i:29;s:34:\"/clients/export_deposits_to_excel/\";i:30;s:17:\"/money_dashboard/\";i:31;s:23:\"/money_dashboard/index/\";i:32;s:11:\"/discounts/\";i:33;s:15:\"/discounts/add/\";i:34;s:16:\"/discounts/edit/\";i:35;s:17:\"/discounts/index/\";i:36;s:15:\"/organizations/\";i:37;s:19:\"/organizations/add/\";i:38;s:29:\"/organizations/change_status/\";i:39;s:20:\"/organizations/edit/\";i:40;s:21:\"/organizations/index/\";i:41;s:32:\"/organization_invoice_templates/\";i:42;s:38:\"/organization_invoice_templates/index/\";i:43;s:37:\"/organization_invoice_templates/save/\";i:44;s:39:\"/organization_invoice_templates/delete/\";i:45;s:20:\"/expense_categories/\";i:46;s:24:\"/expense_categories/add/\";i:47;s:25:\"/expense_categories/edit/\";i:48;s:26:\"/expense_categories/index/\";i:49;s:24:\"/import_entity_settings/\";i:50;s:30:\"/import_entity_settings/index/\";i:51;s:23:\"/invoice_detail_format/\";i:52;s:29:\"/invoice_detail_format/index/\";i:53;s:43:\"/invoice_detail_format/cover_page_template/\";i:54;s:47:\"/invoice_detail_format/cover_page_template_add/\";i:55;s:48:\"/invoice_detail_format/cover_page_template_edit/\";i:56;s:50:\"/invoice_detail_format/delete_cover_page_template/\";i:57;s:32:\"/invoice_detail_format/get_logo/\";i:58;s:33:\"/invoice_detail_format/look_feel/\";i:59;s:15:\"/invoice_notes/\";i:60;s:19:\"/invoice_notes/add/\";i:61;s:20:\"/invoice_notes/edit/\";i:62;s:22:\"/invoice_notes/delete/\";i:63;s:21:\"/invoice_notes/index/\";i:64;s:7:\"/items/\";i:65;s:11:\"/items/add/\";i:66;s:12:\"/items/edit/\";i:67;s:21:\"/items/get_sub_items/\";i:68;s:13:\"/items/index/\";i:69;s:19:\"/money_preferences/\";i:70;s:25:\"/money_preferences/index/\";i:71;s:37:\"/money_preferences/save_system_value/\";i:72;s:10:\"/partners/\";i:73;s:14:\"/partners/add/\";i:74;s:26:\"/partners/partner_details/\";i:75;s:26:\"/partners/export_to_excel/\";i:76;s:16:\"/partners/index/\";i:77;s:9:\"/reports/\";i:78;s:23:\"/reports/balance_sheet/\";i:79;s:36:\"/reports/export_excel_balance_sheet/\";i:80;s:35:\"/reports/export_word_balance_sheet/\";i:81;s:18:\"/reports/expenses/\";i:82;s:44:\"/reports/export_excel_statement_of_expenses/\";i:83;s:43:\"/reports/export_word_statement_of_expenses/\";i:84;s:15:\"/reports/index/\";i:85;s:19:\"/reports/statement/\";i:86;s:32:\"/reports/export_excel_statement/\";i:87;s:39:\"/reports/export_word_account_statement/\";i:88;s:26:\"/reports/client_statement/\";i:89;s:39:\"/reports/export_excel_client_statement/\";i:90;s:38:\"/reports/export_word_client_statement/\";i:91;s:23:\"/reports/trial_balance/\";i:92;s:36:\"/reports/export_excel_trial_balance/\";i:93;s:35:\"/reports/export_word_trial_balance/\";i:94;s:49:\"/reports/judgment_value_vs_case_value_per_client/\";i:95;s:55:\"/reports/judgment_value_vs_case_value_per_client_micro/\";i:96;s:55:\"/reports/judgment_value_vs_case_value_per_client_chart/\";i:97;s:62:\"/reports/export_excel_judgment_value_vs_case_value_per_client/\";i:98;s:68:\"/reports/export_excel_judgment_value_vs_case_value_per_client_micro/\";i:99;s:34:\"/reports/case_expenses_per_client/\";i:100;s:40:\"/reports/case_expenses_per_client_micro/\";i:101;s:40:\"/reports/case_expenses_per_client_chart/\";i:102;s:47:\"/reports/export_excel_case_expenses_per_client/\";i:103;s:53:\"/reports/export_excel_case_expenses_per_client_micro/\";i:104;s:26:\"/reports/income_statement/\";i:105;s:39:\"/reports/export_excel_income_statement/\";i:106;s:38:\"/reports/export_word_income_statement/\";i:107;s:7:\"/setup/\";i:108;s:13:\"/setup/index/\";i:109;s:37:\"/setup/rate_between_money_currencies/\";i:110;s:29:\"/setup/invoice_number_prefix/\";i:111;s:35:\"/setup/time_tracking_sales_account/\";i:112;s:37:\"/setup/global_partner_shares_account/\";i:113;s:28:\"/setup/partners_commissions/\";i:114;s:25:\"/setup/set_trust_account/\";i:115;s:16:\"/supplier_taxes/\";i:116;s:20:\"/supplier_taxes/add/\";i:117;s:21:\"/supplier_taxes/edit/\";i:118;s:22:\"/supplier_taxes/index/\";i:119;s:9:\"/vendors/\";i:120;s:13:\"/vendors/add/\";i:121;s:25:\"/vendors/export_to_excel/\";i:122;s:15:\"/vendors/index/\";i:123;s:24:\"/vendors/vendor_details/\";i:124;s:7:\"/taxes/\";i:125;s:11:\"/taxes/add/\";i:126;s:12:\"/taxes/edit/\";i:127;s:13:\"/taxes/index/\";i:128;s:7:\"/terms/\";i:129;s:11:\"/terms/add/\";i:130;s:12:\"/terms/edit/\";i:131;s:13:\"/terms/index/\";i:132;s:15:\"/time_tracking/\";i:133;s:19:\"/time_tracking/add/\";i:134;s:22:\"/time_tracking/delete/\";i:135;s:20:\"/time_tracking/edit/\";i:136;s:31:\"/time_tracking/export_to_excel/\";i:137;s:21:\"/time_tracking/index/\";i:138;s:12:\"/users_rate/\";i:139;s:18:\"/users_rate/index/\";i:140;s:22:\"/users_rate/rate_edit/\";i:141;s:10:\"/vouchers/\";i:142;s:19:\"/vouchers/bill_add/\";i:143;s:20:\"/vouchers/bill_edit/\";i:144;s:31:\"/vouchers/bill_export_to_excel/\";i:145;s:33:\"/vouchers/bill_related_documents/\";i:146;s:27:\"/vouchers/bill_upload_file/\";i:147;s:27:\"/vouchers/bill_rename_file/\";i:148;s:30:\"/vouchers/bill_edit_documents/\";i:149;s:29:\"/vouchers/bill_download_file/\";i:150;s:31:\"/vouchers/bill_delete_document/\";i:151;s:27:\"/vouchers/bill_payment_add/\";i:152;s:30:\"/vouchers/bill_payment_delete/\";i:153;s:28:\"/vouchers/bill_payment_edit/\";i:154;s:29:\"/vouchers/bill_payment_print/\";i:155;s:29:\"/vouchers/bill_payments_made/\";i:156;s:37:\"/vouchers/bill_payment_download_file/\";i:157;s:21:\"/vouchers/bills_list/\";i:158;s:29:\"/vouchers/bills_bulk_payment/\";i:159;s:22:\"/vouchers/delete_bill/\";i:160;s:22:\"/vouchers/invoice_add/\";i:161;s:23:\"/vouchers/invoice_edit/\";i:162;s:25:\"/vouchers/cancel_invoice/\";i:163;s:34:\"/vouchers/convert_invoice_to_open/\";i:164;s:32:\"/vouchers/export_invoice_to_pdf/\";i:165;s:34:\"/vouchers/invoice_export_to_excel/\";i:166;s:33:\"/vouchers/invoice_export_options/\";i:167;s:36:\"/vouchers/invoice_related_documents/\";i:168;s:30:\"/vouchers/invoice_upload_file/\";i:169;s:30:\"/vouchers/invoice_rename_file/\";i:170;s:33:\"/vouchers/invoice_edit_documents/\";i:171;s:32:\"/vouchers/invoice_download_file/\";i:172;s:34:\"/vouchers/invoice_delete_document/\";i:173;s:30:\"/vouchers/invoice_payment_add/\";i:174;s:33:\"/vouchers/invoice_payment_delete/\";i:175;s:31:\"/vouchers/invoice_payment_edit/\";i:176;s:32:\"/vouchers/invoice_payment_print/\";i:177;s:32:\"/vouchers/invoice_payments_made/\";i:178;s:33:\"/vouchers/invoice_template_print/\";i:179;s:40:\"/vouchers/invoice_payment_download_file/\";i:180;s:31:\"/vouchers/set_invoice_as_draft/\";i:181;s:32:\"/vouchers/change_invoice_number/\";i:182;s:26:\"/vouchers/invoice_details/\";i:183;s:24:\"/vouchers/invoices_list/\";i:184;s:33:\"/vouchers/invoice_details_export/\";i:185;s:39:\"/vouchers/invoice_details_export_excel/\";i:186;s:33:\"/vouchers/payment_export_options/\";i:187;s:44:\"/vouchers/add_invoice_hide_unhide_item_date/\";i:188;s:45:\"/vouchers/edit_invoice_hide_unhide_item_date/\";i:189;s:25:\"/vouchers/delete_invoice/\";i:190;s:22:\"/vouchers/expense_add/\";i:191;s:25:\"/vouchers/expense_delete/\";i:192;s:23:\"/vouchers/expense_edit/\";i:193;s:28:\"/vouchers/case_expenses_add/\";i:194;s:29:\"/vouchers/event_expenses_add/\";i:195;s:31:\"/vouchers/hearing_expenses_add/\";i:196;s:28:\"/vouchers/task_expenses_add/\";i:197;s:39:\"/vouchers/get_expense_accounts_by_type/\";i:198;s:32:\"/vouchers/change_expense_status/\";i:199;s:34:\"/vouchers/expense_export_to_excel/\";i:200;s:36:\"/vouchers/expense_related_documents/\";i:201;s:30:\"/vouchers/expense_upload_file/\";i:202;s:30:\"/vouchers/expense_rename_file/\";i:203;s:33:\"/vouchers/expense_edit_documents/\";i:204;s:32:\"/vouchers/expense_download_file/\";i:205;s:34:\"/vouchers/expense_delete_document/\";i:206;s:24:\"/vouchers/expenses_list/\";i:207;s:38:\"/vouchers/move_expense_status_to_open/\";i:208;s:42:\"/vouchers/move_expense_status_to_approved/\";i:209;s:48:\"/vouchers/move_expense_status_to_needs_revision/\";i:210;s:43:\"/vouchers/move_expense_status_to_cancelled/\";i:211;s:45:\"/vouchers/bulk_change_expense_status_to_open/\";i:212;s:49:\"/vouchers/bulk_change_expense_status_to_approved/\";i:213;s:28:\"/vouchers/get_expense_notes/\";i:214;s:22:\"/vouchers/journal_add/\";i:215;s:25:\"/vouchers/journal_delete/\";i:216;s:23:\"/vouchers/journal_edit/\";i:217;s:24:\"/vouchers/journal_print/\";i:218;s:24:\"/vouchers/journals_list/\";i:219;s:40:\"/vouchers/settlement_of_partner_account/\";i:220;s:32:\"/vouchers/invoice_edit_hide_tax/\";i:221;s:34:\"/vouchers/invoice_edit_unhide_tax/\";i:222;s:37:\"/vouchers/invoice_edit_hide_discount/\";i:223;s:39:\"/vouchers/invoice_edit_unhide_discount/\";i:224;s:38:\"/vouchers/invoice_add_hide_unhide_tax/\";i:225;s:43:\"/vouchers/invoice_add_hide_unhide_discount/\";i:226;s:29:\"/vouchers/bill_edit_hide_tax/\";i:227;s:31:\"/vouchers/bill_edit_unhide_tax/\";i:228;s:36:\"/vouchers/bills_add_hide_unhide_tax/\";i:229;s:34:\"/vouchers/petty_cash_user_mapping/\";i:230;s:39:\"/vouchers/petty_cash_user_mapping_edit/\";i:231;s:50:\"/vouchers/petty_case_user_mapping_export_to_excel/\";i:232;s:42:\"/vouchers/add_quote_hide_unhide_item_date/\";i:233;s:43:\"/vouchers/edit_quote_hide_unhide_item_date/\";i:234;s:41:\"/vouchers/quote_add_hide_unhide_discount/\";i:235;s:36:\"/vouchers/quote_add_hide_unhide_tax/\";i:236;s:35:\"/vouchers/quote_edit_hide_discount/\";i:237;s:37:\"/vouchers/quote_edit_unhide_discount/\";i:238;s:30:\"/vouchers/quote_edit_hide_tax/\";i:239;s:32:\"/vouchers/quote_edit_unhide_tax/\";i:240;s:35:\"/vouchers/convert_quote_to_invoice/\";i:241;s:23:\"/vouchers/delete_quote/\";i:242;s:26:\"/vouchers/get_quote_notes/\";i:243;s:31:\"/vouchers/move_quote_status_to/\";i:244;s:20:\"/vouchers/quote_add/\";i:245;s:21:\"/vouchers/quote_edit/\";i:246;s:22:\"/vouchers/quotes_list/\";i:247;s:32:\"/vouchers/quote_export_to_excel/\";i:248;s:31:\"/vouchers/quote_export_to_word/\";i:249;s:32:\"/vouchers/quote_delete_document/\";i:250;s:30:\"/vouchers/quote_download_file/\";i:251;s:34:\"/vouchers/quote_related_documents/\";i:252;s:28:\"/vouchers/quote_rename_file/\";i:253;s:28:\"/vouchers/quote_upload_file/\";i:254;s:31:\"/vouchers/quote_edit_documents/\";}s:8:\"calendar\";a:1:{i:0;s:1:\"/\";}s:8:\"contract\";a:62:{i:0;s:9:\"/clauses/\";i:1;s:13:\"/clauses/add/\";i:2;s:14:\"/clauses/edit/\";i:3;s:15:\"/clauses/index/\";i:4;s:16:\"/clauses/delete/\";i:5;s:11:\"/contracts/\";i:6;s:15:\"/contracts/add/\";i:7;s:16:\"/contracts/edit/\";i:8;s:16:\"/contracts/view/\";i:9;s:17:\"/contracts/index/\";i:10;s:31:\"/contracts/activate_deactivate/\";i:11;s:18:\"/contracts/delete/\";i:12;s:17:\"/contracts/amend/\";i:13;s:23:\"/contracts/set_privacy/\";i:14;s:36:\"/contracts/show_hide_document_in_cp/\";i:15;s:35:\"/contracts/show_in_customer_portal/\";i:16;s:35:\"/contracts/hide_in_customer_portal/\";i:17;s:45:\"/contracts/add_signature_signee_per_contract/\";i:18;s:31:\"/contracts/awaiting_signatures/\";i:19;s:38:\"/contracts/delete_signee_per_contract/\";i:20;s:46:\"/contracts/edit_signature_signee_per_contract/\";i:21;s:33:\"/contracts/load_signed_documents/\";i:22;s:35:\"/contracts/move_file_to_signed_tab/\";i:23;s:29:\"/contracts/related_contracts/\";i:24;s:32:\"/contracts/related_contract_add/\";i:25;s:33:\"/contracts/related_contract_edit/\";i:26;s:35:\"/contracts/related_contract_delete/\";i:27;s:29:\"/contracts/related_reminders/\";i:28;s:25:\"/contracts/related_tasks/\";i:29;s:17:\"/contracts/renew/\";i:30;s:23:\"/contracts/save_as_pdf/\";i:31;s:29:\"/contracts/sign_contract_doc/\";i:32;s:28:\"/contracts/signature_center/\";i:33;s:27:\"/contracts/approval_center/\";i:34;s:37:\"/contracts/add_approver_per_contract/\";i:35;s:38:\"/contracts/edit_approver_per_contract/\";i:36;s:40:\"/contracts/delete_approver_per_contract/\";i:37;s:32:\"/contracts/approve_all_contract/\";i:38;s:31:\"/contracts/submit_for_approval/\";i:39;s:23:\"/contracts/add_comment/\";i:40;s:24:\"/contracts/edit_comment/\";i:41;s:26:\"/contracts/delete_comment/\";i:42;s:20:\"/contracts/comments/\";i:43;s:21:\"/contracts/documents/\";i:44;s:25:\"/contracts/move_document/\";i:45;s:23:\"/contracts/upload_file/\";i:46;s:25:\"/contracts/create_folder/\";i:47;s:23:\"/contracts/rename_file/\";i:48;s:25:\"/contracts/rename_folder/\";i:49;s:26:\"/contracts/edit_documents/\";i:50;s:29:\"/contracts/generate_document/\";i:51;s:24:\"/contracts/share_folder/\";i:52;s:25:\"/contracts/download_file/\";i:53;s:30:\"/contracts/list_file_versions/\";i:54;s:27:\"/contracts/delete_document/\";i:55;s:16:\"/contracts/urls/\";i:56;s:19:\"/contracts/add_url/\";i:57;s:20:\"/contracts/edit_url/\";i:58;s:22:\"/contracts/delete_url/\";i:59;s:30:\"/contracts/awaiting_approvals/\";i:60;s:11:\"/dashboard/\";i:61;s:17:\"/dashboard/index/\";}}'),
 (6,	'a:4:{s:4:\"core\";a:131:{i:0;s:22:\"/companies/asset_view/\";i:1;s:20:\"/companies/auditors/\";i:2;s:19:\"/companies/lawyers/\";i:3;s:25:\"/companies/bank_accounts/\";i:4;s:27:\"/companies/containers_list/\";i:5;s:26:\"/companies/container_view/\";i:6;s:21:\"/companies/documents/\";i:7;s:30:\"/companies/list_file_versions/\";i:8;s:16:\"/companies/urls/\";i:9;s:17:\"/companies/index/\";i:10;s:28:\"/companies/related_contacts/\";i:11;s:25:\"/companies/related_cases/\";i:12;s:29:\"/companies/related_contracts/\";i:13;s:21:\"/companies/reminders/\";i:14;s:24:\"/companies/shareholders/\";i:15;s:29:\"/companies/tab_board_members/\";i:16;s:23:\"/companies/tab_company/\";i:17;s:32:\"/companies/show_hide_extra_tabs/\";i:18;s:34:\"/companies/entity_data_management/\";i:19;s:28:\"/companies/tab_shareholders/\";i:20;s:25:\"/companies/tab_tree_view/\";i:21;s:41:\"/companies/company_signature_authorities/\";i:22;s:27:\"/companies/social_security/\";i:23;s:29:\"/companies/get_company_notes/\";i:24;s:15:\"/contacts/edit/\";i:25;s:20:\"/contacts/documents/\";i:26;s:29:\"/contacts/list_file_versions/\";i:27;s:15:\"/contacts/urls/\";i:28;s:16:\"/contacts/index/\";i:29;s:18:\"/contacts/related/\";i:30;s:24:\"/contacts/related_cases/\";i:31;s:28:\"/contacts/related_contracts/\";i:32;s:17:\"/dashboard/cases/\";i:33;s:17:\"/dashboard/tasks/\";i:34;s:12:\"/docs/index/\";i:35;s:25:\"/docs/list_file_versions/\";i:36;s:11:\"/docs/urls/\";i:37;s:31:\"/intellectual_properties/index/\";i:38;s:34:\"/intellectual_properties/renewals/\";i:39;s:47:\"/intellectual_properties/petitions_oppositions/\";i:40;s:35:\"/intellectual_properties/documents/\";i:41;s:44:\"/intellectual_properties/list_file_versions/\";i:42;s:30:\"/intellectual_properties/urls/\";i:43;s:31:\"/intellectual_properties/tasks/\";i:44;s:34:\"/intellectual_properties/expenses/\";i:45;s:35:\"/intellectual_properties/time_logs/\";i:46;s:45:\"/intellectual_properties/user_rates_per_hour/\";i:47;s:33:\"/intellectual_properties/related/\";i:48;s:23:\"/case_containers/index/\";i:49;s:51:\"/case_containers/return_related_containers_details/\";i:50;s:27:\"/case_containers/documents/\";i:51;s:36:\"/case_containers/list_file_versions/\";i:52;s:22:\"/case_containers/urls/\";i:53;s:29:\"/cases/advisor_task_comments/\";i:54;s:17:\"/cases/container/\";i:55;s:17:\"/cases/documents/\";i:56;s:26:\"/cases/list_file_versions/\";i:57;s:12:\"/cases/urls/\";i:58;s:16:\"/cases/expenses/\";i:59;s:24:\"/cases/get_all_comments/\";i:60;s:16:\"/cases/hearings/\";i:61;s:21:\"/cases/list_hearings/\";i:62;s:27:\"/cases/all_todays_hearings/\";i:63;s:26:\"/cases/my_todays_hearings/\";i:64;s:33:\"/cases/all_hearings_for_tomorrow/\";i:65;s:32:\"/cases/my_hearings_for_tomorrow/\";i:66;s:34:\"/cases/all_hearings_for_this_week/\";i:67;s:33:\"/cases/my_hearings_for_this_week/\";i:68;s:35:\"/cases/all_hearings_for_this_month/\";i:69;s:34:\"/cases/my_hearings_for_this_month/\";i:70;s:23:\"/cases/judged_hearings/\";i:71;s:25:\"/cases/verified_hearings/\";i:72;s:29:\"/cases/non_verified_hearings/\";i:73;s:20:\"/cases/legal_matter/\";i:74;s:23:\"/cases/litigation_case/\";i:75;s:15:\"/cases/related/\";i:76;s:17:\"/cases/reminders/\";i:77;s:25:\"/cases/related_contracts/\";i:78;s:13:\"/cases/tasks/\";i:79;s:17:\"/cases/time_logs/\";i:80;s:21:\"/cases/advisor_tasks/\";i:81;s:20:\"/cases/advisor_task/\";i:82;s:27:\"/cases/user_rates_per_hour/\";i:83;s:33:\"/cases/fetch_case_stages_history/\";i:84;s:34:\"/cases/fetch_audit_report_history/\";i:85;s:14:\"/cases/events/\";i:86;s:21:\"/cases/get_case_rate/\";i:87;s:42:\"/preferred_shares/get_company_shares_grid/\";i:88;s:24:\"/preferred_shares/index/\";i:89;s:29:\"/reports/board_member_finder/\";i:90;s:26:\"/reports/companies_assets/\";i:91;s:41:\"/reports/cases_per_assignee_per_due_date/\";i:92;s:39:\"/reports/cases_per_assignee_per_status/\";i:93;s:40:\"/reports/cases_per_company_per_assignee/\";i:94;s:36:\"/reports/cases_per_company_per_role/\";i:95;s:40:\"/reports/cases_per_contact_per_assignee/\";i:96;s:36:\"/reports/cases_per_contact_per_role/\";i:97;s:46:\"/reports/cases_per_external_lawyer_per_status/\";i:98;s:36:\"/reports/matters_attachments_report/\";i:99;s:40:\"/reports/company_shareholders_tree_view/\";i:100;s:33:\"/reports/company_related_matters/\";i:101;s:41:\"/reports/contacts_per_group_of_companies/\";i:102;s:30:\"/reports/conflict_of_interset/\";i:103;s:30:\"/reports/advanced_case_report/\";i:104;s:15:\"/reports/index/\";i:105;s:27:\"/reports/shareholder_votes/\";i:106;s:29:\"/reports/shareholders_finder/\";i:107;s:24:\"/reports/shares_by_date/\";i:108;s:26:\"/reports/shares_by_holder/\";i:109;s:31:\"/reports/time_tracking_by_case/\";i:110;s:26:\"/reports/case_value_tiers/\";i:111;s:32:\"/reports/case_value_tiers_chart/\";i:112;s:24:\"/reports/cases_by_tiers/\";i:113;s:37:\"/reports/case_values_per_client_name/\";i:114;s:43:\"/reports/case_values_per_client_name_micro/\";i:115;s:43:\"/reports/case_values_per_client_name_chart/\";i:116;s:24:\"/reports/report_builder/\";i:117;s:29:\"/reports/report_builder_view/\";i:118;s:39:\"/reports/companies_per_ss_expiry_dates/\";i:119;s:36:\"/reports/time_tracking_by_seniority/\";i:120;s:27:\"/reports/time_tracking_kpi/\";i:121;s:33:\"/reports/time_tracking_kpi_micro/\";i:122;s:38:\"/reports/hearings_roll_session_report/\";i:123;s:34:\"/reports/hearings_pending_updates/\";i:124;s:39:\"/reports/sla_met_vs_breached_bar_chart/\";i:125;s:40:\"/reports/hearing_roll_session_per_court/\";i:126;s:27:\"/reports/task_roll_session/\";i:127;s:13:\"/reports/sla/\";i:128;s:12:\"/tasks/view/\";i:129;s:8:\"/search/\";i:130;s:18:\"/search/universal/\";}s:8:\"calendar\";a:1:{i:0;s:17:\"/calendars/index/\";}s:5:\"money\";a:0:{}s:8:\"contract\";a:21:{i:0;s:15:\"/clauses/index/\";i:1;s:16:\"/contracts/view/\";i:2;s:17:\"/contracts/index/\";i:3;s:25:\"/contracts/related_cases/\";i:4;s:31:\"/contracts/awaiting_signatures/\";i:5;s:33:\"/contracts/load_signed_documents/\";i:6;s:29:\"/contracts/related_contracts/\";i:7;s:29:\"/contracts/related_reminders/\";i:8;s:25:\"/contracts/related_tasks/\";i:9;s:28:\"/contracts/signature_center/\";i:10;s:27:\"/contracts/approval_center/\";i:11;s:20:\"/contracts/comments/\";i:12;s:21:\"/contracts/documents/\";i:13;s:30:\"/contracts/list_file_versions/\";i:14;s:16:\"/contracts/urls/\";i:15;s:30:\"/contracts/awaiting_approvals/\";i:16;s:28:\"/contracts/get_all_comments/\";i:17;s:40:\"/contracts/get_all_core_and_cp_comments/\";i:18;s:34:\"/contracts/get_all_email_comments/\";i:19;s:11:\"/dashboard/\";i:20;s:17:\"/dashboard/index/\";}}'),
 (7,	'a:4:{s:4:\"core\";a:96:{i:0;s:22:\"/companies/asset_view/\";i:1;s:20:\"/companies/auditors/\";i:2;s:19:\"/companies/lawyers/\";i:3;s:25:\"/companies/bank_accounts/\";i:4;s:27:\"/companies/containers_list/\";i:5;s:26:\"/companies/container_view/\";i:6;s:21:\"/companies/documents/\";i:7;s:30:\"/companies/list_file_versions/\";i:8;s:17:\"/companies/index/\";i:9;s:28:\"/companies/related_contacts/\";i:10;s:25:\"/companies/related_cases/\";i:11;s:29:\"/companies/related_contracts/\";i:12;s:21:\"/companies/reminders/\";i:13;s:24:\"/companies/shareholders/\";i:14;s:29:\"/companies/tab_board_members/\";i:15;s:23:\"/companies/tab_company/\";i:16;s:32:\"/companies/show_hide_extra_tabs/\";i:17;s:28:\"/companies/tab_shareholders/\";i:18;s:25:\"/companies/tab_tree_view/\";i:19;s:41:\"/companies/company_signature_authorities/\";i:20;s:27:\"/companies/social_security/\";i:21;s:29:\"/companies/get_company_notes/\";i:22;s:20:\"/contacts/documents/\";i:23;s:29:\"/contacts/list_file_versions/\";i:24;s:16:\"/contacts/index/\";i:25;s:18:\"/contacts/related/\";i:26;s:24:\"/contacts/related_cases/\";i:27;s:28:\"/contacts/related_contracts/\";i:28;s:17:\"/dashboard/cases/\";i:29;s:17:\"/dashboard/tasks/\";i:30;s:12:\"/docs/index/\";i:31;s:25:\"/docs/list_file_versions/\";i:32;s:31:\"/intellectual_properties/index/\";i:33;s:34:\"/intellectual_properties/renewals/\";i:34;s:47:\"/intellectual_properties/petitions_oppositions/\";i:35;s:35:\"/intellectual_properties/documents/\";i:36;s:39:\"/intellectual_properties/download_file/\";i:37;s:44:\"/intellectual_properties/list_file_versions/\";i:38;s:30:\"/intellectual_properties/urls/\";i:39;s:31:\"/intellectual_properties/tasks/\";i:40;s:34:\"/intellectual_properties/expenses/\";i:41;s:35:\"/intellectual_properties/time_logs/\";i:42;s:45:\"/intellectual_properties/user_rates_per_hour/\";i:43;s:33:\"/intellectual_properties/related/\";i:44;s:23:\"/case_containers/index/\";i:45;s:51:\"/case_containers/return_related_containers_details/\";i:46;s:17:\"/cases/container/\";i:47;s:17:\"/cases/documents/\";i:48;s:26:\"/cases/list_file_versions/\";i:49;s:16:\"/cases/expenses/\";i:50;s:24:\"/cases/get_all_comments/\";i:51;s:16:\"/cases/hearings/\";i:52;s:20:\"/cases/legal_matter/\";i:53;s:18:\"/cases/litigation/\";i:54;s:23:\"/cases/litigation_case/\";i:55;s:15:\"/cases/related/\";i:56;s:17:\"/cases/reminders/\";i:57;s:13:\"/cases/tasks/\";i:58;s:17:\"/cases/time_logs/\";i:59;s:27:\"/cases/user_rates_per_hour/\";i:60;s:33:\"/cases/fetch_case_stages_history/\";i:61;s:14:\"/cases/events/\";i:62;s:26:\"/cases/return_events_html/\";i:63;s:21:\"/cases/get_case_rate/\";i:64;s:42:\"/preferred_shares/get_company_shares_grid/\";i:65;s:24:\"/preferred_shares/index/\";i:66;s:29:\"/reports/board_member_finder/\";i:67;s:41:\"/reports/cases_per_assignee_per_due_date/\";i:68;s:39:\"/reports/cases_per_assignee_per_status/\";i:69;s:40:\"/reports/cases_per_company_per_assignee/\";i:70;s:36:\"/reports/cases_per_company_per_role/\";i:71;s:40:\"/reports/cases_per_contact_per_assignee/\";i:72;s:36:\"/reports/cases_per_contact_per_role/\";i:73;s:46:\"/reports/cases_per_external_lawyer_per_status/\";i:74;s:40:\"/reports/company_shareholders_tree_view/\";i:75;s:33:\"/reports/company_related_matters/\";i:76;s:41:\"/reports/contacts_per_group_of_companies/\";i:77;s:15:\"/reports/index/\";i:78;s:27:\"/reports/shareholder_votes/\";i:79;s:29:\"/reports/shareholders_finder/\";i:80;s:24:\"/reports/shares_by_date/\";i:81;s:26:\"/reports/shares_by_holder/\";i:82;s:31:\"/reports/time_tracking_by_case/\";i:83;s:26:\"/reports/case_value_tiers/\";i:84;s:32:\"/reports/case_value_tiers_chart/\";i:85;s:24:\"/reports/cases_by_tiers/\";i:86;s:37:\"/reports/case_values_per_client_name/\";i:87;s:43:\"/reports/case_values_per_client_name_micro/\";i:88;s:43:\"/reports/case_values_per_client_name_chart/\";i:89;s:39:\"/reports/companies_per_ss_expiry_dates/\";i:90;s:36:\"/reports/time_tracking_by_seniority/\";i:91;s:27:\"/reports/time_tracking_kpi/\";i:92;s:33:\"/reports/time_tracking_kpi_micro/\";i:93;s:12:\"/tasks/view/\";i:94;s:8:\"/search/\";i:95;s:18:\"/search/universal/\";}s:8:\"calendar\";a:1:{i:0;s:1:\"/\";}s:5:\"money\";a:61:{i:0;s:16:\"/accounts/index/\";i:1;s:28:\"/accounts/show_transactions/\";i:2;s:18:\"/accounts/clients/\";i:3;s:19:\"/accounts/partners/\";i:4;s:20:\"/accounts/suppliers/\";i:5;s:24:\"/clients/client_details/\";i:6;s:19:\"/clients/documents/\";i:7;s:15:\"/clients/index/\";i:8;s:18:\"/clients/deposits/\";i:9;s:24:\"/money_dashboards/index/\";i:10;s:17:\"/discounts/index/\";i:11;s:21:\"/organizations/index/\";i:12;s:38:\"/organization_invoice_templates/index/\";i:13;s:50:\"/organization_invoice_templates/partner_statement/\";i:14;s:26:\"/expense_categories/index/\";i:15;s:21:\"/invoice_notes/index/\";i:16;s:13:\"/items/index/\";i:17;s:25:\"/money_preferences/index/\";i:18;s:26:\"/partners/partner_details/\";i:19;s:16:\"/partners/index/\";i:20;s:23:\"/reports/balance_sheet/\";i:21;s:18:\"/reports/expenses/\";i:22;s:15:\"/reports/index/\";i:23;s:19:\"/reports/statement/\";i:24;s:26:\"/reports/client_statement/\";i:25;s:23:\"/reports/trial_balance/\";i:26;s:49:\"/reports/judgment_value_vs_case_value_per_client/\";i:27;s:55:\"/reports/judgment_value_vs_case_value_per_client_micro/\";i:28;s:55:\"/reports/judgment_value_vs_case_value_per_client_chart/\";i:29;s:34:\"/reports/case_expenses_per_client/\";i:30;s:40:\"/reports/case_expenses_per_client_micro/\";i:31;s:40:\"/reports/case_expenses_per_client_chart/\";i:32;s:26:\"/reports/income_statement/\";i:33;s:30:\"/reports/uninvoiced_time_logs/\";i:34;s:29:\"/reports/time_logs_per_month/\";i:35;s:31:\"/reports/all_account_statement/\";i:36;s:24:\"/reports/general_ledger/\";i:37;s:33:\"/reports/detailed_general_ledger/\";i:38;s:18:\"/reports/payables/\";i:39;s:21:\"/reports/receivables/\";i:40;s:13:\"/setup/index/\";i:41;s:22:\"/supplier_taxes/index/\";i:42;s:15:\"/vendors/index/\";i:43;s:24:\"/vendors/vendor_details/\";i:44;s:13:\"/taxes/index/\";i:45;s:13:\"/terms/index/\";i:46;s:21:\"/time_tracking/index/\";i:47;s:18:\"/users_rate/index/\";i:48;s:33:\"/vouchers/bill_related_documents/\";i:49;s:29:\"/vouchers/bill_payments_made/\";i:50;s:21:\"/vouchers/bills_list/\";i:51;s:36:\"/vouchers/invoice_related_documents/\";i:52;s:32:\"/vouchers/invoice_payment_print/\";i:53;s:32:\"/vouchers/invoice_payments_made/\";i:54;s:24:\"/vouchers/invoices_list/\";i:55;s:36:\"/vouchers/expense_related_documents/\";i:56;s:24:\"/vouchers/expenses_list/\";i:57;s:24:\"/vouchers/journal_print/\";i:58;s:24:\"/vouchers/journals_list/\";i:59;s:22:\"/vouchers/quotes_list/\";i:60;s:23:\"/vouchers/credit_notes/\";}s:8:\"contract\";a:17:{i:0;s:15:\"/clauses/index/\";i:1;s:16:\"/contracts/view/\";i:2;s:17:\"/contracts/index/\";i:3;s:31:\"/contracts/awaiting_signatures/\";i:4;s:33:\"/contracts/load_signed_documents/\";i:5;s:29:\"/contracts/related_contracts/\";i:6;s:29:\"/contracts/related_reminders/\";i:7;s:25:\"/contracts/related_tasks/\";i:8;s:28:\"/contracts/signature_center/\";i:9;s:27:\"/contracts/approval_center/\";i:10;s:20:\"/contracts/comments/\";i:11;s:21:\"/contracts/documents/\";i:12;s:30:\"/contracts/list_file_versions/\";i:13;s:16:\"/contracts/urls/\";i:14;s:30:\"/contracts/awaiting_approvals/\";i:15;s:11:\"/dashboard/\";i:16;s:17:\"/dashboard/index/\";}}'),
 (8,	'a:4:{s:4:\"core\";a:427:{i:0;s:10:\"/advisors/\";i:1;s:16:\"/advisors/users/\";i:2;s:19:\"/advisors/user_add/\";i:3;s:20:\"/advisors/user_edit/\";i:4;s:35:\"/advisors/user_activate_deactivate/\";i:5;s:20:\"/advisors/ban_unban/\";i:6;s:34:\"/advisors/flag_to_change_password/\";i:7;s:33:\"/advisors/manage_email_templates/\";i:8;s:29:\"/advisors/portal_permissions/\";i:9;s:33:\"/advisors/set_get_email_template/\";i:10;s:24:\"/advisor_task_workflows/\";i:11;s:37:\"/advisor_task_workflows/add_workflow/\";i:12;s:44:\"/advisor_task_workflows/add_workflow_status/\";i:13;s:39:\"/advisor_task_workflows/add_transition/\";i:14;s:42:\"/advisor_task_workflows/delete_transition/\";i:15;s:40:\"/advisor_task_workflows/delete_workflow/\";i:16;s:47:\"/advisor_task_workflows/delete_workflow_status/\";i:17;s:40:\"/advisor_task_workflows/edit_transition/\";i:18;s:38:\"/advisor_task_workflows/edit_workflow/\";i:19;s:30:\"/advisor_task_workflows/index/\";i:20;s:41:\"/advisor_task_workflows/migrate_statuses/\";i:21;s:43:\"/advisor_task_workflows/set_as_start_point/\";i:22;s:48:\"/advisor_task_workflows/view_status_transitions/\";i:23;s:12:\"/case_types/\";i:24;s:16:\"/case_types/add/\";i:25;s:19:\"/case_types/delete/\";i:26;s:17:\"/case_types/edit/\";i:27;s:18:\"/case_types/index/\";i:28;s:17:\"/provider_groups/\";i:29;s:21:\"/provider_groups/add/\";i:30;s:24:\"/provider_groups/delete/\";i:31;s:22:\"/provider_groups/edit/\";i:32;s:23:\"/provider_groups/index/\";i:33;s:27:\"/provider_groups/quick_add/\";i:34;s:40:\"/provider_groups/quick_add_user_to_team/\";i:35;s:13:\"/assignments/\";i:36;s:19:\"/assignments/cases/\";i:37;s:19:\"/assignments/tasks/\";i:38;s:20:\"/board_member_roles/\";i:39;s:24:\"/board_member_roles/add/\";i:40;s:27:\"/board_member_roles/delete/\";i:41;s:25:\"/board_member_roles/edit/\";i:42;s:26:\"/board_member_roles/index/\";i:43;s:21:\"/company_asset_types/\";i:44;s:25:\"/company_asset_types/add/\";i:45;s:28:\"/company_asset_types/delete/\";i:46;s:26:\"/company_asset_types/edit/\";i:47;s:27:\"/company_asset_types/index/\";i:48;s:27:\"/company_document_statuses/\";i:49;s:31:\"/company_document_statuses/add/\";i:50;s:34:\"/company_document_statuses/delete/\";i:51;s:32:\"/company_document_statuses/edit/\";i:52;s:33:\"/company_document_statuses/index/\";i:53;s:24:\"/company_document_types/\";i:54;s:28:\"/company_document_types/add/\";i:55;s:31:\"/company_document_types/delete/\";i:56;s:29:\"/company_document_types/edit/\";i:57;s:30:\"/company_document_types/index/\";i:58;s:21:\"/company_legal_types/\";i:59;s:25:\"/company_legal_types/add/\";i:60;s:28:\"/company_legal_types/delete/\";i:61;s:26:\"/company_legal_types/edit/\";i:62;s:27:\"/company_legal_types/index/\";i:63;s:28:\"/company_ss_discharge_types/\";i:64;s:32:\"/company_ss_discharge_types/add/\";i:65;s:35:\"/company_ss_discharge_types/delete/\";i:66;s:33:\"/company_ss_discharge_types/edit/\";i:67;s:34:\"/company_ss_discharge_types/index/\";i:68;s:28:\"/contact_company_categories/\";i:69;s:34:\"/contact_company_categories/index/\";i:70;s:32:\"/contact_company_sub_categories/\";i:71;s:36:\"/contact_company_sub_categories/add/\";i:72;s:39:\"/contact_company_sub_categories/delete/\";i:73;s:37:\"/contact_company_sub_categories/edit/\";i:74;s:38:\"/contact_company_sub_categories/index/\";i:75;s:27:\"/contact_document_statuses/\";i:76;s:31:\"/contact_document_statuses/add/\";i:77;s:34:\"/contact_document_statuses/delete/\";i:78;s:32:\"/contact_document_statuses/edit/\";i:79;s:33:\"/contact_document_statuses/index/\";i:80;s:24:\"/contact_document_types/\";i:81;s:28:\"/contact_document_types/add/\";i:82;s:31:\"/contact_document_types/delete/\";i:83;s:29:\"/contact_document_types/edit/\";i:84;s:30:\"/contact_document_types/index/\";i:85;s:15:\"/court_degrees/\";i:86;s:19:\"/court_degrees/add/\";i:87;s:22:\"/court_degrees/delete/\";i:88;s:20:\"/court_degrees/edit/\";i:89;s:21:\"/court_degrees/index/\";i:90;s:15:\"/court_regions/\";i:91;s:19:\"/court_regions/add/\";i:92;s:22:\"/court_regions/delete/\";i:93;s:20:\"/court_regions/edit/\";i:94;s:21:\"/court_regions/index/\";i:95;s:13:\"/court_types/\";i:96;s:17:\"/court_types/add/\";i:97;s:20:\"/court_types/delete/\";i:98;s:18:\"/court_types/edit/\";i:99;s:19:\"/court_types/index/\";i:100;s:8:\"/courts/\";i:101;s:12:\"/courts/add/\";i:102;s:15:\"/courts/delete/\";i:103;s:13:\"/courts/edit/\";i:104;s:14:\"/courts/index/\";i:105;s:15:\"/custom_fields/\";i:106;s:21:\"/custom_fields/cases/\";i:107;s:25:\"/custom_fields/companies/\";i:108;s:24:\"/custom_fields/contacts/\";i:109;s:29:\"/custom_fields/company_asset/\";i:110;s:21:\"/custom_fields/tasks/\";i:111;s:19:\"/custom_fields/add/\";i:112;s:22:\"/custom_fields/delete/\";i:113;s:20:\"/custom_fields/edit/\";i:114;s:32:\"/custom_fields/set_fields_order/\";i:115;s:39:\"/dashboard/litigation_dashboard_config/\";i:116;s:17:\"/dashboard/admin/\";i:117;s:29:\"/dashboard/case_board_config/\";i:118;s:23:\"/dashboard/case_boards/\";i:119;s:29:\"/dashboard/task_board_config/\";i:120;s:23:\"/dashboard/task_boards/\";i:121;s:24:\"/docs_document_statuses/\";i:122;s:28:\"/docs_document_statuses/add/\";i:123;s:31:\"/docs_document_statuses/delete/\";i:124;s:29:\"/docs_document_statuses/edit/\";i:125;s:30:\"/docs_document_statuses/index/\";i:126;s:21:\"/docs_document_types/\";i:127;s:25:\"/docs_document_types/add/\";i:128;s:28:\"/docs_document_types/delete/\";i:129;s:26:\"/docs_document_types/edit/\";i:130;s:27:\"/docs_document_types/index/\";i:131;s:20:\"/document_generator/\";i:132;s:26:\"/document_generator/index/\";i:133;s:14:\"/export/users/\";i:134;s:20:\"/export/users_audit/\";i:135;s:25:\"/export/users_management/\";i:136;s:20:\"/export/user_groups/\";i:137;s:22:\"/export/advisor_users/\";i:138;s:25:\"/hearing_outcome_reasons/\";i:139;s:29:\"/hearing_outcome_reasons/add/\";i:140;s:30:\"/hearing_outcome_reasons/edit/\";i:141;s:31:\"/hearing_outcome_reasons/index/\";i:142;s:32:\"/hearing_outcome_reasons/delete/\";i:143;s:26:\"/hearing_report_generator/\";i:144;s:32:\"/hearing_report_generator/index/\";i:145;s:15:\"/hearing_types/\";i:146;s:19:\"/hearing_types/add/\";i:147;s:20:\"/hearing_types/edit/\";i:148;s:21:\"/hearing_types/index/\";i:149;s:22:\"/hearing_types/delete/\";i:150;s:13:\"/import_data/\";i:151;s:22:\"/import_data/contacts/\";i:152;s:40:\"/import_data/download_contacts_template/\";i:153;s:39:\"/import_data/download_ignored_contacts/\";i:154;s:23:\"/import_data/companies/\";i:155;s:41:\"/import_data/download_companies_template/\";i:156;s:40:\"/import_data/download_ignored_companies/\";i:157;s:30:\"/import_data/litigation_cases/\";i:158;s:48:\"/import_data/download_litigation_cases_template/\";i:159;s:47:\"/import_data/download_ignored_litigation_cases/\";i:160;s:31:\"/import_data/corporate_matters/\";i:161;s:49:\"/import_data/download_corporate_matters_template/\";i:162;s:48:\"/import_data/download_ignored_corporate_matters/\";i:163;s:37:\"/import_data/intellectual_properties/\";i:164;s:55:\"/import_data/download_intellectual_properties_template/\";i:165;s:54:\"/import_data/download_ignored_intellectual_properties/\";i:166;s:31:\"/import_data/matter_containers/\";i:167;s:49:\"/import_data/download_matter_containers_template/\";i:168;s:48:\"/import_data/download_ignored_matter_containers/\";i:169;s:19:\"/import_data/tasks/\";i:170;s:37:\"/import_data/download_tasks_template/\";i:171;s:36:\"/import_data/download_ignored_tasks/\";i:172;s:14:\"/integrations/\";i:173;s:20:\"/integrations/index/\";i:174;s:12:\"/ip_classes/\";i:175;s:16:\"/ip_classes/add/\";i:176;s:17:\"/ip_classes/edit/\";i:177;s:18:\"/ip_classes/index/\";i:178;s:19:\"/ip_classes/delete/\";i:179;s:10:\"/ip_names/\";i:180;s:14:\"/ip_names/add/\";i:181;s:15:\"/ip_names/edit/\";i:182;s:16:\"/ip_names/index/\";i:183;s:17:\"/ip_names/delete/\";i:184;s:30:\"/intellectual_property_rights/\";i:185;s:34:\"/intellectual_property_rights/add/\";i:186;s:35:\"/intellectual_property_rights/edit/\";i:187;s:36:\"/intellectual_property_rights/index/\";i:188;s:37:\"/intellectual_property_rights/delete/\";i:189;s:13:\"/ip_statuses/\";i:190;s:17:\"/ip_statuses/add/\";i:191;s:18:\"/ip_statuses/edit/\";i:192;s:19:\"/ip_statuses/index/\";i:193;s:20:\"/ip_statuses/delete/\";i:194;s:18:\"/ip_subcategories/\";i:195;s:22:\"/ip_subcategories/add/\";i:196;s:23:\"/ip_subcategories/edit/\";i:197;s:24:\"/ip_subcategories/index/\";i:198;s:25:\"/ip_subcategories/delete/\";i:199;s:11:\"/look_feel/\";i:200;s:17:\"/look_feel/index/\";i:201;s:13:\"/maintenance/\";i:202;s:20:\"/maintenance/backup/\";i:203;s:17:\"/customer_portal/\";i:204;s:23:\"/customer_portal/users/\";i:205;s:26:\"/customer_portal/user_add/\";i:206;s:27:\"/customer_portal/user_edit/\";i:207;s:42:\"/customer_portal/user_activate_deactivate/\";i:208;s:27:\"/customer_portal/ban_unban/\";i:209;s:30:\"/customer_portal/user_migrate/\";i:210;s:37:\"/customer_portal/user_import_from_ad/\";i:211;s:44:\"/customer_portal/users_ad_search_by_account/\";i:212;s:37:\"/customer_portal/users_ad_search_all/\";i:213;s:32:\"/customer_portal/portal_screens/\";i:214;s:35:\"/customer_portal/portal_screen_add/\";i:215;s:36:\"/customer_portal/portal_screen_edit/\";i:216;s:36:\"/customer_portal/portal_screen_copy/\";i:217;s:38:\"/customer_portal/portal_screen_delete/\";i:218;s:36:\"/customer_portal/portal_permissions/\";i:219;s:41:\"/customer_portal/portal_screen_show_hide/\";i:220;s:40:\"/customer_portal/customers_by_companies/\";i:221;s:17:\"/license_manager/\";i:222;s:25:\"/license_manager/install/\";i:223;s:26:\"/manage_non_business_days/\";i:224;s:32:\"/manage_non_business_days/index/\";i:225;s:30:\"/manage_non_business_days/add/\";i:226;s:31:\"/manage_non_business_days/edit/\";i:227;s:33:\"/manage_non_business_days/delete/\";i:228;s:16:\"/task_workflows/\";i:229;s:29:\"/task_workflows/add_workflow/\";i:230;s:30:\"/task_workflows/edit_workflow/\";i:231;s:22:\"/task_workflows/index/\";i:232;s:32:\"/task_workflows/delete_workflow/\";i:233;s:36:\"/task_workflows/add_workflow_status/\";i:234;s:31:\"/task_workflows/add_transition/\";i:235;s:32:\"/task_workflows/edit_transition/\";i:236;s:34:\"/task_workflows/delete_transition/\";i:237;s:40:\"/task_workflows/view_status_transitions/\";i:238;s:41:\"/task_workflows/delete_status_transition/\";i:239;s:39:\"/task_workflows/delete_workflow_status/\";i:240;s:35:\"/task_workflows/set_as_start_point/\";i:241;s:18:\"/manage_workflows/\";i:242;s:22:\"/manage_workflows/add/\";i:243;s:23:\"/manage_workflows/edit/\";i:244;s:27:\"/manage_workflows/statuses/\";i:245;s:29:\"/manage_workflows/add_status/\";i:246;s:30:\"/manage_workflows/edit_status/\";i:247;s:40:\"/manage_workflows/add_status_transition/\";i:248;s:42:\"/manage_workflows/list_status_transitions/\";i:249;s:41:\"/manage_workflows/edit_status_transition/\";i:250;s:42:\"/manage_workflows/view_status_transitions/\";i:251;s:43:\"/manage_workflows/delete_status_transition/\";i:252;s:32:\"/manage_workflows/delete_status/\";i:253;s:39:\"/manage_workflows/list_all_transitions/\";i:254;s:34:\"/manage_workflows/delete_workflow/\";i:255;s:38:\"/manage_workflows/add_workflow_status/\";i:256;s:41:\"/manage_workflows/delete_workflow_status/\";i:257;s:37:\"/manage_workflows/set_as_start_point/\";i:258;s:32:\"/manage_workflows/statuses_list/\";i:259;s:23:\"/case_client_positions/\";i:260;s:27:\"/case_client_positions/add/\";i:261;s:30:\"/case_client_positions/delete/\";i:262;s:28:\"/case_client_positions/edit/\";i:263;s:29:\"/case_client_positions/index/\";i:264;s:20:\"/case_company_roles/\";i:265;s:24:\"/case_company_roles/add/\";i:266;s:27:\"/case_company_roles/delete/\";i:267;s:25:\"/case_company_roles/edit/\";i:268;s:26:\"/case_company_roles/index/\";i:269;s:20:\"/case_contact_roles/\";i:270;s:24:\"/case_contact_roles/add/\";i:271;s:27:\"/case_contact_roles/delete/\";i:272;s:25:\"/case_contact_roles/edit/\";i:273;s:26:\"/case_contact_roles/index/\";i:274;s:40:\"/legal_case_container_document_statuses/\";i:275;s:44:\"/legal_case_container_document_statuses/add/\";i:276;s:47:\"/legal_case_container_document_statuses/delete/\";i:277;s:45:\"/legal_case_container_document_statuses/edit/\";i:278;s:46:\"/legal_case_container_document_statuses/index/\";i:279;s:37:\"/legal_case_container_document_types/\";i:280;s:41:\"/legal_case_container_document_types/add/\";i:281;s:44:\"/legal_case_container_document_types/delete/\";i:282;s:42:\"/legal_case_container_document_types/edit/\";i:283;s:43:\"/legal_case_container_document_types/index/\";i:284;s:25:\"/case_container_statuses/\";i:285;s:29:\"/case_container_statuses/add/\";i:286;s:32:\"/case_container_statuses/delete/\";i:287;s:30:\"/case_container_statuses/edit/\";i:288;s:31:\"/case_container_statuses/index/\";i:289;s:31:\"/case_document_classifications/\";i:290;s:35:\"/case_document_classifications/add/\";i:291;s:38:\"/case_document_classifications/delete/\";i:292;s:36:\"/case_document_classifications/edit/\";i:293;s:37:\"/case_document_classifications/index/\";i:294;s:24:\"/case_document_statuses/\";i:295;s:28:\"/case_document_statuses/add/\";i:296;s:31:\"/case_document_statuses/delete/\";i:297;s:29:\"/case_document_statuses/edit/\";i:298;s:30:\"/case_document_statuses/index/\";i:299;s:21:\"/case_document_types/\";i:300;s:25:\"/case_document_types/add/\";i:301;s:28:\"/case_document_types/delete/\";i:302;s:26:\"/case_document_types/edit/\";i:303;s:27:\"/case_document_types/index/\";i:304;s:24:\"/legal_case_event_types/\";i:305;s:28:\"/legal_case_event_types/add/\";i:306;s:31:\"/legal_case_event_types/delete/\";i:307;s:29:\"/legal_case_event_types/edit/\";i:308;s:30:\"/legal_case_event_types/index/\";i:309;s:23:\"/case_folder_templates/\";i:310;s:29:\"/case_folder_templates/index/\";i:311;s:28:\"/case_folder_templates/edit/\";i:312;s:30:\"/case_folder_templates/delete/\";i:313;s:13:\"/case_stages/\";i:314;s:17:\"/case_stages/add/\";i:315;s:20:\"/case_stages/delete/\";i:316;s:18:\"/case_stages/edit/\";i:317;s:19:\"/case_stages/index/\";i:318;s:28:\"/case_success_probabilities/\";i:319;s:32:\"/case_success_probabilities/add/\";i:320;s:35:\"/case_success_probabilities/delete/\";i:321;s:33:\"/case_success_probabilities/edit/\";i:322;s:34:\"/case_success_probabilities/index/\";i:323;s:13:\"/event_types/\";i:324;s:17:\"/event_types/add/\";i:325;s:18:\"/event_types/edit/\";i:326;s:20:\"/event_types/delete/\";i:327;s:19:\"/event_types/index/\";i:328;s:25:\"/case_opponent_positions/\";i:329;s:31:\"/case_opponent_positions/index/\";i:330;s:29:\"/case_opponent_positions/add/\";i:331;s:30:\"/case_opponent_positions/edit/\";i:332;s:32:\"/case_opponent_positions/delete/\";i:333;s:24:\"/outlook_configurations/\";i:334;s:30:\"/outlook_configurations/index/\";i:335;s:30:\"/ip_petition_opposition_types/\";i:336;s:34:\"/ip_petition_opposition_types/add/\";i:337;s:35:\"/ip_petition_opposition_types/edit/\";i:338;s:36:\"/ip_petition_opposition_types/index/\";i:339;s:37:\"/ip_petition_opposition_types/delete/\";i:340;s:16:\"/reminder_types/\";i:341;s:20:\"/reminder_types/add/\";i:342;s:23:\"/reminder_types/delete/\";i:343;s:21:\"/reminder_types/edit/\";i:344;s:22:\"/reminder_types/index/\";i:345;s:36:\"/reports/case_value_tiers_configure/\";i:346;s:16:\"/sla_management/\";i:347;s:20:\"/sla_management/add/\";i:348;s:23:\"/sla_management/delete/\";i:349;s:21:\"/sla_management/edit/\";i:350;s:22:\"/sla_management/index/\";i:351;s:18:\"/seniority_levels/\";i:352;s:22:\"/seniority_levels/add/\";i:353;s:25:\"/seniority_levels/delete/\";i:354;s:23:\"/seniority_levels/edit/\";i:355;s:24:\"/seniority_levels/index/\";i:356;s:10:\"/saml_sso/\";i:357;s:16:\"/saml_sso/index/\";i:358;s:23:\"/saml_sso/import_users/\";i:359;s:26:\"/saml_sso/import_cp_users/\";i:360;s:16:\"/stage_statuses/\";i:361;s:20:\"/stage_statuses/add/\";i:362;s:21:\"/stage_statuses/edit/\";i:363;s:22:\"/stage_statuses/index/\";i:364;s:23:\"/stage_statuses/delete/\";i:365;s:20:\"/system_preferences/\";i:366;s:26:\"/system_preferences/index/\";i:367;s:38:\"/system_preferences/save_system_value/\";i:368;s:46:\"/system_preferences/email_test_configurations/\";i:369;s:46:\"/system_preferences/email_notification_scheme/\";i:370;s:16:\"/task_locations/\";i:371;s:20:\"/task_locations/add/\";i:372;s:23:\"/task_locations/delete/\";i:373;s:21:\"/task_locations/edit/\";i:374;s:22:\"/task_locations/index/\";i:375;s:15:\"/task_statuses/\";i:376;s:19:\"/task_statuses/add/\";i:377;s:22:\"/task_statuses/delete/\";i:378;s:20:\"/task_statuses/edit/\";i:379;s:21:\"/task_statuses/index/\";i:380;s:12:\"/task_types/\";i:381;s:16:\"/task_types/add/\";i:382;s:19:\"/task_types/delete/\";i:383;s:17:\"/task_types/edit/\";i:384;s:18:\"/task_types/index/\";i:385;s:11:\"/tasks/add/\";i:386;s:12:\"/tasks/edit/\";i:387;s:12:\"/tasks/view/\";i:388;s:24:\"/time_internal_statuses/\";i:389;s:30:\"/time_internal_statuses/index/\";i:390;s:28:\"/time_internal_statuses/add/\";i:391;s:29:\"/time_internal_statuses/edit/\";i:392;s:31:\"/time_internal_statuses/delete/\";i:393;s:12:\"/time_types/\";i:394;s:16:\"/time_types/add/\";i:395;s:19:\"/time_types/delete/\";i:396;s:17:\"/time_types/edit/\";i:397;s:18:\"/time_types/index/\";i:398;s:8:\"/titles/\";i:399;s:12:\"/titles/add/\";i:400;s:15:\"/titles/delete/\";i:401;s:13:\"/titles/edit/\";i:402;s:14:\"/titles/index/\";i:403;s:17:\"/user_groups/add/\";i:404;s:18:\"/user_groups/edit/\";i:405;s:19:\"/user_groups/index/\";i:406;s:24:\"/user_groups/list_users/\";i:407;s:25:\"/user_groups/permissions/\";i:408;s:39:\"/user_groups/permissions_list_by_group/\";i:409;s:38:\"/user_groups/permissions_list_by_user/\";i:410;s:25:\"/user_groups/clone_group/\";i:411;s:27:\"/users/activate_deactivate/\";i:412;s:11:\"/users/add/\";i:413;s:17:\"/users/ban_unban/\";i:414;s:12:\"/users/edit/\";i:415;s:13:\"/users/index/\";i:416;s:24:\"/users/override_privacy/\";i:417;s:21:\"/users/audit_reports/\";i:418;s:31:\"/users/flag_to_change_password/\";i:419;s:28:\"/users/login_history_report/\";i:420;s:32:\"/users/clear_login_history_logs/\";i:421;s:22:\"/users/import_from_ad/\";i:422;s:22:\"/users/ajax_search_ad/\";i:423;s:26:\"/users/ad_test_connection/\";i:424;s:39:\"/users/sync_user_from_active_directory/\";i:425;s:22:\"/users/revoke_api_key/\";i:426;s:57:\"/users/convert_local_directory_users_to_active_directory/\";}s:5:\"money\";a:1:{i:0;s:0:\"\";}s:8:\"calendar\";a:1:{i:0;s:0:\"\";}s:8:\"contract\";a:90:{i:0;s:17:\"/applicable_laws/\";i:1;s:21:\"/applicable_laws/add/\";i:2;s:22:\"/applicable_laws/edit/\";i:3;s:23:\"/applicable_laws/index/\";i:4;s:24:\"/applicable_laws/delete/\";i:5;s:17:\"/approval_center/\";i:6;s:21:\"/approval_center/add/\";i:7;s:22:\"/approval_center/edit/\";i:8;s:23:\"/approval_center/index/\";i:9;s:24:\"/approval_center/delete/\";i:10;s:38:\"/approval_center/save_contract_status/\";i:11;s:32:\"/approval_center/delete_details/\";i:12;s:21:\"/contract_categories/\";i:13;s:25:\"/contract_categories/add/\";i:14;s:26:\"/contract_categories/edit/\";i:15;s:27:\"/contract_categories/index/\";i:16;s:28:\"/contract_categories/delete/\";i:17;s:28:\"/contract_document_statuses/\";i:18;s:32:\"/contract_document_statuses/add/\";i:19;s:33:\"/contract_document_statuses/edit/\";i:20;s:34:\"/contract_document_statuses/index/\";i:21;s:35:\"/contract_document_statuses/delete/\";i:22;s:25:\"/contract_document_types/\";i:23;s:29:\"/contract_document_types/add/\";i:24;s:30:\"/contract_document_types/edit/\";i:25;s:31:\"/contract_document_types/index/\";i:26;s:32:\"/contract_document_types/delete/\";i:27;s:19:\"/contract_renewals/\";i:28;s:23:\"/contract_renewals/add/\";i:29;s:24:\"/contract_renewals/edit/\";i:30;s:25:\"/contract_renewals/index/\";i:31;s:26:\"/contract_renewals/delete/\";i:32;s:19:\"/contract_statuses/\";i:33;s:23:\"/contract_statuses/add/\";i:34;s:24:\"/contract_statuses/edit/\";i:35;s:25:\"/contract_statuses/index/\";i:36;s:26:\"/contract_statuses/delete/\";i:37;s:20:\"/contract_templates/\";i:38;s:24:\"/contract_templates/add/\";i:39;s:25:\"/contract_templates/edit/\";i:40;s:26:\"/contract_templates/index/\";i:41;s:27:\"/contract_templates/delete/\";i:42;s:37:\"/contract_templates/preview_template/\";i:43;s:16:\"/contract_types/\";i:44;s:20:\"/contract_types/add/\";i:45;s:21:\"/contract_types/edit/\";i:46;s:22:\"/contract_types/index/\";i:47;s:23:\"/contract_types/delete/\";i:48;s:15:\"/custom_fields/\";i:49;s:19:\"/custom_fields/add/\";i:50;s:20:\"/custom_fields/edit/\";i:51;s:21:\"/custom_fields/index/\";i:52;s:22:\"/custom_fields/delete/\";i:53;s:32:\"/custom_fields/set_fields_order/\";i:54;s:17:\"/customer_portal/\";i:55;s:21:\"/customer_portal/add/\";i:56;s:22:\"/customer_portal/edit/\";i:57;s:25:\"/customer_portal/screens/\";i:58;s:24:\"/customer_portal/delete/\";i:59;s:29:\"/customer_portal/permissions/\";i:60;s:27:\"/customer_portal/show_hide/\";i:61;s:20:\"/contract_workflows/\";i:62;s:24:\"/contract_workflows/add/\";i:63;s:25:\"/contract_workflows/edit/\";i:64;s:26:\"/contract_workflows/index/\";i:65;s:36:\"/contract_workflows/delete_workflow/\";i:66;s:35:\"/contract_workflows/add_transition/\";i:67;s:36:\"/contract_workflows/edit_transition/\";i:68;s:38:\"/contract_workflows/delete_transition/\";i:69;s:44:\"/contract_workflows/view_status_transitions/\";i:70;s:40:\"/contract_workflows/add_workflow_status/\";i:71;s:43:\"/contract_workflows/delete_workflow_status/\";i:72;s:39:\"/contract_workflows/set_as_start_point/\";i:73;s:18:\"/party_categories/\";i:74;s:22:\"/party_categories/add/\";i:75;s:23:\"/party_categories/edit/\";i:76;s:24:\"/party_categories/index/\";i:77;s:25:\"/party_categories/delete/\";i:78;s:18:\"/signature_center/\";i:79;s:22:\"/signature_center/add/\";i:80;s:23:\"/signature_center/edit/\";i:81;s:24:\"/signature_center/index/\";i:82;s:25:\"/signature_center/delete/\";i:83;s:33:\"/signature_center/delete_details/\";i:84;s:20:\"/sub_contract_types/\";i:85;s:24:\"/sub_contract_types/add/\";i:86;s:25:\"/sub_contract_types/edit/\";i:87;s:26:\"/sub_contract_types/index/\";i:88;s:27:\"/sub_contract_types/delete/\";i:89;s:30:\"/sub_contract_types/load_list/\";}}'),
 (9,	'a:4:{s:4:\"core\";a:511:{i:0;s:10:\"/advisors/\";i:1;s:16:\"/advisors/users/\";i:2;s:19:\"/advisors/user_add/\";i:3;s:20:\"/advisors/user_edit/\";i:4;s:35:\"/advisors/user_activate_deactivate/\";i:5;s:20:\"/advisors/ban_unban/\";i:6;s:34:\"/advisors/flag_to_change_password/\";i:7;s:33:\"/advisors/manage_email_templates/\";i:8;s:29:\"/advisors/portal_permissions/\";i:9;s:33:\"/advisors/set_get_email_template/\";i:10;s:24:\"/advisor_task_workflows/\";i:11;s:37:\"/advisor_task_workflows/add_workflow/\";i:12;s:44:\"/advisor_task_workflows/add_workflow_status/\";i:13;s:39:\"/advisor_task_workflows/add_transition/\";i:14;s:42:\"/advisor_task_workflows/delete_transition/\";i:15;s:40:\"/advisor_task_workflows/delete_workflow/\";i:16;s:47:\"/advisor_task_workflows/delete_workflow_status/\";i:17;s:40:\"/advisor_task_workflows/edit_transition/\";i:18;s:38:\"/advisor_task_workflows/edit_workflow/\";i:19;s:30:\"/advisor_task_workflows/index/\";i:20;s:41:\"/advisor_task_workflows/migrate_statuses/\";i:21;s:43:\"/advisor_task_workflows/set_as_start_point/\";i:22;s:48:\"/advisor_task_workflows/view_status_transitions/\";i:23;s:12:\"/case_types/\";i:24;s:16:\"/case_types/add/\";i:25;s:19:\"/case_types/delete/\";i:26;s:17:\"/case_types/edit/\";i:27;s:18:\"/case_types/index/\";i:28;s:17:\"/provider_groups/\";i:29;s:21:\"/provider_groups/add/\";i:30;s:24:\"/provider_groups/delete/\";i:31;s:22:\"/provider_groups/edit/\";i:32;s:23:\"/provider_groups/index/\";i:33;s:27:\"/provider_groups/quick_add/\";i:34;s:40:\"/provider_groups/quick_add_user_to_team/\";i:35;s:13:\"/assignments/\";i:36;s:19:\"/assignments/cases/\";i:37;s:19:\"/assignments/tasks/\";i:38;s:20:\"/board_member_roles/\";i:39;s:24:\"/board_member_roles/add/\";i:40;s:27:\"/board_member_roles/delete/\";i:41;s:25:\"/board_member_roles/edit/\";i:42;s:26:\"/board_member_roles/index/\";i:43;s:25:\"/request_type_categories/\";i:44;s:31:\"/request_type_categories/index/\";i:45;s:29:\"/request_type_categories/add/\";i:46;s:30:\"/request_type_categories/edit/\";i:47;s:32:\"/request_type_categories/delete/\";i:48;s:21:\"/company_asset_types/\";i:49;s:25:\"/company_asset_types/add/\";i:50;s:28:\"/company_asset_types/delete/\";i:51;s:26:\"/company_asset_types/edit/\";i:52;s:27:\"/company_asset_types/index/\";i:53;s:27:\"/company_document_statuses/\";i:54;s:31:\"/company_document_statuses/add/\";i:55;s:34:\"/company_document_statuses/delete/\";i:56;s:32:\"/company_document_statuses/edit/\";i:57;s:33:\"/company_document_statuses/index/\";i:58;s:24:\"/company_document_types/\";i:59;s:28:\"/company_document_types/add/\";i:60;s:31:\"/company_document_types/delete/\";i:61;s:29:\"/company_document_types/edit/\";i:62;s:30:\"/company_document_types/index/\";i:63;s:21:\"/company_legal_types/\";i:64;s:25:\"/company_legal_types/add/\";i:65;s:28:\"/company_legal_types/delete/\";i:66;s:26:\"/company_legal_types/edit/\";i:67;s:27:\"/company_legal_types/index/\";i:68;s:28:\"/company_ss_discharge_types/\";i:69;s:32:\"/company_ss_discharge_types/add/\";i:70;s:35:\"/company_ss_discharge_types/delete/\";i:71;s:33:\"/company_ss_discharge_types/edit/\";i:72;s:34:\"/company_ss_discharge_types/index/\";i:73;s:28:\"/contact_company_categories/\";i:74;s:34:\"/contact_company_categories/index/\";i:75;s:32:\"/contact_company_sub_categories/\";i:76;s:36:\"/contact_company_sub_categories/add/\";i:77;s:39:\"/contact_company_sub_categories/delete/\";i:78;s:37:\"/contact_company_sub_categories/edit/\";i:79;s:38:\"/contact_company_sub_categories/index/\";i:80;s:27:\"/contact_document_statuses/\";i:81;s:31:\"/contact_document_statuses/add/\";i:82;s:34:\"/contact_document_statuses/delete/\";i:83;s:32:\"/contact_document_statuses/edit/\";i:84;s:33:\"/contact_document_statuses/index/\";i:85;s:24:\"/contact_document_types/\";i:86;s:28:\"/contact_document_types/add/\";i:87;s:31:\"/contact_document_types/delete/\";i:88;s:29:\"/contact_document_types/edit/\";i:89;s:30:\"/contact_document_types/index/\";i:90;s:15:\"/court_degrees/\";i:91;s:19:\"/court_degrees/add/\";i:92;s:22:\"/court_degrees/delete/\";i:93;s:20:\"/court_degrees/edit/\";i:94;s:21:\"/court_degrees/index/\";i:95;s:15:\"/court_regions/\";i:96;s:19:\"/court_regions/add/\";i:97;s:22:\"/court_regions/delete/\";i:98;s:20:\"/court_regions/edit/\";i:99;s:21:\"/court_regions/index/\";i:100;s:13:\"/court_types/\";i:101;s:17:\"/court_types/add/\";i:102;s:20:\"/court_types/delete/\";i:103;s:18:\"/court_types/edit/\";i:104;s:19:\"/court_types/index/\";i:105;s:8:\"/courts/\";i:106;s:12:\"/courts/add/\";i:107;s:15:\"/courts/delete/\";i:108;s:13:\"/courts/edit/\";i:109;s:14:\"/courts/index/\";i:110;s:15:\"/custom_fields/\";i:111;s:21:\"/custom_fields/cases/\";i:112;s:25:\"/custom_fields/companies/\";i:113;s:24:\"/custom_fields/contacts/\";i:114;s:29:\"/custom_fields/company_asset/\";i:115;s:21:\"/custom_fields/tasks/\";i:116;s:19:\"/custom_fields/add/\";i:117;s:22:\"/custom_fields/delete/\";i:118;s:20:\"/custom_fields/edit/\";i:119;s:32:\"/custom_fields/set_fields_order/\";i:120;s:39:\"/dashboard/litigation_dashboard_config/\";i:121;s:17:\"/dashboard/admin/\";i:122;s:29:\"/dashboard/case_board_config/\";i:123;s:23:\"/dashboard/case_boards/\";i:124;s:21:\"/dashboard/archiving/\";i:125;s:29:\"/dashboard/task_board_config/\";i:126;s:23:\"/dashboard/task_boards/\";i:127;s:17:\"/dashboard/tasks/\";i:128;s:26:\"/dashboard/archiving_task/\";i:129;s:24:\"/docs_document_statuses/\";i:130;s:28:\"/docs_document_statuses/add/\";i:131;s:31:\"/docs_document_statuses/delete/\";i:132;s:29:\"/docs_document_statuses/edit/\";i:133;s:30:\"/docs_document_statuses/index/\";i:134;s:21:\"/docs_document_types/\";i:135;s:25:\"/docs_document_types/add/\";i:136;s:28:\"/docs_document_types/delete/\";i:137;s:26:\"/docs_document_types/edit/\";i:138;s:27:\"/docs_document_types/index/\";i:139;s:20:\"/document_generator/\";i:140;s:26:\"/document_generator/index/\";i:141;s:14:\"/export/users/\";i:142;s:20:\"/export/users_audit/\";i:143;s:25:\"/export/users_management/\";i:144;s:20:\"/export/user_groups/\";i:145;s:35:\"/export/maker_checker_users_report/\";i:146;s:41:\"/export/maker_checker_user_groups_report/\";i:147;s:53:\"/export/maker_checker_user_groups_permissions_report/\";i:148;s:25:\"/export/seniority_levels/\";i:149;s:29:\"/export/login_history_report/\";i:150;s:24:\"/export/provider_groups/\";i:151;s:23:\"/export/reminder_types/\";i:152;s:20:\"/export/task_boards/\";i:153;s:23:\"/export/task_locations/\";i:154;s:22:\"/export/task_statuses/\";i:155;s:19:\"/export/task_types/\";i:156;s:19:\"/export/time_types/\";i:157;s:15:\"/export/titles/\";i:158;s:17:\"/export/workflow/\";i:159;s:35:\"/export/case_success_probabilities/\";i:160;s:30:\"/export/customer_portal_users/\";i:161;s:33:\"/export/manage_non_business_days/\";i:162;s:23:\"/export/sla_management/\";i:163;s:33:\"/export/ip_petitions_oppositions/\";i:164;s:37:\"/export/intellectual_property_rights/\";i:165;s:19:\"/export/ip_classes/\";i:166;s:17:\"/export/ip_names/\";i:167;s:20:\"/export/ip_statuses/\";i:168;s:25:\"/export/ip_subcategories/\";i:169;s:37:\"/export/ip_petition_opposition_types/\";i:170;s:20:\"/export/event_types/\";i:171;s:22:\"/export/task_workflow/\";i:172;s:30:\"/export/case_folder_templates/\";i:173;s:32:\"/export/case_opponent_positions/\";i:174;s:47:\"/export/legal_case_container_document_statuses/\";i:175;s:44:\"/export/legal_case_container_document_types/\";i:176;s:22:\"/export/advisor_users/\";i:177;s:31:\"/export/time_internal_statuses/\";i:178;s:32:\"/export/request_type_categories/\";i:179;s:25:\"/hearing_outcome_reasons/\";i:180;s:29:\"/hearing_outcome_reasons/add/\";i:181;s:30:\"/hearing_outcome_reasons/edit/\";i:182;s:31:\"/hearing_outcome_reasons/index/\";i:183;s:32:\"/hearing_outcome_reasons/delete/\";i:184;s:26:\"/hearing_report_generator/\";i:185;s:32:\"/hearing_report_generator/index/\";i:186;s:15:\"/hearing_types/\";i:187;s:19:\"/hearing_types/add/\";i:188;s:20:\"/hearing_types/edit/\";i:189;s:21:\"/hearing_types/index/\";i:190;s:22:\"/hearing_types/delete/\";i:191;s:13:\"/import_data/\";i:192;s:22:\"/import_data/contacts/\";i:193;s:40:\"/import_data/download_contacts_template/\";i:194;s:39:\"/import_data/download_ignored_contacts/\";i:195;s:23:\"/import_data/companies/\";i:196;s:41:\"/import_data/download_companies_template/\";i:197;s:40:\"/import_data/download_ignored_companies/\";i:198;s:30:\"/import_data/litigation_cases/\";i:199;s:48:\"/import_data/download_litigation_cases_template/\";i:200;s:47:\"/import_data/download_ignored_litigation_cases/\";i:201;s:31:\"/import_data/corporate_matters/\";i:202;s:49:\"/import_data/download_corporate_matters_template/\";i:203;s:48:\"/import_data/download_ignored_corporate_matters/\";i:204;s:37:\"/import_data/intellectual_properties/\";i:205;s:55:\"/import_data/download_intellectual_properties_template/\";i:206;s:54:\"/import_data/download_ignored_intellectual_properties/\";i:207;s:31:\"/import_data/matter_containers/\";i:208;s:49:\"/import_data/download_matter_containers_template/\";i:209;s:48:\"/import_data/download_ignored_matter_containers/\";i:210;s:19:\"/import_data/tasks/\";i:211;s:37:\"/import_data/download_tasks_template/\";i:212;s:36:\"/import_data/download_ignored_tasks/\";i:213;s:14:\"/integrations/\";i:214;s:20:\"/integrations/index/\";i:215;s:12:\"/ip_classes/\";i:216;s:16:\"/ip_classes/add/\";i:217;s:17:\"/ip_classes/edit/\";i:218;s:18:\"/ip_classes/index/\";i:219;s:19:\"/ip_classes/delete/\";i:220;s:10:\"/ip_names/\";i:221;s:14:\"/ip_names/add/\";i:222;s:15:\"/ip_names/edit/\";i:223;s:16:\"/ip_names/index/\";i:224;s:17:\"/ip_names/delete/\";i:225;s:30:\"/intellectual_property_rights/\";i:226;s:34:\"/intellectual_property_rights/add/\";i:227;s:35:\"/intellectual_property_rights/edit/\";i:228;s:36:\"/intellectual_property_rights/index/\";i:229;s:37:\"/intellectual_property_rights/delete/\";i:230;s:13:\"/ip_statuses/\";i:231;s:17:\"/ip_statuses/add/\";i:232;s:18:\"/ip_statuses/edit/\";i:233;s:19:\"/ip_statuses/index/\";i:234;s:20:\"/ip_statuses/delete/\";i:235;s:18:\"/ip_subcategories/\";i:236;s:22:\"/ip_subcategories/add/\";i:237;s:23:\"/ip_subcategories/edit/\";i:238;s:24:\"/ip_subcategories/index/\";i:239;s:25:\"/ip_subcategories/delete/\";i:240;s:11:\"/look_feel/\";i:241;s:17:\"/look_feel/index/\";i:242;s:13:\"/maintenance/\";i:243;s:20:\"/maintenance/backup/\";i:244;s:17:\"/customer_portal/\";i:245;s:23:\"/customer_portal/users/\";i:246;s:26:\"/customer_portal/user_add/\";i:247;s:27:\"/customer_portal/user_edit/\";i:248;s:42:\"/customer_portal/user_activate_deactivate/\";i:249;s:27:\"/customer_portal/ban_unban/\";i:250;s:30:\"/customer_portal/user_migrate/\";i:251;s:37:\"/customer_portal/user_import_from_ad/\";i:252;s:44:\"/customer_portal/users_ad_search_by_account/\";i:253;s:37:\"/customer_portal/users_ad_search_all/\";i:254;s:32:\"/customer_portal/portal_screens/\";i:255;s:35:\"/customer_portal/portal_screen_add/\";i:256;s:36:\"/customer_portal/portal_screen_edit/\";i:257;s:36:\"/customer_portal/portal_screen_copy/\";i:258;s:38:\"/customer_portal/portal_screen_delete/\";i:259;s:36:\"/customer_portal/portal_permissions/\";i:260;s:41:\"/customer_portal/portal_screen_show_hide/\";i:261;s:40:\"/customer_portal/customers_by_companies/\";i:262;s:17:\"/license_manager/\";i:263;s:25:\"/license_manager/install/\";i:264;s:26:\"/manage_non_business_days/\";i:265;s:32:\"/manage_non_business_days/index/\";i:266;s:30:\"/manage_non_business_days/add/\";i:267;s:31:\"/manage_non_business_days/edit/\";i:268;s:33:\"/manage_non_business_days/delete/\";i:269;s:16:\"/task_workflows/\";i:270;s:29:\"/task_workflows/add_workflow/\";i:271;s:30:\"/task_workflows/edit_workflow/\";i:272;s:22:\"/task_workflows/index/\";i:273;s:32:\"/task_workflows/delete_workflow/\";i:274;s:36:\"/task_workflows/add_workflow_status/\";i:275;s:31:\"/task_workflows/add_transition/\";i:276;s:32:\"/task_workflows/edit_transition/\";i:277;s:34:\"/task_workflows/delete_transition/\";i:278;s:40:\"/task_workflows/view_status_transitions/\";i:279;s:41:\"/task_workflows/delete_status_transition/\";i:280;s:39:\"/task_workflows/delete_workflow_status/\";i:281;s:35:\"/task_workflows/set_as_start_point/\";i:282;s:18:\"/manage_workflows/\";i:283;s:22:\"/manage_workflows/add/\";i:284;s:23:\"/manage_workflows/edit/\";i:285;s:27:\"/manage_workflows/statuses/\";i:286;s:29:\"/manage_workflows/add_status/\";i:287;s:30:\"/manage_workflows/edit_status/\";i:288;s:40:\"/manage_workflows/add_status_transition/\";i:289;s:42:\"/manage_workflows/list_status_transitions/\";i:290;s:41:\"/manage_workflows/edit_status_transition/\";i:291;s:42:\"/manage_workflows/view_status_transitions/\";i:292;s:43:\"/manage_workflows/delete_status_transition/\";i:293;s:32:\"/manage_workflows/delete_status/\";i:294;s:39:\"/manage_workflows/list_all_transitions/\";i:295;s:34:\"/manage_workflows/delete_workflow/\";i:296;s:38:\"/manage_workflows/add_workflow_status/\";i:297;s:41:\"/manage_workflows/delete_workflow_status/\";i:298;s:37:\"/manage_workflows/set_as_start_point/\";i:299;s:32:\"/manage_workflows/statuses_list/\";i:300;s:23:\"/case_client_positions/\";i:301;s:27:\"/case_client_positions/add/\";i:302;s:30:\"/case_client_positions/delete/\";i:303;s:28:\"/case_client_positions/edit/\";i:304;s:29:\"/case_client_positions/index/\";i:305;s:20:\"/case_company_roles/\";i:306;s:24:\"/case_company_roles/add/\";i:307;s:27:\"/case_company_roles/delete/\";i:308;s:25:\"/case_company_roles/edit/\";i:309;s:26:\"/case_company_roles/index/\";i:310;s:20:\"/case_contact_roles/\";i:311;s:24:\"/case_contact_roles/add/\";i:312;s:27:\"/case_contact_roles/delete/\";i:313;s:25:\"/case_contact_roles/edit/\";i:314;s:26:\"/case_contact_roles/index/\";i:315;s:40:\"/legal_case_container_document_statuses/\";i:316;s:44:\"/legal_case_container_document_statuses/add/\";i:317;s:47:\"/legal_case_container_document_statuses/delete/\";i:318;s:45:\"/legal_case_container_document_statuses/edit/\";i:319;s:46:\"/legal_case_container_document_statuses/index/\";i:320;s:37:\"/legal_case_container_document_types/\";i:321;s:41:\"/legal_case_container_document_types/add/\";i:322;s:44:\"/legal_case_container_document_types/delete/\";i:323;s:42:\"/legal_case_container_document_types/edit/\";i:324;s:43:\"/legal_case_container_document_types/index/\";i:325;s:25:\"/case_container_statuses/\";i:326;s:29:\"/case_container_statuses/add/\";i:327;s:32:\"/case_container_statuses/delete/\";i:328;s:30:\"/case_container_statuses/edit/\";i:329;s:31:\"/case_container_statuses/index/\";i:330;s:17:\"/case_containers/\";i:331;s:21:\"/case_containers/add/\";i:332;s:22:\"/case_containers/edit/\";i:333;s:23:\"/case_containers/index/\";i:334;s:31:\"/case_containers/add_container/\";i:335;s:51:\"/case_containers/return_related_containers_details/\";i:336;s:32:\"/case_containers/export_to_word/\";i:337;s:41:\"/case_containers/advanced_export_to_word/\";i:338;s:49:\"/case_containers/create_slot_for_advanced_export/\";i:339;s:47:\"/case_containers/edit_slot_for_advanced_export/\";i:340;s:49:\"/case_containers/delete_slot_for_advanced_export/\";i:341;s:24:\"/case_containers/delete/\";i:342;s:43:\"/case_containers/show_hide_container_in_cp/\";i:343;s:42:\"/case_containers/show_hide_document_in_cp/\";i:344;s:27:\"/case_containers/documents/\";i:345;s:29:\"/case_containers/upload_file/\";i:346;s:31:\"/case_containers/create_folder/\";i:347;s:29:\"/case_containers/rename_file/\";i:348;s:31:\"/case_containers/rename_folder/\";i:349;s:34:\"/case_containers/upload_directory/\";i:350;s:32:\"/case_containers/edit_documents/\";i:351;s:30:\"/case_containers/share_folder/\";i:352;s:31:\"/case_containers/download_file/\";i:353;s:34:\"/case_containers/preview_document/\";i:354;s:36:\"/case_containers/list_file_versions/\";i:355;s:33:\"/case_containers/delete_document/\";i:356;s:30:\"/case_containers/document_add/\";i:357;s:33:\"/case_containers/document_delete/\";i:358;s:31:\"/case_containers/document_edit/\";i:359;s:22:\"/case_containers/urls/\";i:360;s:35:\"/case_containers/generate_document/\";i:361;s:31:\"/case_containers/move_document/\";i:362;s:31:\"/case_document_classifications/\";i:363;s:35:\"/case_document_classifications/add/\";i:364;s:38:\"/case_document_classifications/delete/\";i:365;s:36:\"/case_document_classifications/edit/\";i:366;s:37:\"/case_document_classifications/index/\";i:367;s:24:\"/case_document_statuses/\";i:368;s:28:\"/case_document_statuses/add/\";i:369;s:31:\"/case_document_statuses/delete/\";i:370;s:29:\"/case_document_statuses/edit/\";i:371;s:30:\"/case_document_statuses/index/\";i:372;s:21:\"/case_document_types/\";i:373;s:25:\"/case_document_types/add/\";i:374;s:28:\"/case_document_types/delete/\";i:375;s:26:\"/case_document_types/edit/\";i:376;s:27:\"/case_document_types/index/\";i:377;s:24:\"/legal_case_event_types/\";i:378;s:28:\"/legal_case_event_types/add/\";i:379;s:31:\"/legal_case_event_types/delete/\";i:380;s:29:\"/legal_case_event_types/edit/\";i:381;s:30:\"/legal_case_event_types/index/\";i:382;s:23:\"/case_folder_templates/\";i:383;s:29:\"/case_folder_templates/index/\";i:384;s:28:\"/case_folder_templates/edit/\";i:385;s:30:\"/case_folder_templates/delete/\";i:386;s:13:\"/case_stages/\";i:387;s:17:\"/case_stages/add/\";i:388;s:20:\"/case_stages/delete/\";i:389;s:18:\"/case_stages/edit/\";i:390;s:19:\"/case_stages/index/\";i:391;s:28:\"/case_success_probabilities/\";i:392;s:32:\"/case_success_probabilities/add/\";i:393;s:35:\"/case_success_probabilities/delete/\";i:394;s:33:\"/case_success_probabilities/edit/\";i:395;s:34:\"/case_success_probabilities/index/\";i:396;s:13:\"/event_types/\";i:397;s:17:\"/event_types/add/\";i:398;s:18:\"/event_types/edit/\";i:399;s:20:\"/event_types/delete/\";i:400;s:19:\"/event_types/index/\";i:401;s:25:\"/case_opponent_positions/\";i:402;s:31:\"/case_opponent_positions/index/\";i:403;s:29:\"/case_opponent_positions/add/\";i:404;s:30:\"/case_opponent_positions/edit/\";i:405;s:32:\"/case_opponent_positions/delete/\";i:406;s:24:\"/outlook_configurations/\";i:407;s:30:\"/outlook_configurations/index/\";i:408;s:30:\"/ip_petition_opposition_types/\";i:409;s:34:\"/ip_petition_opposition_types/add/\";i:410;s:35:\"/ip_petition_opposition_types/edit/\";i:411;s:36:\"/ip_petition_opposition_types/index/\";i:412;s:37:\"/ip_petition_opposition_types/delete/\";i:413;s:16:\"/reminder_types/\";i:414;s:20:\"/reminder_types/add/\";i:415;s:23:\"/reminder_types/delete/\";i:416;s:21:\"/reminder_types/edit/\";i:417;s:22:\"/reminder_types/index/\";i:418;s:15:\"/reminders/add/\";i:419;s:19:\"/reminders/dismiss/\";i:420;s:20:\"/reminders/postpone/\";i:421;s:36:\"/reports/case_value_tiers_configure/\";i:422;s:16:\"/sla_management/\";i:423;s:20:\"/sla_management/add/\";i:424;s:23:\"/sla_management/delete/\";i:425;s:21:\"/sla_management/edit/\";i:426;s:22:\"/sla_management/index/\";i:427;s:18:\"/seniority_levels/\";i:428;s:22:\"/seniority_levels/add/\";i:429;s:25:\"/seniority_levels/delete/\";i:430;s:23:\"/seniority_levels/edit/\";i:431;s:24:\"/seniority_levels/index/\";i:432;s:10:\"/saml_sso/\";i:433;s:16:\"/saml_sso/index/\";i:434;s:23:\"/saml_sso/import_users/\";i:435;s:26:\"/saml_sso/import_cp_users/\";i:436;s:16:\"/stage_statuses/\";i:437;s:20:\"/stage_statuses/add/\";i:438;s:21:\"/stage_statuses/edit/\";i:439;s:22:\"/stage_statuses/index/\";i:440;s:23:\"/stage_statuses/delete/\";i:441;s:20:\"/system_preferences/\";i:442;s:26:\"/system_preferences/index/\";i:443;s:38:\"/system_preferences/save_system_value/\";i:444;s:46:\"/system_preferences/email_test_configurations/\";i:445;s:46:\"/system_preferences/email_notification_scheme/\";i:446;s:16:\"/task_locations/\";i:447;s:20:\"/task_locations/add/\";i:448;s:23:\"/task_locations/delete/\";i:449;s:21:\"/task_locations/edit/\";i:450;s:22:\"/task_locations/index/\";i:451;s:15:\"/task_statuses/\";i:452;s:19:\"/task_statuses/add/\";i:453;s:22:\"/task_statuses/delete/\";i:454;s:20:\"/task_statuses/edit/\";i:455;s:21:\"/task_statuses/index/\";i:456;s:12:\"/task_types/\";i:457;s:16:\"/task_types/add/\";i:458;s:19:\"/task_types/delete/\";i:459;s:17:\"/task_types/edit/\";i:460;s:18:\"/task_types/index/\";i:461;s:24:\"/time_internal_statuses/\";i:462;s:30:\"/time_internal_statuses/index/\";i:463;s:28:\"/time_internal_statuses/add/\";i:464;s:29:\"/time_internal_statuses/edit/\";i:465;s:31:\"/time_internal_statuses/delete/\";i:466;s:12:\"/time_types/\";i:467;s:16:\"/time_types/add/\";i:468;s:19:\"/time_types/delete/\";i:469;s:17:\"/time_types/edit/\";i:470;s:18:\"/time_types/index/\";i:471;s:8:\"/titles/\";i:472;s:12:\"/titles/add/\";i:473;s:15:\"/titles/delete/\";i:474;s:13:\"/titles/edit/\";i:475;s:14:\"/titles/index/\";i:476;s:13:\"/user_groups/\";i:477;s:17:\"/user_groups/add/\";i:478;s:20:\"/user_groups/delete/\";i:479;s:18:\"/user_groups/edit/\";i:480;s:19:\"/user_groups/index/\";i:481;s:24:\"/user_groups/list_users/\";i:482;s:25:\"/user_groups/permissions/\";i:483;s:39:\"/user_groups/permissions_list_by_group/\";i:484;s:38:\"/user_groups/permissions_list_by_user/\";i:485;s:37:\"/user_groups/checker_approve_changes/\";i:486;s:49:\"/user_groups/permissions_checker_approve_changes/\";i:487;s:34:\"/user_groups/maker_checker_report/\";i:488;s:46:\"/user_groups/maker_checker_permissions_report/\";i:489;s:31:\"/user_groups/management_report/\";i:490;s:25:\"/user_groups/clone_group/\";i:491;s:7:\"/users/\";i:492;s:27:\"/users/activate_deactivate/\";i:493;s:11:\"/users/add/\";i:494;s:17:\"/users/ban_unban/\";i:495;s:12:\"/users/edit/\";i:496;s:13:\"/users/index/\";i:497;s:24:\"/users/override_privacy/\";i:498;s:21:\"/users/audit_reports/\";i:499;s:31:\"/users/flag_to_change_password/\";i:500;s:28:\"/users/login_history_report/\";i:501;s:32:\"/users/clear_login_history_logs/\";i:502;s:22:\"/users/import_from_ad/\";i:503;s:22:\"/users/ajax_search_ad/\";i:504;s:26:\"/users/ad_test_connection/\";i:505;s:39:\"/users/sync_user_from_active_directory/\";i:506;s:22:\"/users/revoke_api_key/\";i:507;s:31:\"/users/checker_approve_changes/\";i:508;s:57:\"/users/convert_local_directory_users_to_active_directory/\";i:509;s:28:\"/users/maker_checker_report/\";i:510;s:30:\"/users/user_management_report/\";}s:5:\"money\";a:1:{i:0;s:0:\"\";}s:8:\"calendar\";a:1:{i:0;s:0:\"\";}s:8:\"contract\";a:90:{i:0;s:17:\"/applicable_laws/\";i:1;s:21:\"/applicable_laws/add/\";i:2;s:22:\"/applicable_laws/edit/\";i:3;s:23:\"/applicable_laws/index/\";i:4;s:24:\"/applicable_laws/delete/\";i:5;s:17:\"/approval_center/\";i:6;s:21:\"/approval_center/add/\";i:7;s:22:\"/approval_center/edit/\";i:8;s:23:\"/approval_center/index/\";i:9;s:24:\"/approval_center/delete/\";i:10;s:38:\"/approval_center/save_contract_status/\";i:11;s:32:\"/approval_center/delete_details/\";i:12;s:21:\"/contract_categories/\";i:13;s:25:\"/contract_categories/add/\";i:14;s:26:\"/contract_categories/edit/\";i:15;s:27:\"/contract_categories/index/\";i:16;s:28:\"/contract_categories/delete/\";i:17;s:28:\"/contract_document_statuses/\";i:18;s:32:\"/contract_document_statuses/add/\";i:19;s:33:\"/contract_document_statuses/edit/\";i:20;s:34:\"/contract_document_statuses/index/\";i:21;s:35:\"/contract_document_statuses/delete/\";i:22;s:25:\"/contract_document_types/\";i:23;s:29:\"/contract_document_types/add/\";i:24;s:30:\"/contract_document_types/edit/\";i:25;s:31:\"/contract_document_types/index/\";i:26;s:32:\"/contract_document_types/delete/\";i:27;s:19:\"/contract_renewals/\";i:28;s:23:\"/contract_renewals/add/\";i:29;s:24:\"/contract_renewals/edit/\";i:30;s:25:\"/contract_renewals/index/\";i:31;s:26:\"/contract_renewals/delete/\";i:32;s:19:\"/contract_statuses/\";i:33;s:23:\"/contract_statuses/add/\";i:34;s:24:\"/contract_statuses/edit/\";i:35;s:25:\"/contract_statuses/index/\";i:36;s:26:\"/contract_statuses/delete/\";i:37;s:20:\"/contract_templates/\";i:38;s:24:\"/contract_templates/add/\";i:39;s:25:\"/contract_templates/edit/\";i:40;s:26:\"/contract_templates/index/\";i:41;s:27:\"/contract_templates/delete/\";i:42;s:37:\"/contract_templates/preview_template/\";i:43;s:16:\"/contract_types/\";i:44;s:20:\"/contract_types/add/\";i:45;s:21:\"/contract_types/edit/\";i:46;s:22:\"/contract_types/index/\";i:47;s:23:\"/contract_types/delete/\";i:48;s:15:\"/custom_fields/\";i:49;s:19:\"/custom_fields/add/\";i:50;s:20:\"/custom_fields/edit/\";i:51;s:21:\"/custom_fields/index/\";i:52;s:22:\"/custom_fields/delete/\";i:53;s:32:\"/custom_fields/set_fields_order/\";i:54;s:17:\"/customer_portal/\";i:55;s:21:\"/customer_portal/add/\";i:56;s:22:\"/customer_portal/edit/\";i:57;s:25:\"/customer_portal/screens/\";i:58;s:24:\"/customer_portal/delete/\";i:59;s:29:\"/customer_portal/permissions/\";i:60;s:27:\"/customer_portal/show_hide/\";i:61;s:20:\"/contract_workflows/\";i:62;s:24:\"/contract_workflows/add/\";i:63;s:25:\"/contract_workflows/edit/\";i:64;s:26:\"/contract_workflows/index/\";i:65;s:36:\"/contract_workflows/delete_workflow/\";i:66;s:35:\"/contract_workflows/add_transition/\";i:67;s:36:\"/contract_workflows/edit_transition/\";i:68;s:38:\"/contract_workflows/delete_transition/\";i:69;s:44:\"/contract_workflows/view_status_transitions/\";i:70;s:40:\"/contract_workflows/add_workflow_status/\";i:71;s:43:\"/contract_workflows/delete_workflow_status/\";i:72;s:39:\"/contract_workflows/set_as_start_point/\";i:73;s:18:\"/party_categories/\";i:74;s:22:\"/party_categories/add/\";i:75;s:23:\"/party_categories/edit/\";i:76;s:24:\"/party_categories/index/\";i:77;s:25:\"/party_categories/delete/\";i:78;s:18:\"/signature_center/\";i:79;s:22:\"/signature_center/add/\";i:80;s:23:\"/signature_center/edit/\";i:81;s:24:\"/signature_center/index/\";i:82;s:25:\"/signature_center/delete/\";i:83;s:33:\"/signature_center/delete_details/\";i:84;s:20:\"/sub_contract_types/\";i:85;s:24:\"/sub_contract_types/add/\";i:86;s:25:\"/sub_contract_types/edit/\";i:87;s:26:\"/sub_contract_types/index/\";i:88;s:27:\"/sub_contract_types/delete/\";i:89;s:30:\"/sub_contract_types/load_list/\";}}');

INSERT INTO users (user_group_id, username, password, email, banned, ban_reason, last_ip, last_login, created, modified, type) VALUES
(1, 'admin@infosysta.com', '$1$7Z0.C7..$aO0DRc.X1bhyySgrkRQX8.', 'admin@infosysta.com', 0, NULL, '', CURRENT_TIMESTAMP, CURRENT_TIMESTAMP, CURRENT_TIMESTAMP, 'both');

INSERT INTO user_profiles (user_id, status, gender, title, firstName, lastName, father, mother, dateOfBirth, nationality, jobTitle, isLawyer, website, phone, fax, mobile, address1, address2, city, state, zip, country, comments, seniority_level_id,overridePrivacy, user_code) VALUES
(1, 'Active', 'Male', 'Mr', 'System', 'Administrator', '', '', '1992-01-03', '', 'System Administrator', 'no', '', '', '', '', '', '', 'Beirut', '', '', '', '', null, 'yes', 'UC0');

INSERT INTO board_member_roles (name) VALUES
('Chairman'),
('Member'),
('CEO'),
('Other');

INSERT INTO case_document_classifications (case_document_classification_id, name) VALUES
(NULL, 'General');

INSERT INTO case_document_statuses (name) VALUES
('1-Draft'),
('2-Waiting Approval'),
('3-Approved'),
('4-Reviewed'),
('5-Amended');

INSERT INTO case_document_types (name) VALUES
('Administrative'),
('Confidential'),
('Agreement'),
('Other'),
('Appeal Judgment'),
('Documents'),
('Expert'),
('First Instance Judgment'),
('High Court/ Cassation'),
('Pleading'),
('Statement of Claim'),
('Summon');

INSERT INTO legal_case_container_document_statuses (name) VALUES
('1-Draft'),
('2-Waiting Approval'),
('3-Approved'),
('4-Reviewed'),
('5-Amended');

INSERT INTO legal_case_container_document_types (name) VALUES
('Administrative'),
('Confidential'),
('Agreement'),
('Other'),
('Appeal Judgment'),
('Documents'),
('Expert'),
('First Instance Judgment'),
('High Court/ Cassation'),
('Pleading'),
('Statement of Claim'),
('Summon');

INSERT INTO workflows (name, type,category) VALUES
('System Workflow (default)', 'system','matter,litigation');

-- when adding or removing a record from this table, we should also update the status IDs in system_preferences controller in the functions (index and save_system_value)
INSERT INTO workflow_status (name, isGlobal, category) VALUES
('Open', 1, 'open'),
('In Progress', 1, 'in progress'),
('Pending', 1, 'in progress'),
('Closed', 1, 'done'),
('Cancelled', 1, 'cancelled');


INSERT INTO case_types (name, litigation, corporate) VALUES
('Civil', 'yes', 'yes'),
('Criminal', 'yes', 'yes'),
('Commercial', 'yes', 'yes'),
('Other', 'yes', 'yes'),
('Labor', 'yes', 'yes'),
('Real Estate', 'yes', 'yes'),
('Sharia/Legacy', 'yes', 'yes'),
('Rent Dispute', 'yes', 'no'),
('Administrative', 'yes', 'yes'),
('IP', 'yes', 'no'),
('Arbitration', 'yes', 'no'),
('Expert Case', 'yes', 'no'),
('Acquisition', 'no', 'yes'),
('Agreement', 'no', 'yes'),
('Audit', 'no', 'yes'),
('Consultation', 'no', 'yes'),
('Corporate', 'no', 'yes'),
('Dispute', 'no', 'yes'),
('Due Diligence', 'no', 'yes'),
('Appeal Travel Ban', 'yes', 'no'),
('Collection', 'yes', 'no'),
('Constitutional Court', 'yes', 'no'),
('Grievance Board', 'yes', 'no'),
('Labor Arbitration Board', 'yes', 'no'),
('Public law', 'yes', 'no'),
('Investigation and scrutiny', 'no', 'yes'),
('Zakat and taxes', 'yes', 'yes'),
('Construction, Contracting', 'yes', 'yes'),
('Insurance', 'yes', 'no'),
('Banking', 'yes', 'no'),
('Monopoly and competition', 'yes', 'no'),
('Procuration', 'no', 'yes');

INSERT INTO case_types(name)VALUES('Case of Intellectual Property');

INSERT INTO company_asset_types (name) VALUES
('Real Estate'),
('Lands'),
('Cars'),
('Cash'),
('Other');

INSERT INTO company_document_statuses (name) VALUES
('1-Draft'),
('2-Waiting Approval'),
('3-Approved');

INSERT INTO company_document_types (name) VALUES
('Administrative'),
('Confidential'),
('Agreement'),
('Board of Committees Decision'),
('Board of committees Resolution'),
('Memorandum and syndicate article'),
('Memorandum and Article of association'),
('Policies and procedures'),
('Authorization'),
('Power of Attorneys'),
('Trade licenses'),
('Commercial license'),
('Commercial Register'),
('Board of Directors Meeting Report'),
('Amended Establishment Contract'),
('Partner Decisions'),
('Other');

INSERT INTO contact_company_categories (keyName, name, color) VALUES
('Client', 'Client', '#5CB85C'),
('External Advisor', 'External Advisor', '#A9A9A9'),
('Internal', 'Internal', '#006400'),
('Lead', 'Lead', '#CCCC00'),
('Not Categorized', 'Not Categorized', '#cfcfcf'),
('Partner', 'Partner', '#3A87AD'),
('Prospect', 'Prospect', '#F89406'),
('Supplier', 'Supplier', '#858585'),
('Opponent', 'Opponent', '#fbb450'),
('Other', 'Other', '#A9A9A9'),
('Third Party', 'Third Party', '#67abcc');

INSERT INTO contact_company_sub_categories (name) VALUES
('Arbitrator'),
('Auditor'),
('Black-list'),
('Client'),
('Expert'),
('External Advisor'),
('Internal'),
('Judge'),
('Lead'),
('Notary Public'),
('Opponent'),
('Partner'),
('Supplier'),
('Translator'),
('Office colleague'),
('External Lawyer'),
('Other');

INSERT INTO contact_document_statuses (name) VALUES
('1-Draft'),
('2-Waiting Approval'),
('3-Approved'),
('4-Executed');

INSERT INTO contact_document_types (name) VALUES
('Administrative'),
('Confidential'),
('Agreement'),
('Other'),
('ID'),
('Licenses'),
('Power of Attorneys');

INSERT INTO legal_case_company_roles (name) VALUES
('Plaintiff'),
('Other'),
('Defendant'),
('Co-defendant'),
('Opponent/Plaintiff'),
('Opponent/Defendant'),
('Co-plaintiff'),
('Other Parties');

INSERT INTO legal_case_contact_roles (name) VALUES
('Opponent Lawyer'),
('Judge'),
('Plaintiff'),
('Defendant/Opponent'),
('Contributor'),
('Other'),
('Co-defendant'),
('Co-plaintiff'),
('Other Parties'),
('Awqaf Member'),
('Awqaf Headmaster'),
('Supervision Board'),
('Documenter');

INSERT INTO legal_case_container_statuses (name, category) VALUES
('Open', 'open'),
('Ongoing', 'in progress'),
('Closed', 'done'),
('On-hold', 'in progress'),
('Cancelled', 'cancelled'),
('Execution', 'in progress');

INSERT INTO planning_boards (name) VALUES
('Tablero de la materia');

INSERT INTO planning_board_columns (planning_board_id, columnOrder, name, color) VALUES
(1, 1, 'Open', '#3598db'),
(1, 2, 'In Progress', '#3598db'),
(1, 3, 'Pending', '#3598db'),
(1, 4, 'Closed', '#3598db');

INSERT INTO planning_board_column_options (planning_board_id, planning_board_column_id, case_status_id) VALUES
(1, 1, 1),
(1, 2, 2),
(1, 3, 3),
(1, 4, 4);

INSERT INTO contract_boards (name) VALUES
('Contracts Board');

INSERT INTO contract_board_columns (board_id, column_order, name, color) VALUES
(1, 1, 'Filing and Drafting','#2980b9'),
(1, 2, 'Under Approval','#f1c40f'),
(1, 3, 'Under Negotiation','#f39c12'),
(1, 4, 'Under Signature','#e74c3c'),
(1, 5, 'Cancelled','#c0392b'),
(1, 6, 'Executed','#27ae60');

INSERT INTO contract_board_column_options (board_column_id, status_id) VALUES
(1, 1),
(2, 2),
(3, 3),
(4, 4),
(5, 5),
(6, 6);

INSERT INTO provider_groups (name, allUsers) VALUES
('Legal Team', 1),
('Litigation Team', 0),
('Corporate Team', 0),
('Contract Team', 0);

INSERT INTO seniority_levels (name) VALUES
('Trainees'),
('Junior Associates'),
('Associates'),
('Senior Associates'),
('Lawyers'),
('Partners'),
('Consultants'),
('Other');

INSERT INTO task_statuses (name, category, isGlobal) VALUES
('1-Open', 'open', 1),
('2-In Progress', 'in progress', 1),
('3-Pending', 'in progress', 1),
('4-Cancelled', 'cancelled', 1),
('5-Done', 'done', 1);

INSERT INTO task_boards (name) VALUES
('Task Board');

INSERT INTO task_board_columns (task_board_id, columnOrder, name, color) VALUES
(1, 1, 'Open', '#8fb021'),
(1, 2, 'In-Progress', '#8fb021'),
(1, 3, 'Pending', '#8fb021'),
(1, 4, 'Done', '#8fb021');

INSERT INTO task_board_column_options (task_board_id, task_board_column_id, task_status_id) VALUES
(1, 1, 1),
(1, 2, 2),
(1, 3, 3),
(1, 4, 5);

INSERT INTO customer_portal_screens (case_type_id, name, description, applicable_on) VALUES
(4, 'Default Screen', NULL, 'Matter');
GO

INSERT INTO customer_portal_screen_fields (customer_portal_screen_id, relatedCaseField, isRequired) VALUES
(1, 'subject', 1),
(1, 'priority', 1),
(1, 'provider_group_id', 1);
GO

INSERT INTO customer_portal_screen_field_languages (customer_portal_screen_field_id, language_id, labelName) VALUES
(1, 1, 'Name'),
(1, 2, 'العنوان'),
(1, 3, 'Nom'),
(1, 4, 'Nombre'),
(2, 1, 'Priority'),
(2, 2, 'الأولوية'),
(2, 3, 'Priorité'),
(2, 4, 'Prioridad'),
(3, 1, 'Assigned Team'),
(3, 2, 'الفريق المكلف'),
(3, 3, 'Équipe Assigné'),
(3, 4, 'Recibido por el equipo');
GO

INSERT INTO ip_classes (name) VALUES
('ُElectronic Device'),
('Artistic works'),
('Design'),
('Exclusive Rights'),
('Service'),
('Logo'),
('Music'),
('Computer Software'),
('Formula'),
('Invention'),
('Product'),
('Literature'),
('Utility'),
('Other');
GO

INSERT INTO ip_statuses (name, category) VALUES
('1-Open', 'open'),
('2-In Progress', 'in progress'),
('3-Pending Internal', 'in progress'),
('4-Pending External', 'in progress'),
('5-Cancelled', 'cancelled'),
('6-Done', 'done');
GO

INSERT INTO ip_petitions_oppositions_types (name) VALUES
('Petition'),
('Opposition'),
('Lawsuit');
GO

INSERT INTO grid_saved_filters (model, user_id, filterName, formData, isGlobalFilter, createdOn, createdBy, modifiedOn, modifiedBy) VALUES
('Contact', 0000000001, 'Clients', 'a:1:{s:11:"gridFilters";s:112:"{"logic":"and","filters":[{"filters":[{"field":"contacts.contact_category_id","operator":"in","value":["1"]}]}]}";}', 1, '2017-03-13 12:36:31', 1, '2017-03-13 12:36:31', 1),
('Contact', 0000000001, 'External Advisors', 'a:1:{s:11:"gridFilters";s:112:"{"logic":"and","filters":[{"filters":[{"field":"contacts.contact_category_id","operator":"in","value":["2"]}]}]}";}', 1, '2017-03-13 12:36:31', 1, '2017-03-13 12:36:31', 1),
('Contact', 0000000001, 'Internals', 'a:1:{s:11:"gridFilters";s:112:"{"logic":"and","filters":[{"filters":[{"field":"contacts.contact_category_id","operator":"in","value":["3"]}]}]}";}', 1, '2017-03-13 12:36:31', 1, '2017-03-13 12:36:31', 1),
('Contact', 0000000001, 'Leads', 'a:1:{s:11:"gridFilters";s:112:"{"logic":"and","filters":[{"filters":[{"field":"contacts.contact_category_id","operator":"in","value":["4"]}]}]}";}', 1, '2017-03-13 12:36:31', 1, '2017-03-13 12:36:31', 1),
('Contact', 0000000001, 'Partners', 'a:1:{s:11:"gridFilters";s:112:"{"logic":"and","filters":[{"filters":[{"field":"contacts.contact_category_id","operator":"in","value":["5"]}]}]}";}', 1, '2017-03-13 12:36:31', 1, '2017-03-13 12:36:31', 1),
('Contact', 0000000001, 'Prospects', 'a:1:{s:11:"gridFilters";s:112:"{"logic":"and","filters":[{"filters":[{"field":"contacts.contact_category_id","operator":"in","value":["6"]}]}]}";}', 1, '2017-03-13 12:36:31', 1, '2017-03-13 12:36:31', 1),
('Contact', 0000000001, 'Suppliers', 'a:1:{s:11:"gridFilters";s:112:"{"logic":"and","filters":[{"filters":[{"field":"contacts.contact_category_id","operator":"in","value":["7"]}]}]}";}', 1, '2017-03-13 12:36:31', 1, '2017-03-13 12:36:31', 1),
('Contact', 0000000001, 'Others', 'a:1:{s:11:"gridFilters";s:112:"{"logic":"and","filters":[{"filters":[{"field":"contacts.contact_category_id","operator":"in","value":["8"]}]}]}";}', 1, '2017-03-13 12:36:31', 1, '2017-03-13 12:36:31', 1),
('Company', 0000000001, 'Clients', 'a:1:{s:11:"gridFilters";s:113:"{"logic":"and","filters":[{"filters":[{"field":"companies.company_category_id","operator":"in","value":["1"]}]}]}";}', 1, '2017-03-13 12:36:31', 1, '2017-03-13 12:36:31', 1),
('Company', 0000000001, 'External Advisors', 'a:1:{s:11:"gridFilters";s:113:"{"logic":"and","filters":[{"filters":[{"field":"companies.company_category_id","operator":"in","value":["2"]}]}]}";}', 1, '2017-03-13 12:36:31', 1, '2017-03-13 12:36:31', 1),
('Company', 0000000001, 'Internals', 'a:1:{s:11:"gridFilters";s:113:"{"logic":"and","filters":[{"filters":[{"field":"companies.company_category_id","operator":"in","value":["3"]}]}]}";}', 1, '2017-03-13 12:36:31', 1, '2017-03-13 12:36:31', 1),
('Company', 0000000001, 'Leads', 'a:1:{s:11:"gridFilters";s:113:"{"logic":"and","filters":[{"filters":[{"field":"companies.company_category_id","operator":"in","value":["4"]}]}]}";}', 1, '2017-03-13 12:36:31', 1, '2017-03-13 12:36:31', 1),
('Company', 0000000001, 'Partners', 'a:1:{s:11:"gridFilters";s:113:"{"logic":"and","filters":[{"filters":[{"field":"companies.company_category_id","operator":"in","value":["5"]}]}]}";}', 1, '2017-03-13 12:36:31', 1, '2017-03-13 12:36:31', 1),
('Company', 0000000001, 'Prospects', 'a:1:{s:11:"gridFilters";s:113:"{"logic":"and","filters":[{"filters":[{"field":"companies.company_category_id","operator":"in","value":["6"]}]}]}";}', 1, '2017-03-13 12:36:31', 1, '2017-03-13 12:36:31', 1),
('Company', 0000000001, 'Suppliers', 'a:1:{s:11:"gridFilters";s:113:"{"logic":"and","filters":[{"filters":[{"field":"companies.company_category_id","operator":"in","value":["7"]}]}]}";}', 1, '2017-03-13 12:36:31', 1, '2017-03-13 12:36:31', 1),
('Company', 0000000001, 'Others', 'a:1:{s:11:"gridFilters";s:113:"{"logic":"and","filters":[{"filters":[{"field":"companies.company_category_id","operator":"in","value":["8"]}]}]}";}', 1, '2017-03-13 12:36:31', 1, '2017-03-13 12:36:31', 1);
GO

INSERT INTO grid_saved_columns (model, user_id, grid_details, grid_saved_filter_id) VALUES
('Contact', 0000000001, 'a:3:{s:8:"pageSize";s:2:"20";s:4:"sort";s:0:"";s:16:"selected_columns";N;}', 1),
('Contact', 0000000001, 'a:3:{s:8:"pageSize";s:2:"20";s:4:"sort";s:0:"";s:16:"selected_columns";N;}', 2),
('Contact', 0000000001, 'a:3:{s:8:"pageSize";s:2:"20";s:4:"sort";s:0:"";s:16:"selected_columns";N;}', 3),
('Contact', 0000000001, 'a:3:{s:8:"pageSize";s:2:"20";s:4:"sort";s:0:"";s:16:"selected_columns";N;}', 4),
('Contact', 0000000001, 'a:3:{s:8:"pageSize";s:2:"20";s:4:"sort";s:0:"";s:16:"selected_columns";N;}', 5),
('Contact', 0000000001, 'a:3:{s:8:"pageSize";s:2:"20";s:4:"sort";s:0:"";s:16:"selected_columns";N;}', 6),
('Contact', 0000000001, 'a:3:{s:8:"pageSize";s:2:"20";s:4:"sort";s:0:"";s:16:"selected_columns";N;}', 7),
('Contact', 0000000001, 'a:3:{s:8:"pageSize";s:2:"20";s:4:"sort";s:0:"";s:16:"selected_columns";N;}', 8),
('Company', 0000000001, 'a:3:{s:8:"pageSize";s:2:"20";s:4:"sort";s:0:"";s:16:"selected_columns";N;}', 9),
('Company', 0000000001, 'a:3:{s:8:"pageSize";s:2:"20";s:4:"sort";s:0:"";s:16:"selected_columns";N;}', 10),
('Company', 0000000001, 'a:3:{s:8:"pageSize";s:2:"20";s:4:"sort";s:0:"";s:16:"selected_columns";N;}', 11),
('Company', 0000000001, 'a:3:{s:8:"pageSize";s:2:"20";s:4:"sort";s:0:"";s:16:"selected_columns";N;}', 12),
('Company', 0000000001, 'a:3:{s:8:"pageSize";s:2:"20";s:4:"sort";s:0:"";s:16:"selected_columns";N;}', 13),
('Company', 0000000001, 'a:3:{s:8:"pageSize";s:2:"20";s:4:"sort";s:0:"";s:16:"selected_columns";N;}', 14),
('Company', 0000000001, 'a:3:{s:8:"pageSize";s:2:"20";s:4:"sort";s:0:"";s:16:"selected_columns";N;}', 15),
('Company', 0000000001, 'a:3:{s:8:"pageSize";s:2:"20";s:4:"sort";s:0:"";s:16:"selected_columns";N;}', 16);

INSERT INTO workflow_status_relation (status_id, workflow_id, start_point) VALUES
(1, 1, 1),
(2, 1, 0),
(3, 1, 0),
(4, 1, 0),
(5, 1, 0);
GO

INSERT INTO task_workflows (name, type) VALUES
 ('System Workflow (default)', 'system');
GO

INSERT INTO task_workflow_status_relation (workflow_id, status_id, start_point) VALUES
(1, 1, 1),
(1, 2, 0),
(1, 3, 0),
(1, 4, 0),
(1, 5, 0);
GO

INSERT INTO system_configurations (keyName, keyValue) VALUES
('taskReportExcludedStatuses', 'a:2:{i:0;s:1:"5";i:1;s:1:"6";}'),
('hearingReportExcludedStatuses', 'a:2:{i:0;s:1:"4";i:1;s:1:"5";}')
GO

INSERT INTO advisor_task_statuses (name, category, isGlobal) VALUES
('1-Open', 'open', 1),
('2-In Progress', 'in progress', 1),
('3-Pending Internal', 'in progress', 1),
('4-Pending External', 'in progress', 1),
('5-Cancelled', 'cancelled', 1),
('6-Done', 'done', 1);
GO

INSERT INTO advisor_task_workflows (name, type) VALUES
 ('System Workflow (default)', 'system');
GO

INSERT INTO advisor_task_workflow_statuses(advisor_task_workflow_id, advisor_task_status_id, start_point) VALUES
(1, 1, 1),
(1, 2, 0),
(1, 3, 0),
(1, 4, 0),
(1, 5, 0);
GO

INSERT INTO docs_document_statuses (name) VALUES
('1-Draft'),
('2-Waiting Approval'),
('3-Approved'),
('4-Executed');
GO

INSERT INTO docs_document_types (name) VALUES
('Administrative'),
('Confidential'),
('Agreement'),
('Other'),
('ID'),
('Licenses'),
('Power of Attorneys');
GO

INSERT INTO contract_cp_screens (type_id, sub_type_id, name, description) VALUES
(4, 0, 'Default Screen', NULL);
GO

INSERT INTO contract_cp_screen_fields  (screen_id, related_field, isRequired) VALUES
(1, 'name', 1),
(1, 'priority', 1),
(1, 'contract_date',1),
(1, 'assigned_team_id', 1),
(1, 'requester_id', 1);
GO

INSERT INTO contract_cp_screen_field_languages  (screen_field_id, language_id, labelName) VALUES
(1, 1, 'Name'),
(1, 2, 'العنوان'),
(1, 3, 'Nom'),
(1, 4, 'Nombre'),
(2, 1, 'Priority'),
(2, 2, 'الأولوية'),
(2, 3, 'Priorité'),
(2, 4, 'Prioridad'),
(3, 1, 'Contract Date'),
(3, 2, 'تاريخ العقد'),
(3, 3, 'Date de contrat'),
(3, 4, 'Fecha del contrato'),
(4, 1, 'Assigned Team'),
(4, 2, 'الفريق المكلف'),
(4, 3, 'Équipe Assigné'),
(4, 4, 'Recibido por el equipo'),
(5, 1, 'Requested By'),
(5, 2, 'بتوصية من'),
(5, 3, 'Demandé par'),
(5, 4, 'Solicitado por');
GO

INSERT INTO request_type_categories (name, description) VALUES ('Default Category', NULL);
GO
UPDATE customer_portal_screens SET request_type_category_id = 1; 
GO
INSERT INTO contract_request_type_categories (name, description) VALUES ('Default Category', NULL);
GO
UPDATE contract_cp_screens SET contract_request_type_category_id = 1; 
Go
