INSERT INTO system_preferences (groupName, keyName, keyValue) VALUES
('DefaultValues', 'shareholderVoteFactor', '1'),
('DefaultValues', 'shareholderVoteYear', '1'),
('DefaultValues', 'caseValueCurrency', 'SAR'),
('SystemValues', 'sysDaysOff', 'Fri, Sat'),
('SystemValues', 'systemTimezone', 'Asia/Riyadh'),
('SystemValues', 'hijriCalendarConverter', '1'),
('SystemValues', 'hijriCalendarFeature', '1');

UPDATE system_preferences SET keyValue='a:3:{i:0;s:11:"Tax Invoice";s:3:"fl1";s:7:"Facture";s:3:"fl2";s:16:"فــاتورة";}' WHERE groupName='InvoiceLanguage' and keyName='invoice';

UPDATE system_preferences SET keyValue='0' WHERE groupName='DefaultValues' and keyName='copySummaryAndCommentsToPostponedHearing';
INSERT INTO countries (countryCode, currencyCode, currencyName, isoNumeric, languages) VALUES
('IL', 'ILS', 'Israeli New Shekel', '092', 'en');
INSERT INTO countries_languages (country_id, language_id, name) VALUES
(250, 1, 'Israel'),(250, 2, 'اسرائيل'),(250,3,'Israël'),(250, 4, 'Israel');
INSERT INTO task_locations (name) VALUES
('Al Riyadh'),
('Al Bahah'),
('Northern Borders'),
('Al Jawf'),
('Al Madinah Al Monawarah'),
('Al-Qassim'),
('Asir'),
('Eastern Province'),
('Ha''il'),
('Jizan'),
('Mecca'),
('Najran'),
('Tabuk'),
('Al Aqiq'),
('Al Mandag'),
('Al Mukhwah'),
('Al Qara'),
('Biljurashi'),
('Qilwah'),
('Ar''ar'),
('Rafha'),
('Turayf'),
('Quryyat'),
('Dawmat Al Jandeal'),
('Sakaka'),
('Al Hinakiyah'),
('Al Mahd'),
('Al Ula'),
('Badr'),
('Khaybar'),
('Yanbu Al Bahar'),
('Al Asyah'),
('Al Badai'),
('Al Bukayriyah'),
('Al Midhnab'),
('An Nabhaniyah'),
('Ar Rass'),
('Ash Shimasiyah'),
('Buraydah'),
('Riadh Al Khabra'),
('Unayzah'),
('Uyun Al Jiwa'),
('Ad Diriyah'),
('Al Kharj'),
('Ad Duwadimi'),
('Al Majmaah'),
('Al Quwayiyah'),
('Wadi Ad Dawasir'),
('Al Aflaj'),
('Azulfi'),
('Shagra'),
('Hawtat Bani Tamim'),
('Afif'),
('As Sulayyil'),
('Duruma'),
('Al Muzahimiya'),
('Rumah'),
('Thadiq'),
('Huraymila'),
('Al Hariq'),
('Al Ghat'),
('Abha'),
('Ahad Rufaydah'),
('Al Majardah'),
('An Nammas'),
('Balqam'),
('Bareq'),
('Bishah'),
('Dalvan Al Janub'),
('Khamis Mushayt'),
('Muhayil'),
('Rijal Alma'),
('Sarat Abidah'),
('Tathlith'),
('Ad Dammam'),
('Al Ahsa'),
('Al Jubayl'),
('Al Khafji'),
('Al Khubar'),
('Al Qatif'),
('An Nuayriyah'),
('Buqayq'),
('Haft Al Babin'),
('Qaryah Al Ulya'),
('Ras Tannurah'),
('Al Qhazaiah'),
('Ash Shinan'),
('Baqa'),
('Abu Arish'),
('Ad Dair'),
('Ad Darb'),
('Ahad Al Masarihah'),
('Al Aridah'),
('Al Aydabi'),
('Al Harth'),
('Ar Rayth'),
('Baysh'),
('Damad'),
('Farasan'),
('Sabya'),
('Samtah'),
('Raqha'),
('Tarrif'),
('Al Imumum'),
('Al Kamil'),
('Al Khurmah'),
('Al Lith'),
('Al Qunfidhah'),
('Al Ta''if'),
('Jiddah'),
('Khulays'),
('Rabigh'),
('Ranyah'),
('Turubah'),
('Al Khirkhir'),
('Badr Al Janub'),
('Hubuna'),
('Khubash'),
('Sharurah'),
('Thar'),
('Yadamah'),
('Al Wajh'),
('Dhuba'),
('Haqil'),
('Tayma'),
('Umluj');

INSERT INTO company_legal_types (name) VALUES
('General Partnership'),
('Joint Venture'),
('Limited Liability Company (LLC)'),
('Private Joint Stock'),
('Partnership Limited with Shares (CPC)'),
('Public Joint Stock'),
('Simple Limited Partnership'),
('Offshore'),
('Foreign'),
('Free Zone Company (FZCO)'),
('Sole Property'),
('Endowments'),
('Governmental'),
('One individual company');

INSERT INTO court_types(name) VALUES
('Supreme Court'),
('Courts of Appeal'),
('General Courts'),
('Criminal Courts'),
('Personal Affairs Courts'),
('Commercial Courts'),
('Labor Courts');

INSERT INTO court_degrees(name) VALUES
('Supreme Court'),
('Second Degree'),
('First Degree'),
('Primary Committee'),
('Appeal Committee');

INSERT INTO court_regions(name) VALUES
('Al Riyadh'),
('Al Bahah'),
('Northern Borders'),
('Al Jawf'),
('Al Madinah Al Monawarah'),
('Al-Qassim'),
('Asir'),
('Eastern Province'),
('Ha''il'),
('Jizan'),
('Mecca'),
('Najran'),
('Tabuk'),
('Al Aqiq'),
('Al Mandag'),
('Al Mukhwah'),
('Al Qara'),
('Biljurashi'),
('Qilwah'),
('Ar''ar'),
('Rafha'),
('Turayf'),
('Quryyat'),
('Dawmat Al Jandeal'),
('Sakaka'),
('Al Hinakiyah'),
('Al Mahd'),
('Al Ula'),
('Badr'),
('Khaybar'),
('Yanbu Al Bahar'),
('Al Asyah'),
('Al Badai'),
('Al Bukayriyah'),
('Al Midhnab'),
('An Nabhaniyah'),
('Ar Rass'),
('Ash Shimasiyah'),
('Buraydah'),
('Riadh Al Khabra'),
('Unayzah'),
('Uyun Al Jiwa'),
('Ad Diriyah'),
('Al Kharj'),
('Ad Duwadimi'),
('Al Majmaah'),
('Al Quwayiyah'),
('Wadi Ad Dawasir'),
('Al Aflaj'),
('Azulfi'),
('Shagra'),
('Hawtat Bani Tamim'),
('Afif'),
('As Sulayyil'),
('Duruma'),
('Al Muzahimiya'),
('Rumah'),
('Thadiq'),
('Huraymila'),
('Al Hariq'),
('Al Ghat'),
('Abha'),
('Ahad Rufaydah'),
('Al Majardah'),
('An Nammas'),
('Balqam'),
('Bareq'),
('Bishah'),
('Dalvan Al Janub'),
('Khamis Mushayt'),
('Muhayil'),
('Rijal Alma'),
('Sarat Abidah'),
('Tathlith'),
('Ad Dammam'),
('Al Ahsa'),
('Al Jubayl'),
('Al Khafji'),
('Al Khubar'),
('Al Qatif'),
('An Nuayriyah'),
('Buqayq'),
('Haft Al Babin'),
('Qaryah Al Ulya'),
('Ras Tannurah'),
('Al Qhazaiah'),
('Ash Shinan'),
('Baqa'),
('Abu Arish'),
('Ad Dair'),
('Ad Darb'),
('Ahad Al Masarihah'),
('Al Aridah'),
('Al Aydabi'),
('Al Harth'),
('Ar Rayth'),
('Baysh'),
('Damad'),
('Farasan'),
('Sabya'),
('Samtah'),
('Raqha'),
('Tarrif'),
('Al Imumum'),
('Al Kamil'),
('Al Khurmah'),
('Al Lith'),
('Al Qunfidhah'),
('Al Ta''if'),
('Jiddah'),
('Khulays'),
('Rabigh'),
('Ranyah'),
('Turubah'),
('Al Khirkhir'),
('Badr Al Janub'),
('Hubuna'),
('Khubash'),
('Sharurah'),
('Thar'),
('Yadamah'),
('Al Wajh'),
('Dhuba'),
('Haqil'),
('Tayma'),
('Umluj');

INSERT INTO courts(name) VALUES
('Supreme Court Al Riyadh'),
('Courts of Appeal Second Degree Al Bahah'),
('Courts of Appeal Second Degree Northern Borders'),
('Courts of Appeal Second Degree Al Jawf'),
('Courts of Appeal Second Degree Al Madinah Al Monawarah'),
('Courts of Appeal Second Degree Al-Qassim'),
('Courts of Appeal Second Degree Al Riyadh'),
('Courts of Appeal Second Degree Asir'),
('Courts of Appeal Second Degree Eastern Province'),
('Courts of Appeal Second Degree Ha''il'),
('Courts of Appeal Second Degree Jizan'),
('Courts of Appeal Second Degree Mecca'),
('Courts of Appeal Second Degree Najran'),
('Courts of Appeal Second Degree Tabuk'),
('General Courts First Degree Al Aqiq'),
('General Courts First Degree Al Bahah'),
('General Courts First Degree Al Mandag'),
('General Courts First Degree Al Mukhwah'),
('General Courts First Degree Al Qara'),
('General Courts First Degree Biljurashi'),
('General Courts First Degree Qilwah'),
('General Courts First Degree Ar''ar'),
('General Courts First Degree Rafha'),
('General Courts First Degree Turayf'),
('General Courts First Degree Quryyat'),
('General Courts First Degree Dawmat Al Jandeal'),
('General Courts First Degree Sakaka'),
('General Courts First Degree Al Madinah Al Monawarah'),
('General Courts First Degree Al Hinakiyah'),
('General Courts First Degree Al Mahd'),
('General Courts First Degree Al Ula'),
('General Courts First Degree Badr'),
('General Courts First Degree Khaybar'),
('General Courts First Degree Yanbu Al Bahar'),
('General Courts First Degree Al Asyah'),
('General Courts First Degree Al Badai'),
('General Courts First Degree Al Bukayriyah'),
('General Courts First Degree Al Midhnab'),
('General Courts First Degree An Nabhaniyah'),
('General Courts First Degree Ar Rass'),
('General Courts First Degree Ash Shimasiyah'),
('General Courts First Degree Buraydah'),
('General Courts First Degree Riadh Al Khabra'),
('General Courts First Degree Unayzah'),
('General Courts First Degree Uyun Al Jiwa'),
('General Courts First Degree Al Riyadh'),
('General Courts First Degree Ad Diriyah'),
('General Courts First Degree Al Kharj'),
('General Courts First Degree Ad Duwadimi'),
('General Courts First Degree Al Majmaah'),
('General Courts First Degree Al Quwayiyah'),
('General Courts First Degree Wadi Ad Dawasir'),
('General Courts First Degree Al Aflaj'),
('General Courts First Degree Azulfi'),
('General Courts First Degree Shagra'),
('General Courts First Degree Hawtat Bani Tamim'),
('General Courts First Degree Afif'),
('General Courts First Degree As Sulayyil'),
('General Courts First Degree Duruma'),
('General Courts First Degree Al Muzahimiya'),
('General Courts First Degree Rumah'),
('General Courts First Degree Thadiq'),
('General Courts First Degree Huraymila'),
('General Courts First Degree Al Hariq'),
('General Courts First Degree Al Ghat'),
('General Courts First Degree Abha'),
('General Courts First Degree Ahad Rufaydah'),
('General Courts First Degree Al Majardah'),
('General Courts First Degree An Nammas'),
('General Courts First Degree Balqam'),
('General Courts First Degree Bareq'),
('General Courts First Degree Bishah'),
('General Courts First Degree Dalvan Al Janub'),
('General Courts First Degree Khamis Mushayt'),
('General Courts First Degree Muhayil'),
('General Courts First Degree Rijal Alma'),
('General Courts First Degree Sarat Abidah'),
('General Courts First Degree Tathlith'),
('General Courts First Degree Ad Dammam'),
('General Courts First Degree Al Ahsa'),
('General Courts First Degree Al Jubayl'),
('General Courts First Degree Al Khafji'),
('General Courts First Degree Al Khubar'),
('General Courts First Degree Al Qatif'),
('General Courts First Degree An Nuayriyah'),
('General Courts First Degree Buqayq'),
('General Courts First Degree Haft Al Babin'),
('General Courts First Degree Qaryah Al Ulya'),
('General Courts First Degree Ras Tannurah'),
('General Courts First Degree Al Qhazaiah'),
('General Courts First Degree Ash Shinan'),
('General Courts First Degree Baqa'),
('General Courts First Degree Ha''il'),
('General Courts First Degree Abu Arish'),
('General Courts First Degree Ad Dair'),
('General Courts First Degree Ad Darb'),
('General Courts First Degree Ahad Al Masarihah'),
('General Courts First Degree Al Aridah'),
('General Courts First Degree Al Aydabi'),
('General Courts First Degree Al Harth'),
('General Courts First Degree Ar Rayth'),
('General Courts First Degree Baysh'),
('General Courts First Degree Damad'),
('General Courts First Degree Farasan'),
('General Courts First Degree Jizan'),
('General Courts First Degree Sabya'),
('General Courts First Degree Samtah'),
('General Courts First Degree Ar''ar'),
('General Courts First Degree Raqha'),
('General Courts First Degree Tarrif'),
('General Courts First Degree Al Imumum'),
('General Courts First Degree Al Kamil'),
('General Courts First Degree Al Khurmah'),
('General Courts First Degree Al Lith'),
('General Courts First Degree Al Qunfidhah'),
('General Courts First Degree Al Ta''if'),
('General Courts First Degree Jiddah'),
('General Courts First Degree Khulays'),
('General Courts First Degree Mecca'),
('General Courts First Degree Rabigh'),
('General Courts First Degree Ranyah'),
('General Courts First Degree Turubah'),
('General Courts First Degree Al Khirkhir'),
('General Courts First Degree Badr Al Janub'),
('General Courts First Degree Hubuna'),
('General Courts First Degree Khubash'),
('General Courts First Degree Najran'),
('General Courts First Degree Sharurah'),
('General Courts First Degree Thar'),
('General Courts First Degree Yadamah'),
('General Courts First Degree Al Wajh'),
('General Courts First Degree Dhuba'),
('General Courts First Degree Haqil'),
('General Courts First Degree Tabuk'),
('General Courts First Degree Tayma'),
('General Courts First Degree Umluj'),
('Criminal Courts First Degree Al Aqiq'),
('Criminal Courts First Degree Al Bahah'),
('Criminal Courts First Degree Al Mandag'),
('Criminal Courts First Degree Al Mukhwah'),
('Criminal Courts First Degree Al Qara'),
('Criminal Courts First Degree Biljurashi'),
('Criminal Courts First Degree Qilwah'),
('Criminal Courts First Degree Ar''ar'),
('Criminal Courts First Degree Rafha'),
('Criminal Courts First Degree Turayf'),
('Criminal Courts First Degree  Quryyat'),
('Criminal Courts First Degree Dawmat Al Jandeal'),
('Criminal Courts First Degree Sakaka'),
('Criminal Courts First Degree Al Madinah Al Monawarah'),
('Criminal Courts First Degree Al Hinakiyah'),
('Criminal Courts First Degree Al Mahd'),
('Criminal Courts First Degree Al Ula'),
('Criminal Courts First Degree Badr'),
('Criminal Courts First Degree Khaybar'),
('Criminal Courts First Degree Yanbu Al Bahar'),
('Criminal Courts First Degree Al Asyah'),
('Criminal Courts First Degree Al Badai'),
('Criminal Courts First Degree Al Bukayriyah'),
('Criminal Courts First Degree Al Midhnab'),
('Criminal Courts First Degree An Nabhaniyah'),
('Criminal Courts First Degree Ar Rass'),
('Criminal Courts First Degree Ash Shimasiyah'),
('Criminal Courts First Degree Buraydah'),
('Criminal Courts First Degree Riadh Al Khabra'),
('Criminal Courts First Degree Unayzah'),
('Criminal Courts First Degree Uyun Al Jiwa'),
('Criminal Courts First Degree Al Riyadh'),
('Criminal Courts First Degree Ad Diriyah'),
('Criminal Courts First Degree Al Kharj'),
('Criminal Courts First Degree Ad Duwadimi'),
('Criminal Courts First Degree Al Majmaah'),
('Criminal Courts First Degree Al Quwayiyah'),
('Criminal Courts First Degree Wadi Ad Dawasir'),
('Criminal Courts First Degree Al Aflaj'),
('Criminal Courts First Degree Azulfi'),
('Criminal Courts First Degree Shagra'),
('Criminal Courts First Degree Hawtat Bani Tamim'),
('Criminal Courts First Degree Afif'),
('Criminal Courts First Degree As Sulayyil'),
('Criminal Courts First Degree Duruma'),
('Criminal Courts First Degree Al Muzahimiya'),
('Criminal Courts First Degree Rumah'),
('Criminal Courts First Degree Thadiq'),
('Criminal Courts First Degree Huraymila'),
('Criminal Courts First Degree Al Hariq'),
('Criminal Courts First Degree Al Ghat'),
('Criminal Courts First Degree Abha'),
('Criminal Courts First Degree Ahad Rufaydah'),
('Criminal Courts First Degree Al Majardah'),
('Criminal Courts First Degree An Nammas'),
('Criminal Courts First Degree Balqam'),
('Criminal Courts First Degree Bareq'),
('Criminal Courts First Degree Bishah'),
('Criminal Courts First Degree Dalvan Al Janub'),
('Criminal Courts First Degree Khamis Mushayt'),
('Criminal Courts First Degree Muhayil'),
('Criminal Courts First Degree Rijal Alma'),
('Criminal Courts First Degree Sarat Abidah'),
('Criminal Courts First Degree Tathlith'),
('Criminal Courts First Degree Ad Dammam'),
('Criminal Courts First Degree Al Ahsa'),
('Criminal Courts First Degree Al Jubayl'),
('Criminal Courts First Degree Al Khafji'),
('Criminal Courts First Degree Al Khubar'),
('Criminal Courts First Degree Al Qatif'),
('Criminal Courts First Degree An Nuayriyah'),
('Criminal Courts First Degree Buqayq'),
('Criminal Courts First Degree Haft Al Babin'),
('Criminal Courts First Degree Qaryah Al Ulya'),
('Criminal Courts First Degree Ras Tannurah'),
('Criminal Courts First Degree Al Qhazaiah'),
('Criminal Courts First Degree Ash Shinan'),
('Criminal Courts First Degree Baqa'),
('Criminal Courts First Degree Ha''il'),
('Criminal Courts First Degree Abu Arish'),
('Criminal Courts First Degree Ad Dair'),
('Criminal Courts First Degree Ad Darb'),
('Criminal Courts First Degree Ahad Al Masarihah'),
('Criminal Courts First Degree Al Aridah'),
('Criminal Courts First Degree Al Aydabi'),
('Criminal Courts First Degree Al Harth'),
('Criminal Courts First Degree Ar Rayth'),
('Criminal Courts First Degree Baysh'),
('Criminal Courts First Degree Damad'),
('Criminal Courts First Degree Farasan'),
('Criminal Courts First Degree Jizan'),
('Criminal Courts First Degree Sabya'),
('Criminal Courts First Degree Samtah'),
('Criminal Courts First Degree Ar''ar'),
('Criminal Courts First Degree Raqha'),
('Criminal Courts First Degree Tarrif'),
('Criminal Courts First Degree Al Imumum'),
('Criminal Courts First Degree Al Kamil'),
('Criminal Courts First Degree Al Khurmah'),
('Criminal Courts First Degree Al Lith'),
('Criminal Courts First Degree Al Qunfidhah'),
('Criminal Courts First Degree Al Ta''if'),
('Criminal Courts First Degree Jiddah'),
('Criminal Courts First Degree Khulays'),
('Criminal Courts First Degree Mecca'),
('Criminal Courts First Degree Rabigh'),
('Criminal Courts First Degree Ranyah'),
('Criminal Courts First Degree Turubah'),
('Criminal Courts First Degree Al Khirkhir'),
('Criminal Courts First Degree Badr Al Janub'),
('Criminal Courts First Degree Hubuna'),
('Criminal Courts First Degree Khubash'),
('Criminal Courts First Degree Najran'),
('Criminal Courts First Degree Sharurah'),
('Criminal Courts First Degree Thar'),
('Criminal Courts First Degree Yadamah'),
('Criminal Courts First Degree Al Wajh'),
('Criminal Courts First Degree Dhuba'),
('Criminal Courts First Degree Haqil'),
('Criminal Courts First Degree Tabuk'),
('Criminal Courts First Degree Tayma'),
('Criminal Courts First Degree Umluj'),
('Personal Affairs Courts First Degree Al Aqiq'),
('Personal Affairs Courts First Degree Al Bahah'),
('Personal Affairs Courts First Degree Al Mandag'),
('Personal Affairs Courts First Degree Al Mukhwah'),
('Personal Affairs Courts First Degree Al Qara'),
('Personal Affairs Courts First Degree Biljurashi'),
('Personal Affairs Courts First Degree Qilwah'),
('Personal Affairs Courts First Degree Ar''ar'),
('Personal Affairs Courts First Degree Rafha'),
('Personal Affairs Courts First Degree Turayf'),
('Personal Affairs Courts First Degree  Quryyat'),
('Personal Affairs Courts First Degree Dawmat Al Jandeal'),
('Personal Affairs Courts First Degree Sakaka'),
('Personal Affairs Courts First Degree Al Madinah Al Monawarah'),
('Personal Affairs Courts First Degree Al Hinakiyah'),
('Personal Affairs Courts First Degree Al Mahd'),
('Personal Affairs Courts First Degree Al Ula'),
('Personal Affairs Courts First Degree Badr'),
('Personal Affairs Courts First Degree Khaybar'),
('Personal Affairs Courts First Degree Yanbu Al Bahar'),
('Personal Affairs Courts First Degree Al Asyah'),
('Personal Affairs Courts First Degree Al Badai'),
('Personal Affairs Courts First Degree Al Bukayriyah'),
('Personal Affairs Courts First Degree Al Midhnab'),
('Personal Affairs Courts First Degree An Nabhaniyah'),
('Personal Affairs Courts First Degree Ar Rass'),
('Personal Affairs Courts First Degree Ash Shimasiyah'),
('Personal Affairs Courts First Degree Buraydah'),
('Personal Affairs Courts First Degree Riadh Al Khabra'),
('Personal Affairs Courts First Degree Unayzah'),
('Personal Affairs Courts First Degree Uyun Al Jiwa'),
('Personal Affairs Courts First Degree Al Riyadh'),
('Personal Affairs Courts First Degree Ad Diriyah'),
('Personal Affairs Courts First Degree Al Kharj'),
('Personal Affairs Courts First Degree Ad Duwadimi'),
('Personal Affairs Courts First Degree Al Majmaah'),
('Personal Affairs Courts First Degree Al Quwayiyah'),
('Personal Affairs Courts First Degree Wadi Ad Dawasir'),
('Personal Affairs Courts First Degree Al Aflaj'),
('Personal Affairs Courts First Degree Azulfi'),
('Personal Affairs Courts First Degree Shagra'),
('Personal Affairs Courts First Degree Hawtat Bani Tamim'),
('Personal Affairs Courts First Degree Afif'),
('Personal Affairs Courts First Degree As Sulayyil'),
('Personal Affairs Courts First Degree Duruma'),
('Personal Affairs Courts First Degree Al Muzahimiya'),
('Personal Affairs Courts First Degree Rumah'),
('Personal Affairs Courts First Degree Thadiq'),
('Personal Affairs Courts First Degree Huraymila'),
('Personal Affairs Courts First Degree Al Hariq'),
('Personal Affairs Courts First Degree Al Ghat'),
('Personal Affairs Courts First Degree Abha'),
('Personal Affairs Courts First Degree Ahad Rufaydah'),
('Personal Affairs Courts First Degree Al Majardah'),
('Personal Affairs Courts First Degree An Nammas'),
('Personal Affairs Courts First Degree Balqam'),
('Personal Affairs Courts First Degree Bareq'),
('Personal Affairs Courts First Degree Bishah'),
('Personal Affairs Courts First Degree Dalvan Al Janub'),
('Personal Affairs Courts First Degree Khamis Mushayt'),
('Personal Affairs Courts First Degree Muhayil'),
('Personal Affairs Courts First Degree Rijal Alma'),
('Personal Affairs Courts First Degree Sarat Abidah'),
('Personal Affairs Courts First Degree Tathlith'),
('Personal Affairs Courts First Degree Ad Dammam'),
('Personal Affairs Courts First Degree Al Ahsa'),
('Personal Affairs Courts First Degree Al Jubayl'),
('Personal Affairs Courts First Degree Al Khafji'),
('Personal Affairs Courts First Degree Al Khubar'),
('Personal Affairs Courts First Degree Al Qatif'),
('Personal Affairs Courts First Degree An Nuayriyah'),
('Personal Affairs Courts First Degree Buqayq'),
('Personal Affairs Courts First Degree Haft Al Babin'),
('Personal Affairs Courts First Degree Qaryah Al Ulya'),
('Personal Affairs Courts First Degree Ras Tannurah'),
('Personal Affairs Courts First Degree Al Qhazaiah'),
('Personal Affairs Courts First Degree Ash Shinan'),
('Personal Affairs Courts First Degree Baqa'),
('Personal Affairs Courts First Degree Ha''il'),
('Personal Affairs Courts First Degree Abu Arish'),
('Personal Affairs Courts First Degree Ad Dair'),
('Personal Affairs Courts First Degree Ad Darb'),
('Personal Affairs Courts First Degree Ahad Al Masarihah'),
('Personal Affairs Courts First Degree Al Aridah'),
('Personal Affairs Courts First Degree Al Aydabi'),
('Personal Affairs Courts First Degree Al Harth'),
('Personal Affairs Courts First Degree Ar Rayth'),
('Personal Affairs Courts First Degree Baysh'),
('Personal Affairs Courts First Degree Damad'),
('Personal Affairs Courts First Degree Farasan'),
('Personal Affairs Courts First Degree Jizan'),
('Personal Affairs Courts First Degree Sabya'),
('Personal Affairs Courts First Degree Samtah'),
('Personal Affairs Courts First Degree Ar''ar'),
('Personal Affairs Courts First Degree Raqha'),
('Personal Affairs Courts First Degree Tarrif'),
('Personal Affairs Courts First Degree Al Imumum'),
('Personal Affairs Courts First Degree Al Kamil'),
('Personal Affairs Courts First Degree Al Khurmah'),
('Personal Affairs Courts First Degree Al Lith'),
('Personal Affairs Courts First Degree Al Qunfidhah'),
('Personal Affairs Courts First Degree Al Ta''if'),
('Personal Affairs Courts First Degree Jiddah'),
('Personal Affairs Courts First Degree Khulays'),
('Personal Affairs Courts First Degree Mecca'),
('Personal Affairs Courts First Degree Rabigh'),
('Personal Affairs Courts First Degree Ranyah'),
('Personal Affairs Courts First Degree Turubah'),
('Personal Affairs Courts First Degree Al Khirkhir'),
('Personal Affairs Courts First Degree Badr Al Janub'),
('Personal Affairs Courts First Degree Hubuna'),
('Personal Affairs Courts First Degree Khubash'),
('Personal Affairs Courts First Degree Najran'),
('Personal Affairs Courts First Degree Sharurah'),
('Personal Affairs Courts First Degree Thar'),
('Personal Affairs Courts First Degree Yadamah'),
('Personal Affairs Courts First Degree Al Wajh'),
('Personal Affairs Courts First Degree Dhuba'),
('Personal Affairs Courts First Degree Haqil'),
('Personal Affairs Courts First Degree Tabuk'),
('Personal Affairs Courts First Degree Tayma'),
('Personal Affairs Courts First Degree Umluj'),
('Commercial Courts First Degree Al Aqiq'),
('Commercial Courts First Degree Al Bahah'),
('Commercial Courts First Degree Al Mandag'),
('Commercial Courts First Degree Al Mukhwah'),
('Commercial Courts First Degree Al Qara'),
('Commercial Courts First Degree Biljurashi'),
('Commercial Courts First Degree Qilwah'),
('Commercial Courts First Degree Ar''ar'),
('Commercial Courts First Degree Rafha'),
('Commercial Courts First Degree Turayf'),
('Commercial Courts First Degree  Quryyat'),
('Commercial Courts First Degree Dawmat Al Jandeal'),
('Commercial Courts First Degree Sakaka'),
('Commercial Courts First Degree Al Madinah Al Monawarah'),
('Commercial Courts First Degree Al Hinakiyah'),
('Commercial Courts First Degree Al Mahd'),
('Commercial Courts First Degree Al Ula'),
('Commercial Courts First Degree Badr'),
('Commercial Courts First Degree Khaybar'),
('Commercial Courts First Degree Yanbu Al Bahar'),
('Commercial Courts First Degree Al Asyah'),
('Commercial Courts First Degree Al Badai'),
('Commercial Courts First Degree Al Bukayriyah'),
('Commercial Courts First Degree Al Midhnab'),
('Commercial Courts First Degree An Nabhaniyah'),
('Commercial Courts First Degree Ar Rass'),
('Commercial Courts First Degree Ash Shimasiyah'),
('Commercial Courts First Degree Buraydah'),
('Commercial Courts First Degree Riadh Al Khabra'),
('Commercial Courts First Degree Unayzah'),
('Commercial Courts First Degree Uyun Al Jiwa'),
('Commercial Courts First Degree Al Riyad'),
('Commercial Courts First Degree Ad Diriyah'),
('Commercial Courts First Degree Al Kharj'),
('Commercial Courts First Degree Ad Duwadimi'),
('Commercial Courts First Degree Al Majmaah'),
('Commercial Courts First Degree Al Quwayiyah'),
('Commercial Courts First Degree Wadi Ad Dawasir'),
('Commercial Courts First Degree Al Aflaj'),
('Commercial Courts First Degree Azulfi'),
('Commercial Courts First Degree Shagra'),
('Commercial Courts First Degree Hawtat Bani Tamim'),
('Commercial Courts First Degree Afif'),
('Commercial Courts First Degree As Sulayyil'),
('Commercial Courts First Degree Duruma'),
('Commercial Courts First Degree Al Muzahimiya'),
('Commercial Courts First Degree Rumah'),
('Commercial Courts First Degree Thadiq'),
('Commercial Courts First Degree Huraymila'),
('Commercial Courts First Degree Al Hariq'),
('Commercial Courts First Degree Al Ghat'),
('Commercial Courts First Degree Abha'),
('Commercial Courts First Degree Ahad Rufaydah'),
('Commercial Courts First Degree Al Majardah'),
('Commercial Courts First Degree An Nammas'),
('Commercial Courts First Degree Balqam'),
('Commercial Courts First Degree Bareq'),
('Commercial Courts First Degree Bishah'),
('Commercial Courts First Degree Dalvan Al Janub'),
('Commercial Courts First Degree Khamis Mushayt'),
('Commercial Courts First Degree Muhayil'),
('Commercial Courts First Degree Rijal Alma'),
('Commercial Courts First Degree Sarat Abidah'),
('Commercial Courts First Degree Tathlith'),
('Commercial Courts First Degree Ad Dammam'),
('Commercial Courts First Degree Al Ahsa'),
('Commercial Courts First Degree Al Jubayl'),
('Commercial Courts First Degree Al Khafji'),
('Commercial Courts First Degree Al Khubar'),
('Commercial Courts First Degree Al Qatif'),
('Commercial Courts First Degree An Nuayriyah'),
('Commercial Courts First Degree Buqayq'),
('Commercial Courts First Degree Haft Al Babin'),
('Commercial Courts First Degree Qaryah Al Ulya'),
('Commercial Courts First Degree Ras Tannurah'),
('Commercial Courts First Degree Al Qhazaiah'),
('Commercial Courts First Degree Ash Shinan'),
('Commercial Courts First Degree Baqa'),
('Commercial Courts First Degree Ha''il'),
('Commercial Courts First Degree Abu Arish'),
('Commercial Courts First Degree Ad Dair'),
('Commercial Courts First Degree Ad Darb'),
('Commercial Courts First Degree Ahad Al Masarihah'),
('Commercial Courts First Degree Al Aridah'),
('Commercial Courts First Degree Al Aydabi'),
('Commercial Courts First Degree Al Harth'),
('Commercial Courts First Degree Ar Rayth'),
('Commercial Courts First Degree Baysh'),
('Commercial Courts First Degree Damad'),
('Commercial Courts First Degree Farasan'),
('Commercial Courts First Degree Jizan'),
('Commercial Courts First Degree Sabya'),
('Commercial Courts First Degree Samtah'),
('Commercial Courts First Degree Ar''ar'),
('Commercial Courts First Degree Raqha'),
('Commercial Courts First Degree Tarrif'),
('Commercial Courts First Degree Al Imumum'),
('Commercial Courts First Degree Al Kamil'),
('Commercial Courts First Degree Al Khurmah'),
('Commercial Courts First Degree Al Lith'),
('Commercial Courts First Degree Al Qunfidhah'),
('Commercial Courts First Degree Al Ta''if'),
('Commercial Courts First Degree Jiddah'),
('Commercial Courts First Degree Khulays'),
('Commercial Courts First Degree Mecca'),
('Commercial Courts First Degree Rabigh'),
('Commercial Courts First Degree Ranyah'),
('Commercial Courts First Degree Turubah'),
('Commercial Courts First Degree Al Khirkhir'),
('Commercial Courts First Degree Badr Al Janub'),
('Commercial Courts First Degree Hubuna'),
('Commercial Courts First Degree Khubash'),
('Commercial Courts First Degree Najran'),
('Commercial Courts First Degree Sharurah'),
('Commercial Courts First Degree Thar'),
('Commercial Courts First Degree Yadamah'),
('Commercial Courts First Degree Al Wajh'),
('Commercial Courts First Degree Dhuba'),
('Commercial Courts First Degree Haqil'),
('Commercial Courts First Degree Tabuk'),
('Commercial Courts First Degree Tayma'),
('Commercial Courts First Degree Umluj'),
('Labor Courts First Degree Al Aqiq'),
('Labor Courts First Degree Al Bahah'),
('Labor Courts First Degree Al Mandag'),
('Labor Courts First Degree Al Mukhwah'),
('Labor Courts First Degree Al Qara'),
('Labor Courts First Degree Biljurashi'),
('Labor Courts First Degree Qilwah'),
('Labor Courts First Degree Ar''ar'),
('Labor Courts First Degree Rafha'),
('Labor Courts First Degree Turayf'),
('Labor Courts First Degree  Quryyat'),
('Labor Courts First Degree Dawmat Al Jandeal'),
('Labor Courts First Degree Sakaka'),
('Labor Courts First Degree Al Madinah Al Monawarah'),
('Labor Courts First Degree Al Hinakiyah'),
('Labor Courts First Degree Al Mahd'),
('Labor Courts First Degree Al Ula'),
('Labor Courts First Degree Badr'),
('Labor Courts First Degree Khaybar'),
('Labor Courts First Degree Yanbu Al Bahar'),
('Labor Courts First Degree Al Asyah'),
('Labor Courts First Degree Al Badai'),
('Labor Courts First Degree Al Bukayriyah'),
('Labor Courts First Degree Al Midhnab'),
('Labor Courts First Degree An Nabhaniyah'),
('Labor Courts First Degree Ar Rass'),
('Labor Courts First Degree Ash Shimasiyah'),
('Labor Courts First Degree Buraydah'),
('Labor Courts First Degree Riadh Al Khabra'),
('Labor Courts First Degree Unayzah'),
('Labor Courts First Degree Uyun Al Jiwa'),
('Labor Courts First Degree Al Riyadh'),
('Labor Courts First Degree Ad Diriyah'),
('Labor Courts First Degree Al Kharj'),
('Labor Courts First Degree Ad Duwadimi'),
('Labor Courts First Degree Al Majmaah'),
('Labor Courts First Degree Al Quwayiyah'),
('Labor Courts First Degree Wadi Ad Dawasir'),
('Labor Courts First Degree Al Aflaj'),
('Labor Courts First Degree Azulfi'),
('Labor Courts First Degree Shagra'),
('Labor Courts First Degree Hawtat Bani Tamim'),
('Labor Courts First Degree Afif'),
('Labor Courts First Degree As Sulayyil'),
('Labor Courts First Degree Duruma'),
('Labor Courts First Degree Al Muzahimiya'),
('Labor Courts First Degree Rumah'),
('Labor Courts First Degree Thadiq'),
('Labor Courts First Degree Huraymila'),
('Labor Courts First Degree Al Hariq'),
('Labor Courts First Degree Al Ghat'),
('Labor Courts First Degree Abha'),
('Labor Courts First Degree Ahad Rufaydah'),
('Labor Courts First Degree Al Majardah'),
('Labor Courts First Degree An Nammas'),
('Labor Courts First Degree Balqam'),
('Labor Courts First Degree Bareq'),
('Labor Courts First Degree Bishah'),
('Labor Courts First Degree Dalvan Al Janub'),
('Labor Courts First Degree Khamis Mushayt'),
('Labor Courts First Degree Muhayil'),
('Labor Courts First Degree Rijal Alma'),
('Labor Courts First Degree Sarat Abidah'),
('Labor Courts First Degree Tathlith'),
('Labor Courts First Degree Ad Dammam'),
('Labor Courts First Degree Al Ahsa'),
('Labor Courts First Degree Al Jubayl'),
('Labor Courts First Degree Al Khafji'),
('Labor Courts First Degree Al Khubar'),
('Labor Courts First Degree Al Qatif'),
('Labor Courts First Degree An Nuayriyah'),
('Labor Courts First Degree Buqayq'),
('Labor Courts First Degree Haft Al Babin'),
('Labor Courts First Degree Qaryah Al Ulya'),
('Labor Courts First Degree Ras Tannurah'),
('Labor Courts First Degree Al Qhazaiah'),
('Labor Courts First Degree Ash Shinan'),
('Labor Courts First Degree Baqa'),
('Labor Courts First Degree Ha''il'),
('Labor Courts First Degree Abu Arish'),
('Labor Courts First Degree Ad Dair'),
('Labor Courts First Degree Ad Darb'),
('Labor Courts First Degree Ahad Al Masarihah'),
('Labor Courts First Degree Al Aridah'),
('Labor Courts First Degree Al Aydabi'),
('Labor Courts First Degree Al Harth'),
('Labor Courts First Degree Ar Rayth'),
('Labor Courts First Degree Baysh'),
('Labor Courts First Degree Damad'),
('Labor Courts First Degree Farasan'),
('Labor Courts First Degree Jizan'),
('Labor Courts First Degree Sabya'),
('Labor Courts First Degree Samtah'),
('Labor Courts First Degree Ar''ar'),
('Labor Courts First Degree Raqha'),
('Labor Courts First Degree Tarrif'),
('Labor Courts First Degree Al Imumum'),
('Labor Courts First Degree Al Kamil'),
('Labor Courts First Degree Al Khurmah'),
('Labor Courts First Degree Al Lith'),
('Labor Courts First Degree Al Qunfidhah'),
('Labor Courts First Degree Al Ta''if'),
('Labor Courts First Degree Jiddah'),
('Labor Courts First Degree Khulays'),
('Labor Courts First Degree Mecca'),
('Labor Courts First Degree Rabigh'),
('Labor Courts First Degree Ranyah'),
('Labor Courts First Degree Turubah'),
('Labor Courts First Degree Al Khirkhir'),
('Labor Courts First Degree Badr Al Janub'),
('Labor Courts First Degree Hubuna'),
('Labor Courts First Degree Khubash'),
('Labor Courts First Degree Najran'),
('Labor Courts First Degree Sharurah'),
('Labor Courts First Degree Thar'),
('Labor Courts First Degree Yadamah'),
('Labor Courts First Degree Al Wajh'),
('Labor Courts First Degree Dhuba'),
('Labor Courts First Degree Haqil'),
('Labor Courts First Degree Tabuk'),
('Labor Courts First Degree Tayma'),
('Labor Courts First Degree Umluj');

INSERT INTO organizations (name, currency_id, color, fiscalYearStartsOn, address1, address2, city, state, zip, country_id, website, phone, fax, mobile, organizationID, comments, status) VALUES
('My Entity', 192, 0, 1, NULL, NULL, 'Jeddah', NULL, NULL, 192, NULL, NULL, NULL, NULL, NULL, NULL, 'Active');

INSERT INTO invoice_detail_cover_page_template (organization_id, name, header, subHeader,footer, address, logo) VALUES
(1, 'Default Template', 'Default Header', 'Default SubHeader', 'Default Footer', 'Address', '');

-- removing/updating an account should be followed by updating all tables with account_id column and system_preferences with serialized invoice accounts
INSERT INTO accounts (organization_id, currency_id, account_type_id, name, systemAccount, description, model_id, member_id, model_name, model_type, createdBy, createdOn, modifiedBy, modifiedOn,number) VALUES
(1, 192, 3, 'Furniture & Equipment', 'yes', '', NULL, NULL, 'internal', 'internal', NULL, NULL, NULL, NULL,1),
(1, 192, 8, 'Opening Balance Offset', 'yes', '', NULL, NULL, 'internal', 'internal', NULL, NULL, NULL, NULL,1),
(1, 192, 8, 'Owner''s Equity', 'yes', '', NULL, NULL, 'internal', 'internal', NULL, NULL, NULL, NULL,2),
(1, 192, 11, 'Office Supplies', 'yes', '', NULL, NULL, 'internal', 'internal', NULL, NULL, NULL, NULL,1),
(1, 192, 11, 'Advertising & Marketing', 'yes', '', NULL, NULL, 'internal', 'internal', NULL, NULL, NULL, NULL,2),
(1, 192, 11, 'Travel Expenses', 'yes', '', NULL, NULL, 'internal', 'internal', NULL, NULL, NULL, NULL,3),
(1, 192, 11, 'Internet & Telephone', 'yes', '', NULL, NULL, 'internal', 'internal', NULL, NULL, NULL, NULL,4),
(1, 192, 11, 'IT Expenses', 'yes', '', NULL, NULL, 'internal', 'internal', NULL, NULL, NULL, NULL,5),
(1, 192, 11, 'Rent', 'yes', '', NULL, NULL, 'internal', 'internal', NULL, NULL, NULL, NULL,6),
(1, 192, 11, 'Meals & Entertainment', 'yes', '', NULL, NULL, 'internal', 'internal', NULL, NULL, NULL, NULL,7),
(1, 192, 11, 'Car & Taxi', 'yes', '', NULL, NULL, 'internal', 'internal', NULL, NULL, NULL, NULL,8),
(1, 192, 11, 'Salaries', 'yes', '', NULL, NULL, 'internal', 'internal', NULL, NULL, NULL, NULL,9),
(1, 192, 13, 'Other Expenses', 'yes', '', NULL, NULL, 'internal', 'internal', NULL, NULL, NULL, NULL,1),
(1, 192, 9, 'Sales', 'yes', '', NULL, NULL, 'internal', 'internal', NULL, NULL, NULL, NULL,1),
(1, 192, 9, 'Other Income', 'yes', '', NULL, NULL, 'internal', 'internal', NULL, NULL, NULL, NULL,2),
(1, 192, 7, 'Tax Payable', 'yes', '', NULL, NULL, 'internal', 'internal', NULL, NULL, NULL, NULL,1),
(1, 192, 11, 'Legal Expenses', 'yes', NULL, NULL, NULL, 'internal', 'internal', NULL, NULL, NULL, NULL,10),
(1, 192, 11, 'Partner Expenses', 'yes', NULL, NULL, NULL, 'internal', 'internal', NULL, NULL, NULL, NULL,11),
(1, 192, 7, 'Tax Receivables', 'yes', '', NULL, NULL, 'internal', 'internal', NULL, NULL, NULL, NULL,2),
(1, 192, 18, 'Trust Asset Account', 'yes', '', NULL, NULL, 'internal', 'internal', NULL, NULL, NULL, NULL,1),
(1, 192, 11, 'Exchange gain or loss', 'yes', '', NULL, NULL, 'internal', 'internal', NULL, NULL, NULL, NULL,12),
(1, 192, 9, 'Discount', 'yes', '', NULL, NULL, 'internal', 'internal', NULL, NULL, NULL, NULL,13);

INSERT INTO expense_categories (expense_category_id, account_id, name, fl1name, fl2name) VALUES
(NULL, 6, 'Travel', 'Voyage', 'سفر'),
(1, 6, 'Flight', 'vol', 'طيران'),
(1, 6, 'Hotel', 'Hotel', 'فندق'),
(1, 6, 'Meal', 'Repas', 'وجبة'),
(1, 6, 'Transportation', 'Transport', 'تنقلات'),
(NULL, 9, 'Office', 'Bureau', 'المكتب'),
(6, 9, 'Electricity', 'électricité', 'كهرباء'),
(6, 7, 'Internet & Telephone', 'Internet & téléphone', 'انترنت & تلفون'),
(6, 8, 'IT Expenses', 'Dépenses IT', 'نفقات تقنية'),
(6, 4, 'Office Supplies', 'Fournitures de bureau', 'موارد للمكتب'),
(6, 9, 'Rent', 'Loyer', 'إيجار'),
(NULL, 11, 'Transportation', 'Transport', 'تنقلات'),
(12, 11, 'Fuel', 'Carburant', 'وقود'),
(12, 11, 'Parking', 'Parking', 'موقف'),
(12, 11, 'Taxi', 'Taxi', 'تاكسي'),
(NULL, 17, 'Company Incorporation Fee', 'Frais d''enregistrement d''entreprise', 'تكاليف تأسيس الشركة'),
(16, 17, 'Legal Docs', 'Docs juridiques', 'وثائق قانونية'),
(NULL, 17, 'Stamps', 'Timbre', 'طوابع'),
(16, 17, 'Translation', 'Traduction', 'ترجمة'),
(NULL, 17, 'Court Fee', 'Frais de court', 'تكاليف المحكمة'),
(NULL, 17, 'External Lawyer Fee', 'Honoraires d''avocat externe', 'تكاليف المحامين الخارجيين'),
(NULL, 17, 'External Lawyer Legal Opinion Fee', 'Frais d''avis juridique d''avocat externe', 'تكاليف إستشارة محامي خارجي'),
(NULL, 17, 'Expert Fee', 'Honoraires d’expert', 'تكاليف الخبير'),
(NULL, 17, 'Power of Attorney Fee', 'Mandat', 'تكاليف التفويض'),
(NULL, 17, 'Trade License Fee ', 'Frais de licence de commerce', 'تكاليف الترخيص التجاري');

INSERT INTO taxes (account_id, code, name, description, percentage, fl1name, fl2name) VALUES
(19, 'S', 'VAT', 'VAT 5%', 5.00, '', '');

INSERT INTO supplier_taxes (account_id, name, description, percentage, fl1name, fl2name) VALUES
(16, 'VAT', 'VAT 5%', 5.00, '', '');

INSERT INTO items (item_id, account_id, tax_id, unitName, fl1unitName, fl2unitName, unitPrice, description) VALUES
(NULL, 14, NULL, 'Consultancy', '', '', 500.00, ''),
(NULL, 14, NULL, 'Incorporation', '', '', 2000.00, ''),
(3, 14, NULL, 'Legal Docs', '', '', 300.00, ''),
(3, 14, NULL, 'Stamps', '', '', 100.00, ''),
(3, 14, NULL, 'Translation', '', '', 100.00, ''),
(NULL, 14, NULL, 'Services', '', '', 1000.00, ''),
(NULL, 14, NULL, 'Legal Fees', '', '', 500.00, ''),
(NULL, 14, NULL, 'Other Fees', '', '', 100.00, ''),
(NULL, 14, NULL, 'Expenses', '', '', 200.00, ''),
(NULL, 14, NULL, 'Miscellaneous', '', '', 50.00, ''),
(NULL, 14, NULL, 'Retainer', '', '', 50.00, '');

INSERT INTO system_preferences (groupName, keyName, keyValue) VALUES
('MoneyCurrency', 'currencies', '192, 232'),
('UsersValues', 'userRatePerHour', 'a:1:{i:1;s:4:"1000";}');


INSERT INTO advisor_task_locations (name) VALUES
('Al Riyadh'),
('Al Bahah'),
('Northern Borders'),
('Al Jawf'),
('Al Madinah Al Monawarah'),
('Al-Qassim'),
('Asir'),
('Eastern Province'),
('Ha''il'),
('Jizan'),
('Mecca'),
('Najran'),
('Tabuk'),
('Al Aqiq'),
('Al Mandag'),
('Al Mukhwah'),
('Al Qara'),
('Biljurashi'),
('Qilwah'),
('Ar''ar'),
('Rafha'),
('Turayf'),
('Quryyat'),
('Dawmat Al Jandeal'),
('Sakaka'),
('Al Hinakiyah'),
('Al Mahd'),
('Al Ula'),
('Badr'),
('Khaybar'),
('Yanbu Al Bahar'),
('Al Asyah'),
('Al Badai'),
('Al Bukayriyah'),
('Al Midhnab'),
('An Nabhaniyah'),
('Ar Rass'),
('Ash Shimasiyah'),
('Buraydah'),
('Riadh Al Khabra'),
('Unayzah'),
('Uyun Al Jiwa'),
('Ad Diriyah'),
('Al Kharj'),
('Ad Duwadimi'),
('Al Majmaah'),
('Al Quwayiyah'),
('Wadi Ad Dawasir'),
('Al Aflaj'),
('Azulfi'),
('Shagra'),
('Hawtat Bani Tamim'),
('Afif'),
('As Sulayyil'),
('Duruma'),
('Al Muzahimiya'),
('Rumah'),
('Thadiq'),
('Huraymila'),
('Al Hariq'),
('Al Ghat'),
('Abha'),
('Ahad Rufaydah'),
('Al Majardah'),
('An Nammas'),
('Balqam'),
('Bareq'),
('Bishah'),
('Dalvan Al Janub'),
('Khamis Mushayt'),
('Muhayil'),
('Rijal Alma'),
('Sarat Abidah'),
('Tathlith'),
('Ad Dammam'),
('Al Ahsa'),
('Al Jubayl'),
('Al Khafji'),
('Al Khubar'),
('Al Qatif'),
('An Nuayriyah'),
('Buqayq'),
('Haft Al Babin'),
('Qaryah Al Ulya'),
('Ras Tannurah'),
('Al Qhazaiah'),
('Ash Shinan'),
('Baqa'),
('Abu Arish'),
('Ad Dair'),
('Ad Darb'),
('Ahad Al Masarihah'),
('Al Aridah'),
('Al Aydabi'),
('Al Harth'),
('Ar Rayth'),
('Baysh'),
('Damad'),
('Farasan'),
('Sabya'),
('Samtah'),
('Raqha'),
('Tarrif'),
('Al Imumum'),
('Al Kamil'),
('Al Khurmah'),
('Al Lith'),
('Al Qunfidhah'),
('Al Ta''if'),
('Jiddah'),
('Khulays'),
('Rabigh'),
('Ranyah'),
('Turubah'),
('Al Khirkhir'),
('Badr Al Janub'),
('Hubuna'),
('Khubash'),
('Sharurah'),
('Thar'),
('Yadamah'),
('Al Wajh'),
('Dhuba'),
('Haqil'),
('Tayma'),
('Umluj');

INSERT INTO exchange_rates (currency_id, organization_id, rate) VALUES (192, 1, 1.00), (232, 1, 3.75);
GO

INSERT INTO contact_company_sub_categories (name) VALUES ('Awqaf Headmaster');

DECLARE @cnt_titles_additional INT = 0;

WHILE @cnt_titles_additional < 3
BEGIN
   INSERT INTO titles DEFAULT VALUES
   SET @cnt_titles_additional = @cnt_titles_additional + 1;
END;

INSERT INTO titles_languages (title_id, language_id, name) VALUES
('8', '1', 'Sheikh'),
('8', '2', 'الشيخ'),
('8', '3', 'Sheikh'),
('8', '4', 'Sheikh'),
('9', '1', 'Excellency'),
('9', '2', 'سمو'),
('9', '3', 'Excellence'),
('9', '4', 'Excelencia'),
('10', '1', 'His Excellency'),
('10', '2', 'معالي'),
('10', '3', 'Son Excellence'),
('10', '4', 'Su excelencia');
