INSERT INTO legal_case_stages (litigation, corporate) VALUES
('yes','no'),
('yes','no'),
('yes','no'),
('yes','no'),
('yes','no');
INSERT INTO countries (countryCode, currencyCode, currencyName, isoNumeric, languages) VALUES
('IL', 'ILS', 'Israeli New Shekel', '092', 'en');
INSERT INTO countries_languages (country_id, language_id, name) VALUES
(250, 1, 'Israel'),(250, 2, 'اسرائيل'),(250,3,'Israël'),(250, 4, 'Israel');
INSERT INTO legal_case_stage_languages (legal_case_stage_id, language_id, name) VALUES
(1, 1, 'First Instance Court'),
(1, 2, 'الترافع (درجة أولى)'),
(1, 3, 'Tribunal de 1ere Instance'),
(1, 4, 'Tribunal de primera instancia'),
(2, 1, 'Appeal Court'),
(2, 2, 'الترافع (درجة ثانية)'),
(2, 3, 'Cour d''Appel'),
(2, 4, 'Tribunal de apelación'),
(3, 1, 'reconciliation'),
(3, 2, 'المصالحة'),
(3, 3, 'reconciliation'),
(3, 4, 'reconciliation'),
(4, 1, 'Seek reconsideration'),
(4, 2, 'التماس اعادة النظر'),
(4, 3, 'Demander un Réexamen'),
(4, 4, 'Buscar reconsideración'),
(5, 1, 'The lawsuit sheet'),
(5, 2, 'صحيفة الدعوى'),
(5, 3, 'The lawsuit sheet'),
(5, 4, 'The lawsuit sheet');

SET IDENTITY_INSERT case_types ON

INSERT INTO case_types (id, name, litigation, corporate, litigationSLA, legalMatterSLA) VALUES
(4, 'آخر', 'yes', 'yes', NULL, NULL),
(37, 'Case of Intellectual Property', NULL, NULL, NULL, NULL),
(38, 'احوال شخصية |  إثبات رضاع أو مصاهرة', 'yes', 'no', NULL, NULL),
(39, 'احوال شخصية |  إقامة حارس قضائي', 'yes', 'no', NULL, NULL),
(40, 'احوال شخصية |  تعويض', 'yes', 'no', NULL, NULL),
(41, 'احوال شخصية | مطالبة باتعاب محاماة', 'yes', 'no', NULL, NULL),
(42, 'احوال شخصية |  مطالبة بمستندات', 'yes', 'no', NULL, NULL),
(43, 'احوال شخصية |  معارضة على صك إنهائي', 'yes', 'no', NULL, NULL),
(44, 'احوال شخصية |  منع من السفر', 'yes', 'no', NULL, NULL),
(45, 'احوال شخصية |  هبة أو رجوع عنها', 'yes', 'no', NULL, NULL),
(46, 'احوال شخصية |  إبطال وقف أو وصية', 'yes', 'no', NULL, NULL),
(47, 'احوال شخصية |  إثبات وقف أو وصية', 'yes', 'no', NULL, NULL),
(48, 'احوال شخصية |  استحقاق في وقف أو وصية', 'yes', 'no', NULL, NULL),
(49, 'احوال شخصية |  عزل ناظر وقف أو وصية', 'yes', 'no', NULL, NULL),
(50, 'احوال شخصية |  محاسبة ناظر و قف أو وصية', 'yes', 'no', NULL, NULL),
(51, 'احوال شخصية |  أجرة رضاع أو حضانة', 'yes', 'no', NULL, NULL),
(52, 'احوال شخصية |  تسليم صغير لحاضنه', 'yes', 'no', NULL, NULL),
(53, 'احوال شخصية |  حضانة', 'yes', 'no', NULL, NULL),
(54, 'احوال شخصية |  رؤية صغير', 'yes', 'no', NULL, NULL),
(55, 'احوال شخصية | زيادة نفقة أو إنقاصها أو إلغائها', 'yes', 'no', NULL, NULL),
(56, 'احوال شخصية |  زيارة أولاد أو غيرهم', 'yes', 'no', NULL, NULL),
(57, 'احوال شخصية |  نفقة', 'yes', 'no', NULL, NULL),
(58, 'احوال شخصية |  إثبات رجعة', 'yes', 'no', NULL, NULL),
(59, 'احوال شخصية |  إثبات طلاق', 'yes', 'no', NULL, NULL),
(60, 'احوال شخصية |  إثبات نكاح', 'yes', 'no', NULL, NULL),
(61, 'احوال شخصية |  خلع', 'yes', 'no', NULL, NULL),
(62, 'احوال شخصية |  صداق', 'yes', 'no', NULL, NULL),
(63, 'احوال شخصية |  عفش الزوجية', 'yes', 'no', NULL, NULL),
(64, 'احوال شخصية | فسخ نكاح', 'yes', 'no', NULL, NULL),
(65, 'احوال شخصية |  إثبات نسب أو نفيه', 'yes', 'no', NULL, NULL),
(66, 'احوال شخصية |  حجر أو رفعه', 'yes', 'no', NULL, NULL),
(67, 'احوال شخصية |  عزل ولي', 'yes', 'no', NULL, NULL),
(68, 'احوال شخصية |  عضل', 'yes', 'no', NULL, NULL),
(69, 'احوال شخصية |  محاسبة ولي', 'yes', 'no', NULL, NULL),
(70, 'احوال شخصية |  قسمة تركة أكثر من (100) مليون ريال', 'yes', 'no', NULL, NULL),
(71, 'تنفيذ احوال شخصية | القيام بعمل', 'yes', 'no', NULL, NULL),
(72, 'احوال شخصية |  قسمة تركة عقارية', 'yes', 'no', NULL, NULL),
(73, 'احوال شخصية |  قسمة تركة مالية', 'yes', 'no', NULL, NULL),
(74, 'تنفيذ احوال شخصية | تسليم مستندات زوجية', 'yes', 'no', NULL, NULL),
(75, 'تنفيذ احوال شخصية | حضانة', 'yes', 'no', NULL, NULL),
(76, 'تنفيذ احوال شخصية | زيارة', 'yes', 'no', NULL, NULL),
(77, 'احوال شخصية |  محاسبة وكيل أو وارث', 'yes', 'no', NULL, NULL),
(78, 'تنفيذ احوال شخصية | سكن زوجة واولاد', 'yes', 'no', NULL, NULL),
(79, 'جزائية | منع من السفر', 'yes', 'no', NULL, NULL),
(80, 'تنفيذ احوال شخصية | صداق', 'yes', 'no', NULL, NULL),
(81, 'جزائية | إثبات تنازل', 'yes', 'no', NULL, NULL),
(82, 'تنفيذ احوال شخصية | نفقة ماضية', 'yes', 'no', NULL, NULL),
(83, 'جزائية | إتلاف ممتلكات', 'yes', 'no', NULL, NULL),
(84, 'تنفيذ احوال شخصية | نفقة مستقبلية', 'yes', 'no', NULL, NULL),
(85, 'تنفيذ مالي | احكام وقرارات صادرة من المحكمة', 'yes', 'no', NULL, NULL),
(86, 'تنفيذ مالي | احكام وقرارات عمالية', 'yes', 'no', NULL, NULL),
(87, 'جزائية | سحر أو كهانة أو شعوذة', 'yes', 'no', NULL, NULL),
(88, 'تنفيذ مالي | أوراق تجارية', 'yes', 'no', NULL, NULL),
(89, 'تنفيذ مالي | عقود', 'yes', 'no', NULL, NULL),
(90, 'تنفيذ مالي | محاضر', 'yes', 'no', NULL, NULL),
(91, 'تنفيذ مباشر | اخلاء', 'yes', 'no', NULL, NULL),
(92, 'تنفيذ مباشر | عام', 'yes', 'no', NULL, NULL),
(93, 'جزائية | تشهير أو تشويه سمعة', 'yes', 'no', NULL, NULL),
(94, 'تنفيذ مباشر | مزاد', 'yes', 'no', NULL, NULL),
(95, 'جزائية | إطلاق نار', 'yes', 'no', NULL, NULL),
(96, 'جزائية | ابتزاز', 'yes', 'no', NULL, NULL),
(97, 'جزائية | التحرش', 'yes', 'no', NULL, NULL),
(98, 'جزائية | انتحال شخصية الغير', 'yes', 'no', NULL, NULL),
(99, 'جزائية | انتهاك حرمة مكان', 'yes', 'no', NULL, NULL),
(100, 'جزائية | تخبيب', 'yes', 'no', NULL, NULL),
(101, 'جزائية | خطف', 'yes', 'no', NULL, NULL),
(102, 'جزائية | خيانة الأمانة', 'yes', 'no', NULL, NULL),
(103, 'جزائية | شكوى أو دعوى كيدية', 'yes', 'no', NULL, NULL),
(104, 'جزائية | سب أو شتم', 'yes', 'no', NULL, NULL),
(105, 'جزائية | شهادة زور', 'yes', 'no', NULL, NULL),
(106, 'جزائية | قتل', 'yes', 'no', NULL, NULL),
(107, 'جزائية | مضاربة أو اعتداء جسدي', 'yes', 'no', NULL, NULL),
(108, 'جزائية | نصب أو احتيال', 'yes', 'no', NULL, NULL),
(109, 'جزائية | التستر على جريمة أو مجرم', 'yes', 'no', NULL, NULL),
(110, 'جزائية | نظام الحماية من الإيذاء', 'yes', 'no', NULL, NULL),
(111, 'جزائية | الجرائم المعلوماتية', 'yes', 'no', NULL, NULL),
(112, 'جزائية | نظام مكافحة جريمة التحرش', 'yes', 'no', NULL, NULL),
(113, 'جزائية | جرائم العرض', 'yes', 'no', NULL, NULL),
(114, 'جزائية | تهديد', 'yes', 'no', NULL, NULL),
(115, 'جزائية | النظام العام للبيئة', 'yes', 'no', NULL, NULL),
(116, 'جزائية | قذف', 'yes', 'no', NULL, NULL),
(117, 'جزائية | سرقة', 'yes', 'no', NULL, NULL),
(118, 'عامة | رد اعتبار (إثبات الاستقامة بعد السابقة الجنائية)', 'yes', 'no', NULL, NULL),
(119, 'عامة | إثبات عدم تملك مسكن/بيت', 'yes', 'no', NULL, NULL),
(120, 'عامة | استيثاق لإثبات الحالة أو شهادة يخشى فواتها في غير خصومة', 'yes', 'no', NULL, NULL),
(121, 'عامة | تنازل عن أرش إصابة أو دية (غير العمد وشبه العمد)', 'yes', 'no', NULL, NULL),
(122, 'عامة | وثيقة تملك مؤقت لغرض التعويض', 'yes', 'no', NULL, NULL),
(123, 'عامة | حراسة قضائية', 'yes', 'no', NULL, NULL),
(124, 'عامة | منع من السفر', 'yes', 'no', NULL, NULL),
(125, 'عامة | وقف الأعمال الجديدة', 'yes', 'no', NULL, NULL),
(126, 'عامة | أجرة الأجير اليومية أو الأسبوعية', 'yes', 'no', NULL, NULL),
(127, 'عامة | استرداد حيازة العقار', 'yes', 'no', NULL, NULL),
(128, 'عامة | استيثاق لإثبات الحالة أو شهادة يخشى فواتها', 'yes', 'no', NULL, NULL),
(129, 'عامة | منع التعرض للحيازة', 'yes', 'no', NULL, NULL),
(130, 'عامة | حجز تحفظي', 'yes', 'no', NULL, NULL),
(131, 'عامة | إخلاء عقار', 'yes', 'no', NULL, NULL),
(132, 'عامة | استطراق', 'yes', 'no', NULL, NULL),
(133, 'عامة | تداخل العقارات', 'yes', 'no', NULL, NULL),
(134, 'عامة | حق الشفعة', 'yes', 'no', NULL, NULL),
(135, 'عامة | ملكية عقار', 'yes', 'no', NULL, NULL),
(136, 'عامة | رفع اليد ضد جهة حكومية', 'yes', 'no', NULL, NULL),
(137, 'عامة | قسمة عقارات مشتركة', 'yes', 'no', NULL, NULL),
(138, 'عامة | مساهمة عقارية', 'yes', 'no', NULL, NULL),
(139, 'عامة | مساييل أو حمى', 'yes', 'no', NULL, NULL),
(140, 'عامة | مقاولات إنشاء المباني', 'yes', 'no', NULL, NULL),
(141, 'عامة | إثبات رهن أو بيع المرهون', 'yes', 'no', NULL, NULL),
(142, 'عامة | تعويض', 'yes', 'no', NULL, NULL),
(143, 'عامة | دعوى رد مسروق', 'yes', 'no', NULL, NULL),
(144, 'عامة | عارية', 'yes', 'no', NULL, NULL),
(145, 'عامة | قرض أو سلف', 'yes', 'no', NULL, NULL),
(146, 'عامة | هبة في غير عقار', 'yes', 'no', NULL, NULL),
(147, 'عامة | أتعاب المحاماة', 'yes', 'no', NULL, NULL),
(148, 'عامة | أجرة أعمال', 'yes', 'no', NULL, NULL),
(149, 'عامة | أجرة عقار', 'yes', 'no', NULL, NULL),
(150, 'عامة | أجرة عين (منقول)', 'yes', 'no', NULL, NULL),
(151, 'عامة | أرش إصابة غير مرورية', 'yes', 'no', NULL, NULL),
(152, 'عامة | التعويض عن أضرار التقاضي', 'yes', 'no', NULL, NULL),
(153, 'عامة | التعويض عن الأضرار النووية', 'yes', 'no', NULL, NULL),
(154, 'عامة | ثمن مبيع', 'yes', 'no', NULL, NULL),
(155, 'عامة | دعوى حوالة', 'yes', 'no', NULL, NULL),
(156, 'عامة | شراكة في أملاك غير عقارية', 'yes', 'no', NULL, NULL),
(157, 'عامة | ضمان (كفالة)', 'yes', 'no', NULL, NULL),
(158, 'عامة | عجز مالي', 'yes', 'no', NULL, NULL),
(159, 'عامة | مطالبة الضامن للمضمون عنه (كفيل لمكفوله)', 'yes', 'no', NULL, NULL),
(160, 'عامة | مطالبة بدية في غير حادث مروري', 'yes', 'no', NULL, NULL),
(161, 'عامة | وديعة', 'yes', 'no', NULL, NULL),
(162, 'عامة | حق خاص ناشئ عن حادث مروري', 'yes', 'no', NULL, NULL),
(163, 'عامة | حق عام ناشئ عن حادث مروري', 'yes', 'no', NULL, NULL),
(164, 'عامة | إثبات عقد', 'yes', 'no', NULL, NULL),
(165, 'عامة | رفع ضرر أو التعويض عنه', 'yes', 'no', NULL, NULL),
(166, 'عامة | رد العين', 'yes', 'no', NULL, NULL),
(167, 'عامة | عقد استصناع', 'yes', 'no', NULL, NULL),
(168, 'عامة | فسخ عقد أو بطلانه', 'yes', 'no', NULL, NULL),
(169, 'عامة | قسمة منافع (مهايأة)', 'yes', 'no', NULL, NULL),
(170, 'عامة | مطالبة بمستندات', 'yes', 'no', NULL, NULL),
(171, 'عامة | التحكيم (الاستئناف)', 'yes', 'no', NULL, NULL),
(172, 'عمالية | حقوق ومستحقات', 'yes', 'no', NULL, NULL),
(173, 'عمالية | مطالبة باتعاب محاماة ', 'yes', 'no', NULL, NULL),
(174, 'إدارية | الغاء القرار الإداري', 'yes', 'no', NULL, NULL),
(175, 'إدارية | التعويض', 'yes', 'no', NULL, NULL),
(176, 'إدارية | الغاء القرار الإداري والتعويض', 'yes', 'no', NULL, NULL),
(177, 'تجارية | مطالبة مالية', 'yes', 'no', NULL, NULL),
(178, 'تجارية | مطالبة باتعاب محاماة ', 'yes', 'no', NULL, NULL),
(179, 'تجارية | اثبات شراكة', 'yes', 'no', NULL, NULL),
(186, 'استشارة | احوال شخصية', 'no', 'yes', NULL, NULL),
(189, 'استشارة | تجارية', 'no', 'yes', NULL, NULL),
(190, 'استشارة | تنفيذ', 'no', 'yes', NULL, NULL),
(191, 'استشارة | جنائية', 'no', 'yes', NULL, NULL),
(192, 'استشارة | حقوقية', 'no', 'yes', NULL, NULL),
(193, 'استشارة | شركات', 'no', 'yes', NULL, NULL),
(194, 'استشارة | ضريبية', 'no', 'yes', NULL, NULL),
(195, 'استشارة | عقارية', 'no', 'yes', NULL, NULL),
(196, 'استشارة | عمالية', 'no', 'yes', NULL, NULL),
(197, 'استشارة | ملكية فكرية', 'no', 'yes', NULL, NULL),
(198, 'استشارة | ادارية', 'no', 'yes', NULL, NULL);

SET IDENTITY_INSERT case_types OFF

INSERT INTO system_preferences (groupName, keyName, keyValue) VALUES
('DefaultValues','caseValueCurrency','SAR'),
('DefaultValues','disableArchivedMatters','0'),
('DefaultValues','shareholderVoteFactor','1'),
('DefaultValues','shareholderVoteYear','1'),
('SystemValues','hijriCalendarConverter','1'),
('SystemValues','hijriCalendarFeature','1'),
('SystemValues','sysDaysOff','Fri, Sat'),
('SystemValues','systemTimezone','Asia/Riyadh'),
('MoneyCurrency','currencies','2, 192, 232'),
('UsersValues', 'userRatePerHour', 'a:1:{i:1;s:4:"1000";}');


UPDATE system_preferences SET keyValue='a:3:{i:0;s:11:"Tax Invoice";s:3:"fl1";s:7:"Facture";s:3:"fl2";s:16:"فــاتورة";}' WHERE groupName='InvoiceLanguage' and keyName='invoice';

UPDATE system_preferences SET keyValue='a:3:{i:0;s:3:"Tax";s:3:"fl1";s:4:"Taxe";s:3:"fl2";s:38:"ضريبة القيمة المضافة";}' WHERE groupName='InvoiceLanguage' and keyName='Items_Tax';

UPDATE system_preferences SET keyValue='a:3:{i:0;s:3:"Tax";s:3:"fl1";s:4:"Taxe";s:3:"fl2";s:38:"ضريبة القيمة المضافة";}' WHERE groupName='InvoiceLanguage' and keyName='Time_Logs_Tax';

UPDATE system_preferences SET keyValue='1' WHERE groupName='ActivateTaxesinInvoices' and keyName='TEnabled';

UPDATE system_preferences SET keyValue='0' WHERE groupName='DefaultValues' and keyName='privacyPerAssignedTeam';

UPDATE system_preferences SET keyValue='0' WHERE groupName='DefaultValues' and keyName='copySummaryAndCommentsToPostponedHearing';

INSERT INTO task_locations (name) VALUES
('الرياض'),
('مكة المكرمة'),
('المدينة المنورة'),
('الشرقية'),
('عسير'),
('القصيم'),
('تبوك'),
('حائل'),
('جازان'),
('نجران'),
('الباحة'),
('الجوف'),
('الخرج'),
('المجمعة'),
('وادي الدواسر'),
('عفيف'),
('حوطة بني تميم'),
('شقراء'),
('المزاحمية'),
('السليل'),
('رماح'),
('ضرما'),
('ثادق'),
('حريملا'),
('الغاط'),
('جدة'),
('الطائف'),
('القنفذة'),
('الليث'),
('رابغ'),
('خليص'),
('رنية'),
('تربة'),
('ينبع'),
('العلا'),
('بدر'),
('مهد الذهب'),
('الحناكية'),
('خيبر'),
('الأحساء'),
('الدمام'),
('الخبر'),
('القطيف'),
('حفر الباطن'),
('الجبيل'),
('الخفجي'),
('رأس تنورة'),
('بقيق'),
('النعيرية'),
('قرية العليا'),
('خميس مشيط'),
('أبها'),
('محايل عسير'),
('بيشة'),
('المجاردة'),
('سراة عبيدة'),
('سبت العلايا'),
('رجال ألمع'),
('ظهران الجنوب'),
('تثليث'),
('النماص'),
('بريدة'),
('عنيزة'),
('محافظة البكيرية'),
('محافظة البدائع'),
('النبهانية'),
('المذنب'),
('رياض الخبراء'),
('عيون الجواء'),
('أملج'),
('ضباء'),
('الوجه'),
('تيماء'),
('حقل'),
('بقعاء'),
('عرعر'),
('رفحاء'),
('طريف'),
('صبياء'),
('صامطة'),
('ضمد'),
('العيدابي'),
('فرسان'),
('شرورة'),
('خباش'),
('حبونا'),
('يدمة'),
('ثار'),
('بدر الجنوب'),
('المخواة'),
('بلجرشي'),
('قلوة'),
('المندق'),
('العقيق'),
('القرى'),
('سكاكا'),
('القريات'),
('الامارات'),
('البحرين'),
('شركة باسمح'),
('دومة الجندل'),
('مركز الشرطة'),
('وزارة العدل'),
('وزارة التجارة'),
('الغرفة التجارية'),
('كتابة العدل');

INSERT INTO company_legal_types (name) VALUES
('الشراكة العامة'),
('المشروع المشترك'),
('ذات مسؤولية محدودة'),
('مساهمة مقفلة'),
('شراكة محدودة مع أسهم'),
('مساهمة عامة'),
('شراكة محدودة'),
('أوفشور'),
('خارجية'),
('شركة المنطقة الحرة'),
('وحيدة الملكية'),
('أوقاف'),
('حكومية'),
('شركة أجنبية'),
('شركة شخص واحد'),
('مؤسسة فردية'),
('شركات مهنية'),
('لا ينطبق - N/A');

INSERT INTO court_types(name) VALUES
('المحكمة العليا'),
('محكمة الاستئناف'),
('المحكـــمة العامــة'),
('المحكمة الجـزائية'),
('محكمة الأحوال الشخصية'),
('المحكمة التجارية'),
('المحكمة العمـالية'),
('المحكمة الإدارية'),
('لجان شبه قضائية'),
('محكمة التنفيذ');

INSERT INTO court_degrees(name) VALUES
('الدائرة 1'),
('الدائرة 3'),
('الدائرة 2'),
('الدائرة 4'),
('الدائرة 5'),
('الدائرة10'),
('الدائرة20'),
('الدائرة 6'),
('الدائرة 7'),
('الدائرة 8'),
('الدائرة 9'),
('الدائرة11'),
('الدائرة12'),
('الدائرة13'),
('الدائرة14'),
('الدائرة15'),
('الدائرة16'),
('الدائرة17'),
('الدائرة18'),
('الدائرة19'),
('الدائرة21'),
('الدائرة22'),
('الدائرة23'),
('الدائرة24'),
('الدائرة25'),
('الدائرة26'),
('الدائرة27'),
('الدائرة28'),
('الدائرة29'),
('الدائرة30'),
('الدائرة31'),
('الدائرة32'),
('الدائرة33'),
('الدائرة34'),
('الدائرة35'),
('الدائرة36'),
('الدائرة37'),
('الدائرة38'),
('الدائرة39'),
('الدائرة40'),
('الدائرة41'),
('الدائرة42'),
('الدائرة43'),
('الدائرة44'),
('الدائرة45'),
('الدائرة46'),
('الدائرة47'),
('الدائرة48'),
('الدائرة49'),
('الدائرة50'),
('الدائرة51'),
('الدائرة52'),
('الدائرة53'),
('الدائرة54'),
('الدائرة55'),
('الدائرة56'),
('الدائرة57'),
('الدائرة58'),
('الدائرة59'),
('الدائرة60'),
('الدائرة61'),
('لا ينطبق');

INSERT INTO court_regions(name) VALUES
('الرياض'),
('مكة المكرمة'),
('المدينة المنورة'),
('الشرقية'),
('عسير'),
('القصيم'),
('تبوك'),
('حائل'),
('الحدود الشمالية'),
('جازان'),
('نجران'),
('الباحة'),
('الجوف'),
('الخرج'),
('الدوادمي'),
('المجمعة'),
('القويعية'),
('وادي الدواسر'),
('عفيف'),
('الدرعية'),
('الزلفي'),
('الأفلاج'),
('حوطة بني تميم'),
('شقراء'),
('المزاحمية'),
('السليل'),
('رماح'),
('ضرما'),
('ثادق'),
('حريملا'),
('الحريق'),
('الغاط'),
('جدة'),
('الطائف'),
('القنفذة'),
('الليث'),
('الجموم'),
('رابغ'),
('خليص'),
('رنية'),
('تربة'),
('الخرمة'),
('الكامل'),
('ينبع'),
('العلا'),
('بدر'),
('مهد الذهب'),
('الحناكية'),
('خيبر'),
('الأحساء'),
('الدمام'),
('الخبر'),
('القطيف'),
('حفر الباطن'),
('الجبيل'),
('الخفجي'),
('رأس تنورة'),
('بقيق'),
('النعيرية'),
('قرية العليا'),
('خميس مشيط'),
('أبها'),
('محايل عسير'),
('بيشة'),
('أحد رفيدة'),
('المجاردة'),
('سراة عبيدة'),
('سبت العلايا'),
('رجال ألمع'),
('ظهران الجنوب'),
('بارق'),
('تثليث'),
('النماص'),
('بريدة'),
('عنيزة'),
('الرس'),
('محافظة البكيرية'),
('محافظة البدائع'),
('النبهانية'),
('المذنب'),
('رياض الخبراء'),
('عيون الجواء'),
('الأسياح'),
('الشماسية'),
('أملج'),
('ضباء'),
('الوجه'),
('تيماء'),
('حقل'),
('الغزالة'),
('الشنان'),
('بقعاء'),
('عرعر'),
('رفحاء'),
('طريف'),
('صبياء'),
('صامطة'),
('أبو عريش'),
('أحد المسارحة'),
('بيش'),
('العارضة'),
('ضمد'),
('الدرب'),
('العيدابي'),
('الدائر'),
('الريث'),
('الحرث'),
('فرسان'),
('شرورة'),
('خباش'),
('حبونا'),
('يدمة'),
('ثار'),
('بدر الجنوب'),
('الخرخير'),
('المخواة'),
('بلجرشي'),
('قلوة'),
('المندق'),
('العقيق'),
('القرى'),
('سكاكا'),
('القريات'),
('دومة الجندل');

INSERT INTO courts(name) VALUES
('المحكمة العليا المحكمة العليا الرياض'),
('محاكمة الاستئناف درجة ثانية الرياض'),
('محاكمة الاستئناف درجة ثانية   مكة المكرمة'),
('محاكمة الاستئناف درجة ثانية   المدينة المنورة'),
('محاكمة الاستئناف درجة ثانية  الشرقية'),
('محاكمة الاستئناف درجة ثانية عسير'),
('محاكمة الاستئناف درجة ثانية   القصيم'),
('محاكمة الاستئناف درجة ثانية تبوك'),
('محاكمة الاستئناف درجة ثانية   حائل'),
('محاكمة الاستئناف درجة ثانية   الحدود الشمالية'),
('محاكمة الاستئناف درجة ثانية  جازان'),
('محاكمة الاستئناف درجة ثانية  نجران'),
('محاكمة الاستئناف درجة ثانية   الباحة'),
('محاكمة الاستئناف درجة ثانية   الجوف'),
('المحكـــمة العامــة درجة أولى الرياض'),
('المحكـــمة العامــة درجة أولى الخرج'),
('المحكـــمة العامــة درجة أولى الدوادمي'),
('المحكـــمة العامــة درجة أولى المجمعة'),
('المحكـــمة العامــة درجة أولى القويعية'),
('المحكـــمة العامــة درجة أولى وادي الدواسر'),
('المحكـــمة العامــة درجة أولى عفيف'),
('المحكـــمة العامــة درجة أولى الدرعية'),
('المحكـــمة العامــة درجة أولى الزلفي'),
('المحكـــمة العامــة درجة أولى الأفلاج'),
('المحكـــمة العامــة درجة أولى حوطة بني تميم'),
('المحكـــمة العامــة درجة أولى شقراء'),
('المحكـــمة العامــة درجة أولى المزاحمية'),
('المحكـــمة العامــة درجة أولى السليل'),
('المحكـــمة العامــة درجة أولى رماح'),
('المحكـــمة العامــة درجة أولى ضرما'),
('المحكـــمة العامــة درجة أولى ثادق'),
('المحكـــمة العامــة درجة أولى حريملا'),
('المحكـــمة العامــة درجة أولى الحريق'),
('المحكـــمة العامــة درجة أولى الغاط'),
('المحكـــمة العامــة درجة أولى جدة'),
('المحكـــمة العامــة درجة أولى مكة المكرمة'),
('المحكـــمة العامــة درجة أولى الطائف'),
('المحكـــمة العامــة درجة أولى القنفذة'),
('المحكـــمة العامــة درجة أولى الليث'),
('المحكـــمة العامــة درجة أولى الجموم'),
('المحكـــمة العامــة درجة أولى رابغ'),
('المحكـــمة العامــة درجة أولى خليص'),
('المحكـــمة العامــة درجة أولى رنية'),
('المحكـــمة العامــة درجة أولى تربة'),
('المحكـــمة العامــة درجة أولى الخرمة'),
('المحكـــمة العامــة درجة أولى الكامل'),
('المحكـــمة العامــة درجة أولى المدينة المنورة'),
('المحكـــمة العامــة درجة أولى ينبع'),
('المحكـــمة العامــة درجة أولى العلا'),
('المحكـــمة العامــة درجة أولى بدر'),
('المحكـــمة العامــة درجة أولى مهد الذهب'),
('المحكـــمة العامــة درجة أولى الحناكية'),
('المحكـــمة العامــة درجة أولى خيبر'),
('المحكـــمة العامــة درجة أولى الأحساء'),
('المحكـــمة العامــة درجة أولى الدمام'),
('المحكـــمة العامــة درجة أولى الخبر'),
('المحكـــمة العامــة درجة أولى القطيف'),
('المحكـــمة العامــة درجة أولى حفر الباطن'),
('المحكـــمة العامــة درجة أولى الجبيل'),
('المحكـــمة العامــة درجة أولى الخفجي'),
('المحكـــمة العامــة درجة أولى رأس تنورة'),
('المحكـــمة العامــة درجة أولى بقيق'),
('المحكـــمة العامــة درجة أولى النعيرية'),
('المحكـــمة العامــة درجة أولى قرية العليا'),
('المحكـــمة العامــة درجة أولى خميس مشيط'),
('المحكـــمة العامــة درجة أولى أبها'),
('المحكـــمة العامــة درجة أولى محايل عسير'),
('المحكـــمة العامــة درجة أولى بيشة'),
('المحكـــمة العامــة درجة أولى أحد رفيدة'),
('المحكـــمة العامــة درجة أولى المجاردة'),
('المحكـــمة العامــة درجة أولى سراة عبيدة'),
('المحكـــمة العامــة درجة أولى سبت العلايا'),
('المحكـــمة العامــة درجة أولى رجال ألمع'),
('المحكـــمة العامــة درجة أولى ظهران الجنوب'),
('المحكـــمة العامــة درجة أولى بارق'),
('المحكـــمة العامــة درجة أولى تثليث'),
('المحكـــمة العامــة درجة أولى النماص'),
('المحكـــمة العامــة درجة أولى بريدة'),
('المحكـــمة العامــة درجة أولى عنيزة'),
('المحكـــمة العامــة درجة أولى الرس'),
('المحكـــمة العامــة درجة أولى محافظة البكيرية'),
('المحكـــمة العامــة درجة أولى محافظة البدائع'),
('المحكـــمة العامــة درجة أولى النبهانية'),
('المحكـــمة العامــة درجة أولى المذنب'),
('المحكـــمة العامــة درجة أولى رياض الخبراء'),
('المحكـــمة العامــة درجة أولى عيون الجواء'),
('المحكـــمة العامــة درجة أولى الأسياح'),
('المحكـــمة العامــة درجة أولى الشماسية'),
('المحكـــمة العامــة درجة أولى تبوك'),
('المحكـــمة العامــة درجة أولى أملج'),
('المحكـــمة العامــة درجة أولى ضباء'),
('المحكـــمة العامــة درجة أولى الوجه'),
('المحكـــمة العامــة درجة أولى تيماء'),
('المحكـــمة العامــة درجة أولى حقل'),
('المحكـــمة العامــة درجة أولى حائل'),
('المحكـــمة العامــة درجة أولى الغزالة'),
('المحكـــمة العامــة درجة أولى الشنان'),
('المحكـــمة العامــة درجة أولى بقعاء'),
('المحكـــمة العامــة درجة أولى عرعر'),
('المحكـــمة العامــة درجة أولى رفحاء'),
('المحكـــمة العامــة درجة أولى طريف'),
('المحكـــمة العامــة درجة أولى صبياء'),
('المحكـــمة العامــة درجة أولى صامطة'),
('المحكـــمة العامــة درجة أولى أبو عريش'),
('المحكـــمة العامــة درجة أولى جازان'),
('المحكـــمة العامــة درجة أولى أحد المسارحة'),
('المحكـــمة العامــة درجة أولى بيش'),
('المحكـــمة العامــة درجة أولى العارضة'),
('المحكـــمة العامــة درجة أولى ضمد'),
('المحكـــمة العامــة درجة أولى الدرب'),
('المحكـــمة العامــة درجة أولى العيدابي'),
('المحكـــمة العامــة درجة أولى الدائر'),
('المحكـــمة العامــة درجة أولى الريث'),
('المحكـــمة العامــة درجة أولى الحرث'),
('المحكـــمة العامــة درجة أولى فرسان'),
('المحكـــمة العامــة درجة أولى نجران'),
('المحكـــمة العامــة درجة أولى شرورة'),
('المحكـــمة العامــة درجة أولى خباش'),
('المحكـــمة العامــة درجة أولى حبونا'),
('المحكـــمة العامــة درجة أولى يدمة'),
('المحكـــمة العامــة درجة أولى ثار'),
('المحكـــمة العامــة درجة أولى بدر الجنوب'),
('المحكـــمة العامــة درجة أولى الخرخير'),
('المحكـــمة العامــة درجة أولى الباحة'),
('المحكـــمة العامــة درجة أولى المخواة'),
('المحكـــمة العامــة درجة أولى بلجرشي'),
('المحكـــمة العامــة درجة أولى قلوة'),
('المحكـــمة العامــة درجة أولى المندق'),
('المحكـــمة العامــة درجة أولى العقيق'),
('المحكـــمة العامــة درجة أولى القرى'),
('المحكـــمة العامــة درجة أولى سكاكا'),
('المحكـــمة العامــة درجة أولى القريات'),
('المحكـــمة العامــة درجة أولى دومة الجندل'),
('المحكمة الجـزائية درجة أولى الرياض'),
('المحكمة الجـزائية درجة أولى الخرج'),
('المحكمة الجـزائية درجة أولى الدوادمي'),
('المحكمة الجـزائية درجة أولى المجمعة'),
('المحكمة الجـزائية درجة أولى القويعية'),
('المحكمة الجـزائية درجة أولى وادي الدواسر'),
('المحكمة الجـزائية درجة أولى عفيف'),
('المحكمة الجـزائية درجة أولى الدرعية'),
('المحكمة الجـزائية درجة أولى الزلفي'),
('المحكمة الجـزائية درجة أولى الأفلاج'),
('المحكمة الجـزائية درجة أولى حوطة بني تميم'),
('المحكمة الجـزائية درجة أولى شقراء'),
('المحكمة الجـزائية درجة أولى المزاحمية'),
('المحكمة الجـزائية درجة أولى السليل'),
('المحكمة الجـزائية درجة أولى رماح'),
('المحكمة الجـزائية درجة أولى ضرما'),
('المحكمة الجـزائية درجة أولى ثادق'),
('المحكمة الجـزائية درجة أولى حريملا'),
('المحكمة الجـزائية درجة أولى الحريق'),
('المحكمة الجـزائية درجة أولى الغاط'),
('المحكمة الجـزائية درجة أولى جدة'),
('المحكمة الجـزائية درجة أولى مكة المكرمة'),
('المحكمة الجـزائية درجة أولى الطائف'),
('المحكمة الجـزائية درجة أولى القنفذة'),
('المحكمة الجـزائية درجة أولى الليث'),
('المحكمة الجـزائية درجة أولى الجموم'),
('المحكمة الجـزائية درجة أولى رابغ'),
('المحكمة الجـزائية درجة أولى خليص'),
('المحكمة الجـزائية درجة أولى رنية'),
('المحكمة الجـزائية درجة أولى تربة'),
('المحكمة الجـزائية درجة أولى الخرمة'),
('المحكمة الجـزائية درجة أولى الكامل'),
('المحكمة الجـزائية درجة أولى المدينة المنورة'),
('المحكمة الجـزائية درجة أولى ينبع'),
('المحكمة الجـزائية درجة أولى العلا'),
('المحكمة الجـزائية درجة أولى بدر'),
('المحكمة الجـزائية درجة أولى مهد الذهب'),
('المحكمة الجـزائية درجة أولى الحناكية'),
('المحكمة الجـزائية درجة أولى خيبر'),
('المحكمة الجـزائية درجة أولى الأحساء'),
('المحكمة الجـزائية درجة أولى الدمام'),
('المحكمة الجـزائية درجة أولى الخبر'),
('المحكمة الجـزائية درجة أولى القطيف'),
('المحكمة الجـزائية درجة أولى حفر الباطن'),
('المحكمة الجـزائية درجة أولى الجبيل'),
('المحكمة الجـزائية درجة أولى الخفجي'),
('المحكمة الجـزائية درجة أولى رأس تنورة'),
('المحكمة الجـزائية درجة أولى بقيق'),
('المحكمة الجـزائية درجة أولى النعيرية'),
('المحكمة الجـزائية درجة أولى قرية العليا'),
('المحكمة الجـزائية درجة أولى خميس مشيط'),
('المحكمة الجـزائية درجة أولى أبها'),
('المحكمة الجـزائية درجة أولى محايل عسير'),
('المحكمة الجـزائية درجة أولى بيشة'),
('المحكمة الجـزائية درجة أولى أحد رفيدة'),
('المحكمة الجـزائية درجة أولى المجاردة'),
('المحكمة الجـزائية درجة أولى سراة عبيدة'),
('المحكمة الجـزائية درجة أولى سبت العلايا'),
('المحكمة الجـزائية درجة أولى رجال ألمع'),
('المحكمة الجـزائية درجة أولى ظهران الجنوب'),
('المحكمة الجـزائية درجة أولى بارق'),
('المحكمة الجـزائية درجة أولى تثليث'),
('المحكمة الجـزائية درجة أولى النماص'),
('المحكمة الجـزائية درجة أولى بريدة'),
('المحكمة الجـزائية درجة أولى عنيزة'),
('المحكمة الجـزائية درجة أولى الرس'),
('المحكمة الجـزائية درجة أولى محافظة البكيرية'),
('المحكمة الجـزائية درجة أولى محافظة البدائع'),
('المحكمة الجـزائية درجة أولى النبهانية'),
('المحكمة الجـزائية درجة أولى المذنب'),
('المحكمة الجـزائية درجة أولى رياض الخبراء'),
('المحكمة الجـزائية درجة أولى عيون الجواء'),
('المحكمة الجـزائية درجة أولى الأسياح'),
('المحكمة الجـزائية درجة أولى الشماسية'),
('المحكمة الجـزائية درجة أولى تبوك'),
('المحكمة الجـزائية درجة أولى أملج'),
('المحكمة الجـزائية درجة أولى ضباء'),
('المحكمة الجـزائية درجة أولى الوجه'),
('المحكمة الجـزائية درجة أولى تيماء'),
('المحكمة الجـزائية درجة أولى حقل'),
('المحكمة الجـزائية درجة أولى حائل'),
('المحكمة الجـزائية درجة أولى الغزالة'),
('المحكمة الجـزائية درجة أولى الشنان'),
('المحكمة الجـزائية درجة أولى بقعاء'),
('المحكمة الجـزائية درجة أولى عرعر'),
('المحكمة الجـزائية درجة أولى طريف'),
('المحكمة الجـزائية درجة أولى رفحاء'),
('المحكمة الجـزائية درجة أولى صبياء'),
('المحكمة الجـزائية درجة أولى صامطة'),
('المحكمة الجـزائية درجة أولى أبو عريش'),
('المحكمة الجـزائية درجة أولى جازان'),
('المحكمة الجـزائية درجة أولى أحد المسارحة'),
('المحكمة الجـزائية درجة أولى بيش'),
('المحكمة الجـزائية درجة أولى العارضة'),
('المحكمة الجـزائية درجة أولى ضمد'),
('المحكمة الجـزائية درجة أولى الدرب'),
('المحكمة الجـزائية درجة أولى العيدابي'),
('المحكمة الجـزائية درجة أولى الدائر'),
('المحكمة الجـزائية درجة أولى الريث'),
('المحكمة الجـزائية درجة أولى الحرث'),
('المحكمة الجـزائية درجة أولى فرسان'),
('المحكمة الجـزائية درجة أولى نجران'),
('المحكمة الجـزائية درجة أولى شرورة'),
('المحكمة الجـزائية درجة أولى خباش'),
('المحكمة الجـزائية درجة أولى حبونا'),
('المحكمة الجـزائية درجة أولى يدمة'),
('المحكمة الجـزائية درجة أولى ثار'),
('المحكمة الجـزائية درجة أولى بدر الجنوب'),
('المحكمة الجـزائية درجة أولى الخرخير'),
('المحكمة الجـزائية درجة أولى الباحة'),
('المحكمة الجـزائية درجة أولى المخواة'),
('المحكمة الجـزائية درجة أولى بلجرشي'),
('المحكمة الجـزائية درجة أولى قلوة'),
('المحكمة الجـزائية درجة أولى المندق'),
('المحكمة الجـزائية درجة أولى العقيق'),
('المحكمة الجـزائية درجة أولى القرى'),
('المحكمة الجـزائية درجة أولى سكاكا'),
('المحكمة الجـزائية درجة أولى القريات'),
('المحكمة الجـزائية درجة أولى دومة الجندل'),
('محكمة الأحوال الشخصية درجة أولى الرياض'),
('محكمة الأحوال الشخصية درجة أولى الخرج'),
('محكمة الأحوال الشخصية درجة أولى الدوادمي'),
('محكمة الأحوال الشخصية درجة أولى المجمعة'),
('محكمة الأحوال الشخصية درجة أولى القويعية'),
('محكمة الأحوال الشخصية درجة أولى وادي الدواسر'),
('محكمة الأحوال الشخصية درجة أولى عفيف'),
('محكمة الأحوال الشخصية درجة أولى الدرعية'),
('محكمة الأحوال الشخصية درجة أولى الزلفي'),
('محكمة الأحوال الشخصية درجة أولى الأفلاج'),
('محكمة الأحوال الشخصية درجة أولى حوطة بني تميم'),
('محكمة الأحوال الشخصية درجة أولى شقراء'),
('محكمة الأحوال الشخصية درجة أولى المزاحمية'),
('محكمة الأحوال الشخصية درجة أولى السليل'),
('محكمة الأحوال الشخصية درجة أولى رماح'),
('محكمة الأحوال الشخصية درجة أولى ضرما'),
('محكمة الأحوال الشخصية درجة أولى ثادق'),
('محكمة الأحوال الشخصية درجة أولى حريملا'),
('محكمة الأحوال الشخصية درجة أولى الحريق'),
('محكمة الأحوال الشخصية درجة أولى الغاط'),
('محكمة الأحوال الشخصية درجة أولى جدة'),
('محكمة الأحوال الشخصية درجة أولى مكة المكرمة'),
('محكمة الأحوال الشخصية درجة أولى الطائف'),
('محكمة الأحوال الشخصية درجة أولى القنفذة'),
('محكمة الأحوال الشخصية درجة أولى الليث'),
('محكمة الأحوال الشخصية درجة أولى الجموم'),
('محكمة الأحوال الشخصية درجة أولى رابغ'),
('محكمة الأحوال الشخصية درجة أولى خليص'),
('محكمة الأحوال الشخصية درجة أولى رنية'),
('محكمة الأحوال الشخصية درجة أولى تربة'),
('محكمة الأحوال الشخصية درجة أولى الخرمة'),
('محكمة الأحوال الشخصية درجة أولى الكامل'),
('محكمة الأحوال الشخصية درجة أولى المدينة المنورة'),
('محكمة الأحوال الشخصية درجة أولى ينبع'),
('محكمة الأحوال الشخصية درجة أولى العلا'),
('محكمة الأحوال الشخصية درجة أولى بدر'),
('محكمة الأحوال الشخصية درجة أولى مهد الذهب'),
('محكمة الأحوال الشخصية درجة أولى الحناكية'),
('محكمة الأحوال الشخصية درجة أولى خيبر'),
('محكمة الأحوال الشخصية درجة أولى الأحساء'),
('محكمة الأحوال الشخصية درجة أولى الدمام'),
('محكمة الأحوال الشخصية درجة أولى الخبر'),
('محكمة الأحوال الشخصية درجة أولى القطيف'),
('محكمة الأحوال الشخصية درجة أولى حفر الباطن'),
('محكمة الأحوال الشخصية درجة أولى الجبيل'),
('محكمة الأحوال الشخصية درجة أولى الخفجي'),
('محكمة الأحوال الشخصية درجة أولى رأس تنورة'),
('محكمة الأحوال الشخصية درجة أولى بقيق'),
('محكمة الأحوال الشخصية درجة أولى النعيرية'),
('محكمة الأحوال الشخصية درجة أولى قرية العليا'),
('محكمة الأحوال الشخصية درجة أولى خميس مشيط'),
('محكمة الأحوال الشخصية درجة أولى أبها'),
('محكمة الأحوال الشخصية درجة أولى محايل عسير'),
('محكمة الأحوال الشخصية درجة أولى بيشة'),
('محكمة الأحوال الشخصية درجة أولى أحد رفيدة'),
('محكمة الأحوال الشخصية درجة أولى المجاردة'),
('محكمة الأحوال الشخصية درجة أولى سراة عبيدة'),
('محكمة الأحوال الشخصية درجة أولى سبت العلايا'),
('محكمة الأحوال الشخصية درجة أولى رجال ألمع'),
('محكمة الأحوال الشخصية درجة أولى ظهران الجنوب'),
('محكمة الأحوال الشخصية درجة أولى بارق'),
('محكمة الأحوال الشخصية درجة أولى تثليث'),
('محكمة الأحوال الشخصية درجة أولى النماص'),
('محكمة الأحوال الشخصية درجة أولى بريدة'),
('محكمة الأحوال الشخصية درجة أولى عنيزة'),
('محكمة الأحوال الشخصية درجة أولى الرس'),
('محكمة الأحوال الشخصية درجة أولى محافظة البكيرية'),
('محكمة الأحوال الشخصية درجة أولى محافظة البدائع'),
('محكمة الأحوال الشخصية درجة أولى النبهانية'),
('محكمة الأحوال الشخصية درجة أولى المذنب'),
('محكمة الأحوال الشخصية درجة أولى رياض الخبراء'),
('محكمة الأحوال الشخصية درجة أولى عيون الجواء'),
('محكمة الأحوال الشخصية درجة أولى الأسياح'),
('محكمة الأحوال الشخصية درجة أولى الشماسية'),
('محكمة الأحوال الشخصية درجة أولى تبوك'),
('محكمة الأحوال الشخصية درجة أولى أملج'),
('محكمة الأحوال الشخصية درجة أولى ضباء'),
('محكمة الأحوال الشخصية درجة أولى الوجه'),
('محكمة الأحوال الشخصية درجة أولى تيماء'),
('محكمة الأحوال الشخصية درجة أولى حقل'),
('محكمة الأحوال الشخصية درجة أولى حائل'),
('محكمة الأحوال الشخصية درجة أولى الغزالة'),
('محكمة الأحوال الشخصية درجة أولى الشنان'),
('محكمة الأحوال الشخصية درجة أولى بقعاء'),
('محكمة الأحوال الشخصية درجة أولى عرعر'),
('محكمة الأحوال الشخصية درجة أولى رفحاء'),
('محكمة الأحوال الشخصية درجة أولى طريف'),
('محكمة الأحوال الشخصية درجة أولى صبياء'),
('محكمة الأحوال الشخصية درجة أولى صامطة'),
('محكمة الأحوال الشخصية درجة أولى أبو عريش'),
('محكمة الأحوال الشخصية درجة أولى جازان'),
('محكمة الأحوال الشخصية درجة أولى أحد المسارحة'),
('محكمة الأحوال الشخصية درجة أولى بيش'),
('محكمة الأحوال الشخصية درجة أولى العارضة'),
('محكمة الأحوال الشخصية درجة أولى ضمد'),
('محكمة الأحوال الشخصية درجة أولى الدرب'),
('محكمة الأحوال الشخصية درجة أولى العيدابي'),
('محكمة الأحوال الشخصية درجة أولى الدائر'),
('محكمة الأحوال الشخصية درجة أولى الريث'),
('محكمة الأحوال الشخصية درجة أولى الحرث'),
('محكمة الأحوال الشخصية درجة أولى فرسان'),
('محكمة الأحوال الشخصية درجة أولى نجران'),
('محكمة الأحوال الشخصية درجة أولى شرورة'),
('محكمة الأحوال الشخصية درجة أولى خباش'),
('محكمة الأحوال الشخصية درجة أولى حبونا'),
('محكمة الأحوال الشخصية درجة أولى يدمة'),
('محكمة الأحوال الشخصية درجة أولى ثار'),
('محكمة الأحوال الشخصية درجة أولى بدر الجنوب'),
('محكمة الأحوال الشخصية درجة أولى الخرخير'),
('محكمة الأحوال الشخصية درجة أولى الباحة'),
('محكمة الأحوال الشخصية درجة أولى المخواة'),
('محكمة الأحوال الشخصية درجة أولى بلجرشي'),
('محكمة الأحوال الشخصية درجة أولى قلوة'),
('محكمة الأحوال الشخصية درجة أولى المندق'),
('محكمة الأحوال الشخصية درجة أولى العقيق'),
('محكمة الأحوال الشخصية درجة أولى القرى'),
('محكمة الأحوال الشخصية درجة أولى سكاكا'),
('محكمة الأحوال الشخصية درجة أولى القريات'),
('محكمة الأحوال الشخصية درجة أولى دومة الجندل'),
('المحكمة التجارية درجة أولى الرياض'),
('المحكمة التجارية درجة أولى الخرج'),
('المحكمة التجارية درجة أولى الدوادمي'),
('المحكمة التجارية درجة أولى المجمعة'),
('المحكمة التجارية درجة أولى القويعية'),
('المحكمة التجارية درجة أولى وادي الدواسر'),
('المحكمة التجارية درجة أولى عفيف'),
('المحكمة التجارية درجة أولى الدرعية'),
('المحكمة التجارية درجة أولى الزلفي'),
('المحكمة التجارية درجة أولى الأفلاج'),
('المحكمة التجارية درجة أولى حوطة بني تميم'),
('المحكمة التجارية درجة أولى شقراء'),
('المحكمة التجارية درجة أولى المزاحمية'),
('المحكمة التجارية درجة أولى السليل'),
('المحكمة التجارية درجة أولى رماح'),
('المحكمة التجارية درجة أولى ضرما'),
('المحكمة التجارية درجة أولى ثادق'),
('المحكمة التجارية درجة أولى حريملا'),
('المحكمة التجارية درجة أولى الحريق'),
('المحكمة التجارية درجة أولى الغاط'),
('المحكمة التجارية درجة أولى جدة'),
('المحكمة التجارية درجة أولى مكة المكرمة'),
('المحكمة التجارية درجة أولى الطائف'),
('المحكمة التجارية درجة أولى القنفذة'),
('المحكمة التجارية درجة أولى الليث'),
('المحكمة التجارية درجة أولى الجموم'),
('المحكمة التجارية درجة أولى رابغ'),
('المحكمة التجارية درجة أولى خليص'),
('المحكمة التجارية درجة أولى رنية'),
('المحكمة التجارية درجة أولى تربة'),
('المحكمة التجارية درجة أولى الخرمة'),
('المحكمة التجارية درجة أولى الكامل'),
('المحكمة التجارية درجة أولى المدينة المنورة'),
('المحكمة التجارية درجة أولى ينبع'),
('المحكمة التجارية درجة أولى العلا'),
('المحكمة التجارية درجة أولى بدر'),
('المحكمة التجارية درجة أولى مهد الذهب'),
('المحكمة التجارية درجة أولى الحناكية'),
('المحكمة التجارية درجة أولى خيبر'),
('المحكمة التجارية درجة أولى الأحساء'),
('المحكمة التجارية درجة أولى الدمام'),
('المحكمة التجارية درجة أولى الخبر'),
('المحكمة التجارية درجة أولى القطيف'),
('المحكمة التجارية درجة أولى حفر الباطن'),
('المحكمة التجارية درجة أولى الجبيل'),
('المحكمة التجارية درجة أولى الخفجي'),
('المحكمة التجارية درجة أولى رأس تنورة'),
('المحكمة التجارية درجة أولى بقيق'),
('المحكمة التجارية درجة أولى النعيرية'),
('المحكمة التجارية درجة أولى قرية العليا'),
('المحكمة التجارية درجة أولى خميس مشيط'),
('المحكمة التجارية درجة أولى أبها'),
('المحكمة التجارية درجة أولى محايل عسير'),
('المحكمة التجارية درجة أولى بيشة'),
('المحكمة التجارية درجة أولى أحد رفيدة'),
('المحكمة التجارية درجة أولى المجاردة'),
('المحكمة التجارية درجة أولى سراة عبيدة'),
('المحكمة التجارية درجة أولى سبت العلايا'),
('المحكمة التجارية درجة أولى رجال ألمع'),
('المحكمة التجارية درجة أولى ظهران الجنوب'),
('المحكمة التجارية درجة أولى بارق'),
('المحكمة التجارية درجة أولى تثليث'),
('المحكمة التجارية درجة أولى النماص'),
('المحكمة التجارية درجة أولى بريدة'),
('المحكمة التجارية درجة أولى عنيزة'),
('المحكمة التجارية درجة أولى الرس'),
('المحكمة التجارية درجة أولى محافظة البكيرية'),
('المحكمة التجارية درجة أولى محافظة البدائع'),
('المحكمة التجارية درجة أولى النبهانية'),
('المحكمة التجارية درجة أولى المذنب'),
('المحكمة التجارية درجة أولى رياض الخبراء'),
('المحكمة التجارية درجة أولى عيون الجواء'),
('المحكمة التجارية درجة أولى الأسياح'),
('المحكمة التجارية درجة أولى الشماسية'),
('المحكمة التجارية درجة أولى تبوك'),
('المحكمة التجارية درجة أولى أملج'),
('المحكمة التجارية درجة أولى ضباء'),
('المحكمة التجارية درجة أولى الوجه'),
('المحكمة التجارية درجة أولى تيماء'),
('المحكمة التجارية درجة أولى حقل'),
('المحكمة التجارية درجة أولى حائل'),
('المحكمة التجارية درجة أولى الغزالة'),
('المحكمة التجارية درجة أولى الشنان'),
('المحكمة التجارية درجة أولى بقعاء'),
('المحكمة التجارية درجة أولى عرعر'),
('المحكمة التجارية درجة أولى رفحاء'),
('المحكمة التجارية درجة أولى طريف'),
('المحكمة التجارية درجة أولى صبياء'),
('المحكمة التجارية درجة أولى صامطة'),
('المحكمة التجارية درجة أولى أبو عريش'),
('المحكمة التجارية درجة أولى جازان'),
('المحكمة التجارية درجة أولى أحد المسارحة'),
('المحكمة التجارية درجة أولى بيش'),
('المحكمة التجارية درجة أولى العارضة'),
('المحكمة التجارية درجة أولى ضمد'),
('المحكمة التجارية درجة أولى الدرب'),
('المحكمة التجارية درجة أولى العيدابي'),
('المحكمة التجارية درجة أولى الدائر'),
('المحكمة التجارية درجة أولى الريث'),
('المحكمة التجارية درجة أولى الحرث'),
('المحكمة التجارية درجة أولى فرسان'),
('المحكمة التجارية درجة أولى نجران'),
('المحكمة التجارية درجة أولى شرورة'),
('المحكمة التجارية درجة أولى خباش'),
('المحكمة التجارية درجة أولى حبونا'),
('المحكمة التجارية درجة أولى يدمة'),
('المحكمة التجارية درجة أولى ثار'),
('المحكمة التجارية درجة أولى بدر الجنوب'),
('المحكمة التجارية درجة أولى الخرخير'),
('المحكمة التجارية درجة أولى الباحة'),
('المحكمة التجارية درجة أولى المخواة'),
('المحكمة التجارية درجة أولى بلجرشي'),
('المحكمة التجارية درجة أولى قلوة'),
('المحكمة التجارية درجة أولى المندق'),
('المحكمة التجارية درجة أولى العقيق'),
('المحكمة التجارية درجة أولى القرى'),
('المحكمة التجارية درجة أولى سكاكا'),
('المحكمة التجارية درجة أولى القريات'),
('المحكمة التجارية درجة أولى دومة الجندل'),
('المحكمة العمـالية درجة أولى الرياض'),
('المحكمة العمـالية درجة أولى الخرج'),
('المحكمة العمـالية درجة أولى الدوادمي'),
('المحكمة العمـالية درجة أولى المجمعة'),
('المحكمة العمـالية درجة أولى القويعية'),
('المحكمة العمـالية درجة أولى وادي الدواسر'),
('المحكمة العمـالية درجة أولى عفيف'),
('المحكمة العمـالية درجة أولى الدرعية'),
('المحكمة العمـالية درجة أولى الزلفي'),
('المحكمة العمـالية درجة أولى الأفلاج'),
('المحكمة العمـالية درجة أولى حوطة بني تميم'),
('المحكمة العمـالية درجة أولى شقراء'),
('المحكمة العمـالية درجة أولى المزاحمية'),
('المحكمة العمـالية درجة أولى السليل'),
('المحكمة العمـالية درجة أولى رماح'),
('المحكمة العمـالية درجة أولى ضرما'),
('المحكمة العمـالية درجة أولى ثادق'),
('المحكمة العمـالية درجة أولى حريملا'),
('المحكمة العمـالية درجة أولى الحريق'),
('المحكمة العمـالية درجة أولى الغاط'),
('المحكمة العمـالية درجة أولى جدة'),
('المحكمة العمـالية درجة أولى مكة المكرمة'),
('المحكمة العمـالية درجة أولى الطائف'),
('المحكمة العمـالية درجة أولى القنفذة'),
('المحكمة العمـالية درجة أولى الليث'),
('المحكمة العمـالية درجة أولى الجموم'),
('المحكمة العمـالية درجة أولى رابغ'),
('المحكمة العمـالية درجة أولى خليص'),
('المحكمة العمـالية درجة أولى رنية'),
('المحكمة العمـالية درجة أولى تربة'),
('المحكمة العمـالية درجة أولى الخرمة'),
('المحكمة العمـالية درجة أولى الكامل'),
('المحكمة العمـالية درجة أولى المدينة المنورة'),
('المحكمة العمـالية درجة أولى ينبع'),
('المحكمة العمـالية درجة أولى العلا'),
('المحكمة العمـالية درجة أولى بدر'),
('المحكمة العمـالية درجة أولى مهد الذهب'),
('المحكمة العمـالية درجة أولى الحناكية'),
('المحكمة العمـالية درجة أولى خيبر'),
('المحكمة العمـالية درجة أولى الأحساء'),
('المحكمة العمـالية درجة أولى الدمام'),
('المحكمة العمـالية درجة أولى الخبر'),
('المحكمة العمـالية درجة أولى القطيف'),
('المحكمة العمـالية درجة أولى حفر الباطن'),
('المحكمة العمـالية درجة أولى الجبيل'),
('المحكمة العمـالية درجة أولى الخفجي'),
('المحكمة العمـالية درجة أولى رأس تنورة'),
('المحكمة العمـالية درجة أولى بقيق'),
('المحكمة العمـالية درجة أولى النعيرية'),
('المحكمة العمـالية درجة أولى قرية العليا'),
('المحكمة العمـالية درجة أولى خميس مشيط'),
('المحكمة العمـالية درجة أولى أبها'),
('المحكمة العمـالية درجة أولى محايل عسير'),
('المحكمة العمـالية درجة أولى بيشة'),
('المحكمة العمـالية درجة أولى أحد رفيدة'),
('المحكمة العمـالية درجة أولى المجاردة'),
('المحكمة العمـالية درجة أولى سراة عبيدة'),
('المحكمة العمـالية درجة أولى سبت العلايا'),
('المحكمة العمـالية درجة أولى رجال ألمع'),
('المحكمة العمـالية درجة أولى ظهران الجنوب'),
('المحكمة العمـالية درجة أولى بارق'),
('المحكمة العمـالية درجة أولى تثليث'),
('المحكمة العمـالية درجة أولى النماص'),
('المحكمة العمـالية درجة أولى بريدة'),
('المحكمة العمـالية درجة أولى عنيزة'),
('المحكمة العمـالية درجة أولى الرس'),
('المحكمة العمـالية درجة أولى محافظة البكيرية'),
('المحكمة العمـالية درجة أولى محافظة البدائع'),
('المحكمة العمـالية درجة أولى النبهانية'),
('المحكمة العمـالية درجة أولى المذنب'),
('المحكمة العمـالية درجة أولى رياض الخبراء'),
('المحكمة العمـالية درجة أولى عيون الجواء'),
('المحكمة العمـالية درجة أولى الأسياح'),
('المحكمة العمـالية درجة أولى الشماسية'),
('المحكمة العمـالية درجة أولى تبوك'),
('المحكمة العمـالية درجة أولى أملج'),
('المحكمة العمـالية درجة أولى ضباء'),
('المحكمة العمـالية درجة أولى الوجه'),
('المحكمة العمـالية درجة أولى تيماء'),
('المحكمة العمـالية درجة أولى حقل'),
('المحكمة العمـالية درجة أولى حائل'),
('المحكمة العمـالية درجة أولى الغزالة'),
('المحكمة العمـالية درجة أولى الشنان'),
('المحكمة العمـالية درجة أولى بقعاء'),
('المحكمة العمـالية درجة أولى عرعر'),
('المحكمة العمـالية درجة أولى رفحاء'),
('المحكمة العمـالية درجة أولى طريف'),
('المحكمة العمـالية درجة أولى صبياء'),
('المحكمة العمـالية درجة أولى صامطة'),
('المحكمة العمـالية درجة أولى أبو عريش'),
('المحكمة العمـالية درجة أولى جازان'),
('المحكمة العمـالية درجة أولى أحد المسارحة'),
('المحكمة العمـالية درجة أولى بيش'),
('المحكمة العمـالية درجة أولى العارضة'),
('المحكمة العمـالية درجة أولى ضمد'),
('المحكمة العمـالية درجة أولى الدرب'),
('المحكمة العمـالية درجة أولى العيدابي'),
('المحكمة العمـالية درجة أولى الدائر'),
('المحكمة العمـالية درجة أولى الريث'),
('المحكمة العمـالية درجة أولى الحرث'),
('المحكمة العمـالية درجة أولى فرسان'),
('المحكمة العمـالية درجة أولى نجران'),
('المحكمة العمـالية درجة أولى شرورة'),
('المحكمة العمـالية درجة أولى خباش'),
('المحكمة العمـالية درجة أولى حبونا'),
('المحكمة العمـالية درجة أولى يدمة'),
('المحكمة العمـالية درجة أولى ثار'),
('المحكمة العمـالية درجة أولى بدر الجنوب'),
('المحكمة العمـالية درجة أولى الخرخير'),
('المحكمة العمـالية درجة أولى الباحة'),
('المحكمة العمـالية درجة أولى المخواة'),
('المحكمة العمـالية درجة أولى بلجرشي'),
('المحكمة العمـالية درجة أولى قلوة'),
('المحكمة العمـالية درجة أولى المندق'),
('المحكمة العمـالية درجة أولى العقيق'),
('المحكمة العمـالية درجة أولى القرى'),
('المحكمة العمـالية درجة أولى سكاكا'),
('المحكمة العمـالية درجة أولى القريات'),
('المحكمة العمـالية درجة أولى دومة الجندل'),
('اللجان الإبتدائية لتسوية الخلافات العمالية'),
('اللجان الجمركية الإبتدائية الرياض'),
('اللجنة العليا لتسوية خلافات العمال'),
('المحكمة التجارية بجدة'),
('المحكمة العامة بالمدينة المنورة الدائرة الاولى'),
('المحكمة العامة بالمدينة المنورة الدائرة الثانية'),
('المحكمة العامة بجدة'),
('المحكمة العامة بمكة المكرمة'),
('لجان الأوراق التجارية'),
('محكمة الإستئناف بمكة المكرمة'),
('محكمة التنفيذ'),
('محكمة التنفيذ بجدة'),
('محكمة التنفيذ بالرياض'),
('محكمة التنفيذ بمكة المكرمة'),
('محكمة التنفيذ بالمدينة المنورة'),
('محكمة التنفيذ بالدمام'),
('محكمة التنفيذ بالطائف'),
('محكمة التنفيذ بحفر الباطن'),
('محكمة التنفيذ ببريدة'),
('محكمة التنفيذ بالاحساء'),
('محكمة التنفيذ بتبوك'),
('محكمة التنفيذ بالخبر');

INSERT INTO organizations (name, currency_id, color, fiscalYearStartsOn, address1, address2, city, state, zip, country_id, website, phone, fax, mobile, organizationID, comments, status) VALUES
('اسم الشركة/المكتب', 192, 0, 1, NULL, NULL, 'الرياض', NULL, NULL, 192, NULL, NULL, NULL, NULL, NULL, NULL, 'Active');

INSERT INTO invoice_detail_cover_page_template (organization_id, name, header, subHeader,footer, address, logo) VALUES
(1, 'Default Template', 'Default Header', 'Default SubHeader', 'Default Footer', 'Address', '');

-- removing/updating an account should be followed by updating all tables with account_id column and system_preferences with serialized invoice accounts
INSERT INTO accounts (organization_id, currency_id, account_type_id, name, systemAccount, has_open_balance, description, model_id, member_id, model_name, model_type, createdBy, createdOn, modifiedBy, modifiedOn, accountData, number) VALUES
(1, 192, 3, 'أثاث ومفروشات', 'yes', NULL, 'الاصول الثابتة الخاصة بالاثاث والمفروشات', NULL, NULL, 'internal', 'internal', NULL, NULL, NULL, NULL, NULL, 1),
(1, 192, 8, 'رصيد افتتاحي', 'yes', NULL, NULL, NULL, NULL, 'internal', 'internal', NULL, NULL, NULL, NULL, NULL, 1),
(1, 192, 8, 'رأس المال الشريك', 'yes', NULL, 'رأس مال الشركة لمالك واحد', NULL, NULL, 'internal', 'internal', NULL, NULL, NULL, NULL, NULL, 2),
(1, 192, 11, 'قرطاسية ومطبوعات', 'yes', NULL, 'نفقات القرطاسية والمطبوعات', NULL, NULL, 'internal', 'internal', NULL, NULL, NULL, NULL, NULL, 1),
(1, 192, 11, 'التسويق والدعاية', 'yes', NULL, 'مصاريف التسويق والدعاية والاعلانات', NULL, NULL, 'internal', 'internal', NULL, NULL, NULL, NULL, NULL, 2),
(1, 192, 11, 'تذاكر سفر واقامة لرحلات العمل', 'yes', NULL, 'نفقات تدفع مقابل تذاكر السفر والاقامة للموظفين ', NULL, NULL, 'internal', 'internal', NULL, NULL, NULL, NULL, NULL, 3),
(1, 192, 11, 'هاتف و انترنت', 'yes', NULL, 'مصاريف الهاتف والانترنت', NULL, NULL, 'internal', 'internal', NULL, NULL, NULL, NULL, NULL, 4),
(1, 192, 11, 'تقنية المعلومات وبرامج IT', 'yes', NULL, 'نفقات ومصاريف البرامج لتقنية المعلومات منة برامج محاسبية وغيرها', NULL, NULL, 'internal', 'internal', NULL, NULL, NULL, NULL, NULL, 5),
(1, 192, 11, 'ايجار', 'yes', NULL, 'نفقات تدفع مقابل الايجارات السنوية من مكتب وغيره', NULL, NULL, 'internal', 'internal', NULL, NULL, NULL, NULL, NULL, 6),
(1, 192, 11, 'ضيافة وبوفية', 'yes', NULL, 'نفقات تدفع مقابل فةاتير الضيافة والعزائم والبوفية', NULL, NULL, 'internal', 'internal', NULL, NULL, NULL, NULL, NULL, 7),
(1, 192, 11, 'تنقل ومواصلات', 'yes', NULL, 'نفقات تدفع مقابل التنقل والمواصلات وايجار السيارات', NULL, NULL, 'internal', 'internal', NULL, NULL, NULL, NULL, NULL, 8),
(1, 192, 11, 'رواتب وأجور', 'yes', NULL, 'رواتب واجور الموظفين', NULL, NULL, 'internal', 'internal', NULL, NULL, NULL, NULL, NULL, 9),
(1, 192, 13, 'نفقات أخرى', 'yes', NULL, 'مصاريف أخرى', NULL, NULL, 'internal', 'internal', NULL, NULL, NULL, NULL, NULL, 1),
(1, 192, 9, 'مبيعات العملاء', 'yes', NULL, 'مبيعات وايرادات تأتي مقابل الخدماتظالمبيعات للخدمات للعملاء', NULL, NULL, 'internal', 'internal', NULL, NULL, NULL, NULL, NULL, 1),
(1, 192, 9, 'ايرادت أخرى', 'yes', NULL, NULL, NULL, NULL, 'internal', 'internal', NULL, NULL, NULL, NULL, NULL, 2),
(1, 192, 7, 'ضريبة مدينة', 'yes', NULL, 'أمانات الضريبة التي تدفع للمشتريات', NULL, NULL, 'internal', 'internal', NULL, NULL, NULL, NULL, NULL, 1),
(1, 192, 11, 'أتعاب مهنية', 'yes', NULL, 'مصاريف الاتعاب المهنية', NULL, NULL, 'internal', 'internal', NULL, NULL, NULL, NULL, NULL, 10),
(1, 192, 11, 'نفقات الشركاء', 'yes', NULL, 'النفقات التي يسجلها الشركاء تحرك حساب في المصاريف خاص بالشركاء', NULL, NULL, 'internal', 'internal', NULL, NULL, NULL, NULL, NULL, 11),
(1, 192, 7, 'ضريبة دائنة', 'yes', NULL, 'أمانات الضريبة التي تأتي من المبيعات', NULL, NULL, 'internal', 'internal', NULL, NULL, NULL, NULL, NULL, 2),
(1, 192, 18, 'حساب ائتماني للعملاء', 'yes', NULL, 'حساب وعاء خاص بالعملاء الذين يدفعون مقدم مقابل اعمالهم', NULL, NULL, 'internal', 'internal', NULL, NULL, NULL, NULL, NULL, 1),
(1, 192, 11, 'تسوية النفقات', 'yes', NULL, 'حساب (وعاء) لتسوية الفروقات في المصاريف', NULL, NULL, 'internal', 'internal', NULL, NULL, NULL, NULL, NULL, 12),
(1, 192, 11, 'كهرباء وماء', 'no', NULL, 'مصاريف الكهرباء والماء للمكتب', NULL, NULL, 'internal', 'internal', NULL, NULL, NULL, NULL, NULL, 13),
(1, 192, 11, 'تذاكر سفر سنوية للموظفين', 'no', NULL, 'تذاكر سفر الموظفين السنوية', NULL, NULL, 'internal', 'internal', NULL, NULL, NULL, NULL, NULL, 14),
(1, 192, 11, 'بدلات اجازة ومخالصات الموظفين', 'no', NULL, 'نفقات بدلات الاجازات السنوية ومخالصات نهاية الخدمة', NULL, NULL, 'internal', 'internal', NULL, NULL, NULL, NULL, NULL, 15),
(1, 192, 11, 'رسوم بنكية', 'no', NULL, 'رسوم بنكية على التعاملات البنكية والتحويلات', NULL, NULL, 'internal', 'internal', NULL, NULL, NULL, NULL, NULL, 16),
(1, 192, 11, 'التأمينات الاجتماعية', 'no', NULL, 'نفقات التأمينات الاجتماعية للموظفين', NULL, NULL, 'internal', 'internal', NULL, NULL, NULL, NULL, NULL, 17),
(1, 192, 11, 'بدلات سكن للموظفين', 'no', NULL, 'بدلات سكن للموظفين', NULL, NULL, 'internal', 'internal', NULL, NULL, NULL, NULL, NULL, 18),
(1, 192, 11, 'جوال الموظفين', 'no', NULL, 'نفقات مقابل فواتير جولات الموظفين والشركاء', NULL, NULL, 'internal', 'internal', NULL, NULL, NULL, NULL, NULL, 19),
(1, 192, 11, 'اشتركات مواقع حكومية', 'no', NULL, 'نفقات تدفع مقابل الاشتراكات في مواقع الخدمات الحكومية', NULL, NULL, 'internal', 'internal', NULL, NULL, NULL, NULL, NULL, 20),
(1, 192, 11, 'تصاديق وتوثيق خاصة بالمكتب', 'no', NULL, 'نفاقات تدفع مقابل رسوم التصاديق والتوثيق الخاصة بالمكتب من المحاماة والوكالات وغيرها', NULL, NULL, 'internal', 'internal', NULL, NULL, NULL, NULL, NULL, 21),
(1, 192, 11, 'رسوم ترجمة', 'no', NULL, 'نفقات تدفع مقابل رسوم الترجمة الخاصة بالمكتب او العملاء', NULL, NULL, 'internal', 'internal', NULL, NULL, NULL, NULL, NULL, 22),
(1, 192, 11, 'تصاديق وتوثيق خاصة بالعملاء', 'no', NULL, 'نفاقات تدفع مقابل رسوم التصاديق والتوثيق الخاصة \"بالعملاء\" من الوكالات وغيرها', NULL, NULL, 'internal', 'internal', NULL, NULL, NULL, NULL, NULL, 23),
(1, 192, 3, 'طابعات مكتبية', 'no', NULL, 'الاصول الثابتة الخاصة بالطابعات المكتبية', NULL, NULL, 'internal', 'internal', NULL, NULL, NULL, NULL, NULL, 2),
(1, 192, 3, 'أجهزة كمبيوتر', 'no', NULL, 'الاصول الثابتة الخاصة بالكمبوتيرات', NULL, NULL, 'internal', 'internal', NULL, NULL, NULL, NULL, NULL, 3),
(1, 192, 3, 'أجهزة الاتصال', 'no', NULL, 'الاصول الثابتة الخاصة بأجهزة الاتصال', NULL, NULL, 'internal', 'internal', NULL, NULL, NULL, NULL, NULL, 4),
(1, 192, 3, 'أجهزة ومعدات مكتبية', 'no', NULL, 'الاصول الثابتة الخاصة بالاجهزة والمعدات المكتبية وخزائن للارشفة', NULL, NULL, 'internal', 'internal', NULL, NULL, NULL, NULL, NULL, 5),
(1, 192, 7, 'تسويات ضريبة القيمة المضافة', 'no', NULL, 'تسوية الفروقات بين ضريبة القيمة المضافة الدائنة والمدينة', NULL, NULL, 'internal', 'internal', NULL, NULL, NULL, NULL, NULL, 3),
(1, 192, 4, 'دفعات مقدمة', 'no', NULL, 'دفعات مقدمة مسبقا كالتأمين', NULL, NULL, 'internal', 'internal', NULL, NULL, NULL, NULL, NULL, 12211),
(1, 192, 4, 'تأمين مسترد', 'no', NULL, 'مبالغ استردت من التأمين', NULL, NULL, 'internal', 'internal', NULL, NULL, NULL, NULL, NULL, 12212),
(1, 192, 2, 'أموال حساب البنك ', 'no', NULL, 'أموال موجودة في حساب الشركة في البنك', NULL, NULL, 'internal', 'internal', NULL, NULL, NULL, NULL, NULL, 13),
(1, 192, 7, 'أعباء الموردون', 'no', NULL, 'مطاليب الموردون', NULL, NULL, 'internal', 'internal', NULL, NULL, NULL, NULL, NULL, 4),
(1, 192, 1, 'عهدة المكتب', 'no', NULL, 'هذا حساب لاستخدامه من قبل المستخدميت عند تسجيل النفقات', NULL, NULL, 'internal', 'internal', NULL, NULL, NULL, NULL, NULL, 123),
(1, 192, 9, 'خصم', 'yes', NULL, NULL, NULL, NULL, 'internal', 'internal', NULL, NULL, NULL, NULL, NULL, 3);

INSERT INTO expense_categories (expense_category_id, account_id, name, fl1name, fl2name) VALUES
(NULL, 6, 'Travel', 'Voyage', 'سفر'),
(1, 6, 'Flight', 'vol', 'طيران'),
(1, 6, 'Hotel', 'Hotel', 'فندق'),
(1, 6, 'Meal', 'Repas', 'وجبة'),
(1, 6, 'Transportation', 'Transport', 'تنقلات'),
(NULL, 9, 'Office', 'Bureau', 'المكتب'),
(6, 9, 'Electricity', 'électricité', 'كهرباء'),
(6, 7, 'Internet & Telephone', 'Internet & téléphone', 'انترنت & تلفون'),
(6, 8, 'IT Expenses', 'Dépenses IT', 'نفقات تقنية'),
(6, 4, 'Office Supplies', 'Fournitures de bureau', 'موارد للمكتب'),
(6, 9, 'Rent', 'Loyer', 'إيجار'),
(NULL, 11, 'Transportation', 'Transport', 'تنقلات'),
(12, 11, 'Fuel', 'Carburant', 'وقود'),
(12, 11, 'Parking', 'Parking', 'موقف'),
(12, 11, 'Taxi', 'Taxi', 'تاكسي'),
(NULL, 17, 'Company Incorporation Fee', 'Frais d''enregistrement d''entreprise', 'تكاليف تأسيس الشركة'),
(16, 17, 'Legal Docs', 'Docs juridiques', 'وثائق قانونية'),
(NULL, 33, 'Attestation', 'Attestation', 'تصاديق وتوثيق للعملاء'),
(16, 17, 'Translation', 'Traduction', 'ترجمة'),
(NULL, 17, 'Court Fee', 'Frais de court', 'تكاليف المحكمة'),
(NULL, 17, 'External Lawyer Fee', 'Honoraires d''avocat externe', 'تكاليف المحامين الخارجيين'),
(NULL, 17, 'External Lawyer Legal Opinion Fee', 'Frais d''avis juridique d''avocat externe', 'تكاليف إستشارة محامي خارجي'),
(NULL, 17, 'Expert Fee', 'Honoraires d’expert', 'تكاليف الخبير'),
(NULL, 17, 'Power of Attorney Fee', 'Mandat', 'تكاليف التفويض'),
(NULL, 17, 'Trade License Fee ', 'Frais de licence de commerce', 'تكاليف الترخيص التجاري');

INSERT INTO taxes (account_id, code, name, fl1name, fl2name, description, percentage) VALUES
(19, 'S', 'VAT', 'TVA', 'ضريبة القيمة المضافة', 'ضريبة القيمة المضافة على المبيعات 15%', '15.00'),
(19, 'S', 'VAT', 'TVA', 'ضريبة القيمة المضافة', 'ضريبة القيمة المضافة على المبيعات 5%', '5.00'),
(19, 'Z', 'No VAT', 'Non TVA', 'لا يوجد', 'لا تنطبق الضريبة', '0.00');

INSERT INTO supplier_taxes (account_id, name, fl1name, fl2name, description, percentage) VALUES
(16, 'VAT', 'TVA', 'ضريبة القيمة المضافة', 'ضريبة القيمة المضافة دائنة 5%', '5.00'),
(16, 'VAT', 'TVA', 'ضريبة القيمة المضافة', 'ضريبة القيمة المضافة دائنة 15%', '15.00'),
(16, 'VAT', 'TVA', 'ضريبة القيمة المضافة', 'لا تنطبق الضريبة', '0.00');

INSERT INTO items (item_id, account_id, tax_id, unitName, fl1unitName, fl2unitName, unitPrice, description) VALUES
(NULL,14,1,'Consultancy','Consultant','استشارات',3000.00,'اتعاب الاستشارات القانونية بشتى انواعها (شركات, دعاوى)'),
(NULL,14,NULL,'Incorporation & Registration',' Incorporation et Enregistrement','تأسيس و تسجيل',0.00,'اتعاب التأسيس والتسجيل لجميع انواع الشركات وصفاتهم القانونية'),
(3,14,NULL,'Legal Docs','','',300.00,''),
(3,14,1,'Industrial License Fees','Frais de licence industrielle','رسوم الترخيص الصناعي',50000.00,'رسوم اصدار الترخيص الصناعي '),
(NULL,14,1,'Translation 1 Page','Traduction 1 page','ترجمة الورقة الواحدة',100.00,'سعر الترجمة للورقة الواحدة'),
(NULL,14,1,'Consulting a Lawyer','Consulter un Avocat','استشارة محامي',2500.00,'استشارة قانونية من محامي مختص'),
(NULL,14,1,'Lawyer Assistant Consultancy','Consulter un Avocat adjoint','استشارة مساعد محامي',950.00,'استشارة قانونية من مساعد محامي'),
(3,14,1,'Registration & Amendment','Enregistrement et Modification','تسجيل او تعديل شركات',15000.00,'تسجيل أو تعديل الشركات ذ.م.م أو التضامنة أو الشركات الجماعية\r\n'),
(3,14,1,'Registration Commercial Agencies',' Enregistrement des Agences Commerciales','تسجيل الوكالات التجارية',10000.00,'أتعاب تسجيل الوكالات التجارية'),
(3,14,NULL,'Trade Mark Registration','Enregistrement de Marque','تسجيل علامة تجارية',10000.00,'تسجيل علامة تجارية'),
(3,14,1,'Investment License Fees','Frais de licence d''investissement','رسوم ترخيص الاستثمار',50000.00,'رسوم اصدار ترخيص الاستثمار'),
(NULL,14,1,'AOA & Resolution Amendments','Amendements AOA / résolution','تعديل عقد تأسيس وقرارت',20000.00,'تكاليف تعديل ونشر عقد تأسيس أو قرارات شركاء أو ملحقاتها'),
(NULL,14,1,'Joint Stock & IPo Formation','Joint Stock & Formation IPo','تأسيس وتسجيل شركة مساهمة',150000.00,'تأسيس وتسجيل شركة مساهمة وشركة اكتتاب أولي'),
(NULL,14,1,'Co. Branch Formation fee','Frais de formation de succursale de la société','تأسيس فرع شركة',5000.00,'تأسيس أو نقل فرع شركة للفرع الواحد'),
(NULL, 14, NULL, 'Services', 'Prestations de service', 'خدمات', '1000.00', ''),
(NULL, 14, NULL, 'Legal Fees', 'Frais juridiques', 'الرسوم القانونية', '500.00', ''),
(NULL, 14, NULL, 'Other Fees', 'Autres frais', 'رسوم أخرى', '100.00', ''),
(NULL, 14, NULL, 'Expenses', 'Dépenses', 'نفقات', '200.00', ''),
(NULL, 14, NULL, 'Miscellaneous', 'Divers', 'متفرقات', '50.00', ''),
(NULL, 14, NULL, 'Retainer', 'Retenue', 'عربون', '50.00', '');

INSERT INTO discounts (name, fl1name, fl2name, description, percentage) VALUES
('Discount 1', 'Remise 1', 'خصم 1', 'خصم 5% على الخدمة المقدمة', '5.00'),
('Discount 2', 'Remise 2', 'خصم 2', 'خصم 10% على الخدمة المقدمة', '10.00'),
('Discount 3', 'Remise 3', 'خصم 3', 'خصم 15% على الخدمة المقدمة', '15.00'),
('Discount 4', 'Remise 4', 'خصم 4', 'خصم 20% على الخدمة المقدمة', '20.00'),
('N/A', 'N/A', 'لا ينطبق', 'لا تنطبق الخصومات على الخدمة المقدمة', '0.00');

INSERT INTO legal_case_folder_templates (category, case_type_id, folder_key, parent_key, name) VALUES
('litigation', '15', '1', 'j1_1', 'اعلان الجريدة'),
('litigation', '15', '2', 'j1_1', 'امر الحبس'),
('litigation', '15', '3', 'j1_1', 'سندات'),
('litigation', '15', '4', 'j1_1', 'قرار المادة 34'),
('litigation', '15', '5', 'j1_1', 'قرار المادة 46'),
('litigation', '15', '6', 'j1_1', 'مستندات أخرى'),
('litigation', '15', '7', 'j1_1', 'نقد التنفيذ'),
('litigation', '3;7;5;20;21;13;16;19;18;2;17;1;6;12;22;14;8;4', '15', 'j1_1', 'أحكام وقرارات'),
('litigation', '3;7;5;20;21;13;16;19;18;2;17;1;6;12;22;14;8;4', '16', 'j1_1', 'أدلة وقرائن'),
('litigation', '3;7;5;20;21;13;16;19;18;2;17;1;6;12;22;14;8;4', '17', 'j1_1', 'لائحة الاستئناف'),
('litigation', '3;7;5;20;21;13;16;19;18;2;17;1;6;12;22;14;8;4', '18', 'j1_1', 'لائحة الدعوى ومرفقاتها'),
('litigation', '3;7;5;20;21;13;16;19;18;2;17;1;6;12;22;14;8;4', '19', 'j1_1', 'مذكرات الخصم'),
('litigation', '3;7;5;20;21;13;16;19;18;2;17;1;6;12;22;14;8;4', '20', 'j1_1', 'مذكراتي'),
('litigation', '3;7;5;20;21;13;16;19;18;2;17;1;6;12;22;14;8;4', '21', 'j1_1', 'مستندات داعمة');

INSERT INTO organization_invoice_templates (organization_id, name, settings) VALUES
(0001, 'نموذج 1', 'a:3:{s:6:"header";a:2:{s:4:"show";a:2:{s:14:"logo-container";b:1;s:22:"company-info-container";b:1;}s:7:"general";a:2:{s:5:"notes";s:488:"<p style="margin: 0;" align="right">شركة .......... للمحاماة</p>
<p style="margin: 0;">شركة مهنية رقم.....</p>
<p style="margin: 0;">رقم ضريبي .........</p>
<p style="margin: 0;">العنوان:</p>
<p style="margin: 0;">المدينة: الرياض</p>
<p style="margin: 0;">المملكة العربية السعودية</p>
<p style="margin: 0;">هاتف:</p>
<p style="margin: 0;">بريد الكتروني:</p>
<p style="margin: 0;">&nbsp;</p>";s:4:"logo";s:10:"logo_1.png";}}s:4:"body";a:3:{s:4:"show";a:19:{s:19:"matter-id-container";b:1;s:24:"matter-subject-container";b:1;s:17:"bill-to-container";b:1;s:20:"invoice-nb-container";b:1;s:22:"invoice-date-container";b:1;s:18:"due-date-container";b:1;s:15:"terms-container";b:1;s:12:"po-container";b:1;s:17:"amount_in_letters";b:0;s:27:"time-logs-summary-container";b:0;s:15:"notes-container";b:1;s:15:"title-container";b:1;s:19:"matter-reference-nb";b:1;s:10:"tax_number";i:1;s:18:"sub-total-discount";b:0;s:14:"show-user-code";b:0;s:18:"show-exchange-rate";b:0;s:21:"invoice-ref-container";b:1;s:25:"invoice-description-table";b:0;}s:3:"css";a:1:{s:10:"margin-top";s:4:"0.38";}s:7:"general";a:1:{s:10:"line_items";a:3:{s:8:"expenses";s:1:"1";s:9:"time_logs";s:1:"2";s:5:"items";s:1:"3";}}}s:6:"footer";a:2:{s:4:"show";a:2:{s:16:"footer-container";b:0;s:14:"page-numbering";b:0;}s:7:"general";a:1:{s:5:"notes";s:58:"<p style="margin: 0;" align="center">www.app4legal.com</p>";}}}');

INSERT INTO workflows (name, type,category) VALUES
('التنفيذ | Enforcement','default','litigation'),
('التقاضي | Litigation','default','litigation'),
('الاستشارات | Consultaions','default','matter');

INSERT INTO workflow_status (name, isGlobal, category) VALUES
('طلب تنفيذ جديد', 1, 'open'),
('قدم الطلب الكترونيا', 1, 'in progress'),
('قرار المادة 34', 1, 'in progress'),
('قرار المادة 46', 1, 'in progress'),
('التنفيذ موقوف', 1, 'cancelled'),
('نفذت', 1, 'done'),
('المصالحة', 1, 'in progress'),
('منتهية صلحاً', 1, 'done'),
('تقديم الدعوى', 1, 'in progress'),
('قيد النظر', 0, 'in progress'),
('استئناف', 1, 'in progress'),
('التماس اعادة نظر', 0, 'open'),
('منتهية بحكم', 1, 'open'),
('القضية موقوفة', 1, 'cancelled'),
('القضية مشطوبة', 1, 'cancelled'),
('القضية مرفوضة', 1, 'cancelled'),
('استشارة جديدة', 1, 'open'),
('تحت الاعداد', 1, 'in progress'),
('تم الرد عليها', 1, 'done'),
('الاستشارة موقوفة', 1, 'cancelled'),
('الاستشارة مرفوضة', 1, 'cancelled');

INSERT INTO workflow_status_relation (status_id, workflow_id, start_point) VALUES
(6, 2, 1),
(7, 2, 0),
(8, 2, 0),
(10, 2, 0),
(9, 2, 0),
(11, 2, 0),
(1, 3, 1),
(12, 3, 0),
(13, 3, 0),
(14, 3, 0),
(15, 3, 0),
(16, 3, 0),
(17, 3, 0),
(18, 3, 0),
(21, 3, 0),
(19, 3, 0),
(20, 3, 0),
(22, 4, 1),
(26, 4, 0),
(25, 4, 0),
(23, 4, 0),
(24, 4, 0);

INSERT INTO planning_boards (name) VALUES
('لوحة التنفيذ - Execution Board');

INSERT INTO planning_board_columns (planning_board_id, columnOrder, name, color) VALUES
(2,1,'تنفيذ جديد/New','#bec3c7'),
(2,2,'تقديم /Online','#d5c395'),
(2,3,'مادة34/Article34','#7e8c8d'),
(2,4,'اعلان/Newspaper','#9aabd6'),
(2,5,'مادة46/Article46','#3598db'),
(2,6,'نفّذ - Executed','#8fb021');

INSERT INTO planning_board_column_options (planning_board_id, planning_board_column_id, case_status_id) VALUES
(2, 6, 6),
(2, 7, 7),
(2, 8, 8),
(2, 9, 9),
(2, 10, 10),
(2, 11, 11),
(2, 11, 12),
(2, 11, 13);

INSERT INTO workflow_case_types (workflow_id, case_type_id) VALUES
(2, 71),
(2, 74),
(2, 75),
(2, 76),
(2, 78),
(2, 80),
(2, 82),
(2, 84),
(2, 88),
(2, 85),
(2, 86),
(2, 89),
(2, 90),
(2, 91),
(2, 92),
(2, 94),
(4, 186),
(4, 198),
(4, 189),
(4, 190),
(4, 192),
(4, 191),
(4, 197),
(4, 196),
(4, 195),
(4, 194),
(4, 193),
(3, 175),
(3, 174),
(3, 176),
(3, 51),
(3, 60),
(3, 47),
(3, 39),
(3, 48),
(3, 52),
(3, 40),
(3, 66),
(3, 53),
(3, 61),
(3, 54),
(3, 56),
(3, 62),
(3, 49),
(3, 67),
(3, 68),
(3, 63),
(3, 70),
(3, 72),
(3, 73),
(3, 50),
(3, 77),
(3, 69),
(3, 42),
(3, 43),
(3, 44),
(3, 57),
(3, 45),
(3, 55),
(3, 64),
(3, 41),
(3, 179),
(3, 178),
(3, 177),
(3, 46),
(3, 58),
(3, 38),
(3, 59),
(3, 65),
(3, 83),
(3, 172),
(3, 125),
(3, 161),
(3, 122),
(3, 146),
(3, 124),
(3, 129),
(3, 135),
(3, 140),
(3, 170),
(3, 160),
(3, 159),
(3, 139),
(3, 138),
(3, 169),
(3, 137),
(3, 145),
(3, 168),
(3, 167),
(3, 158),
(3, 144),
(3, 157),
(3, 156),
(3, 165),
(3, 136),
(3, 166),
(3, 118),
(3, 143),
(3, 155),
(3, 163),
(3, 162),
(3, 134),
(3, 123),
(3, 130),
(3, 154),
(3, 121),
(3, 142),
(3, 133),
(3, 153),
(3, 152),
(3, 171),
(3, 120),
(3, 132),
(3, 131),
(3, 173),
(3, 128),
(3, 164),
(3, 119),
(3, 141),
(3, 151),
(3, 150),
(3, 149),
(3, 126),
(3, 148),
(3, 147),
(3, 112),
(3, 110),
(3, 108),
(3, 79),
(3, 107),
(3, 116),
(3, 106),
(3, 105),
(3, 103),
(3, 117),
(3, 87),
(3, 104),
(3, 102),
(3, 101),
(3, 113),
(3, 114),
(3, 93),
(3, 100),
(3, 99),
(3, 98),
(3, 115),
(3, 111),
(3, 109),
(3, 97),
(3, 96),
(3, 95),
(3, 81),
(3, 127);

INSERT INTO advisor_task_locations (name) VALUES
('الرياض'),
('مكة المكرمة'),
('المدينة المنورة'),
('الشرقية'),
('عسير'),
('القصيم'),
('تبوك'),
('حائل'),
('الحدود الشمالية'),
('جازان'),
('نجران'),
('الباحة'),
('الجوف'),
('الخرج'),
('الدوادمي'),
('المجمعة'),
('القويعية'),
('وادي الدواسر'),
('عفيف'),
('الدرعية'),
('الزلفي'),
('الأفلاج'),
('حوطة بني تميم'),
('شقراء'),
('المزاحمية'),
('السليل'),
('رماح'),
('ضرما'),
('ثادق'),
('حريملا'),
('الحريق'),
('الغاط'),
('جدة'),
('الطائف'),
('القنفذة'),
('الليث'),
('الجموم'),
('رابغ'),
('خليص'),
('رنية'),
('تربة'),
('الخرمة'),
('الكامل'),
('ينبع'),
('العلا'),
('بدر'),
('مهد الذهب'),
('الحناكية'),
('خيبر'),
('الأحساء'),
('الدمام'),
('الخبر'),
('القطيف'),
('حفر الباطن'),
('الجبيل'),
('الخفجي'),
('رأس تنورة'),
('بقيق'),
('النعيرية'),
('قرية العليا'),
('خميس مشيط'),
('أبها'),
('محايل عسير'),
('بيشة'),
('أحد رفيدة'),
('المجاردة'),
('سراة عبيدة'),
('سبت العلايا'),
('رجال ألمع'),
('ظهران الجنوب'),
('بارق'),
('تثليث'),
('النماص'),
('بريدة'),
('عنيزة'),
('الرس'),
('محافظة البكيرية'),
('محافظة البدائع'),
('النبهانية'),
('المذنب'),
('رياض الخبراء'),
('عيون الجواء'),
('الأسياح'),
('الشماسية'),
('أملج'),
('ضباء'),
('الوجه'),
('تيماء'),
('حقل'),
('الغزالة'),
('الشنان'),
('بقعاء'),
('عرعر'),
('رفحاء'),
('طريف'),
('صبياء'),
('صامطة'),
('أبو عريش'),
('أحد المسارحة'),
('بيش'),
('العارضة'),
('ضمد'),
('الدرب'),
('العيدابي'),
('الدائر'),
('الريث'),
('الحرث'),
('فرسان'),
('شرورة'),
('خباش'),
('حبونا'),
('يدمة'),
('ثار'),
('بدر الجنوب'),
('الخرخير'),
('المخواة'),
('بلجرشي'),
('قلوة'),
('المندق'),
('العقيق'),
('القرى'),
('سكاكا'),
('القريات'),
('الامارات'),
('البحرين'),
('شركة باسمح'),
('دومة الجندل');

INSERT INTO exchange_rates (currency_id, organization_id, rate) VALUES (2, 1, 1.02), (192, 1, 1.00), (232, 1, 3.75);


GO
INSERT INTO contact_company_sub_categories (name) VALUES ('ناظر وقف');

DECLARE @cnt_titles_additional INT = 0;

WHILE @cnt_titles_additional < 3
BEGIN
   INSERT INTO titles DEFAULT VALUES
   SET @cnt_titles_additional = @cnt_titles_additional + 1;
END;

INSERT INTO titles_languages (title_id, language_id, name) VALUES
('8', '1', 'Sheikh'),
('8', '2', 'الشيخ'),
('8', '3', 'Sheikh'),
('8', '4', 'Sheikh'),
('9', '1', 'Excellency'),
('9', '2', 'سمو'),
('9', '3', 'Excellence'),
('9', '4', 'Excelencia'),
('10', '1', 'His Excellency'),
('10', '2', 'معالي'),
('10', '3', 'Son Excellence'),
('10', '4', 'Su excelencia');

