INSERT INTO languages (name, fullName, display_name) VALUES
('en', 'english', 'English'),
('ar', 'arabic', 'العربية'),
('fr', 'french', 'Française'),
('sp','spanish', 'Española');

DECLARE @cnt_client_positions INT = 0;

WHILE @cnt_client_positions < 11
BEGIN
   INSERT INTO legal_case_client_positions DEFAULT VALUES
   SET @cnt_client_positions = @cnt_client_positions + 1;
END;

INSERT INTO legal_case_client_position_languages (legal_case_client_position_id, language_id, name) VALUES
(1, 1, 'Defendant'),
(1, 2, 'مدعي عليه'),
(1, 3, 'Défendeur'),
(1, 4, 'Demandado'),
(2, 1, 'Plaintiff'),
(2, 2, 'مدعي'),
(2, 3, 'Demandeur'),
(2, 4, 'Demandante'),
(3, 1, 'Co-Defendant'),
(3, 2, 'المدعى عليه الآخر'),
(3, 3, 'co-accusé'),
(3, 4, 'Codemandado'),
(4, 1, 'Other Parties'),
(4, 2, 'مطلوب إدخاله'),
(4, 3, 'Autres Parties'),
(4, 4, 'Otros partidos'),
(5, 1, 'Report Requester'),
(5, 2, 'طالب التقرير'),
(5, 3, 'Demandeur de rapport'),
(5, 4, 'Informe Solicitante'),
(6, 1, 'Execution Requester'),
(6, 2, 'طالب التنفيذ'),
(6, 3, 'demandeur d''exécution'),
(6, 4, 'Solicitante de la ejecución'),
(7, 1, 'Appellant'),
(7, 2, 'مستأنف'),
(7, 3, 'l''appelant'),
(7, 4, 'Recurrente'),
(8, 1, 'Respondent'),
(8, 2, 'مستأنف ضده'),
(8, 3, 'intimé'),
(8, 4, 'Reclamado'),
(9, 1, 'Petitioner'),
(9, 2, 'ملتمس'),
(9, 3, 'pétitionnaire'),
(9, 4, 'Peticionario'),
(10 ,1 ,'Petitioned Against'),
(10 ,2 ,'ملتمس ضده'),
(10 ,3 ,'Pétitionné contre lui'),
(10 ,4 ,'Solicitado contra'),
(11 ,1 ,'Executed Against'),
(11 ,2 ,'منفذ ضده'),
(11 ,3 ,'Exécuter contre'),
(11 ,4 ,'Ejecutado contra');

DECLARE @cnt_legal_case_success_probability INT = 0;

WHILE @cnt_legal_case_success_probability < 3
BEGIN
   INSERT INTO legal_case_success_probabilities DEFAULT VALUES
   SET @cnt_legal_case_success_probability = @cnt_legal_case_success_probability + 1;
END;

INSERT INTO legal_case_success_probability_languages (legal_case_success_probability_id, language_id, name) VALUES
(1, 1, 'None'),
(1, 2, 'لا يوجد'),
(1, 3, 'Aucun'),
(1, 4, 'Ninguno'),
(2, 1, 'Low'),
(2, 2, 'درجة منخفضة'),
(2, 3, 'Faible'),
(2, 4, 'Bajo'),
(3, 1, 'High'),
(3, 2, 'درجة عالية'),
(3, 3, 'Haute'),
(3, 4, 'Alta');

INSERT INTO countries (countryCode, currencyCode, currencyName, isoNumeric, languages) VALUES
('AD', 'EUR', 'Euro', '020', 'ca'),
('AE', 'AED', 'UAE Dirham', '784', 'ar-AE,fa,en,hi,ur'),
('AF', 'AFN', 'Afghani', '004', 'fa-AF,ps,uz-AF,tk'),
('AG', 'XCD', 'East Caribbean Dollar', '028', 'en-AG'),
('AI', 'XCD', 'East Caribbean Dollar', '660', 'en-AI'),
('AL', 'ALL', 'Lek', '008', 'sq,el'),
('AM', 'AMD', 'Armenian Dram', '051', 'hy'),
('AO', 'AOA', 'Kwanza', '024', 'pt-AO'),
('AQ', '', 'No universal currency', '010', ''),
('AR', 'ARS', 'Argentine Peso', '032', 'es-AR,en,it,de,fr,gn'),
('AS', 'USD', 'US Dollar', '016', 'en-AS,sm,to'),
('AT', 'EUR', 'Euro', '040', 'de-AT,hr,hu,sl'),
('AU', 'AUD', 'Australian Dollar', '036', 'en-AU'),
('AW', 'AWG', 'Aruban Florin', '533', 'nl-AW,es,en'),
('AX', 'EUR', 'Euro', '248', 'sv-AX'),
('AZ', 'AZN', 'Azerbaijanian Manat', '031', 'az,ru,hy'),
('BA', 'BAM', 'Convertible Mark', '070', 'bs,hr-BA,sr-BA'),
('BB', 'BBD', 'Barbados Dollar', '052', 'en-BB'),
('BD', 'BDT', 'Taka', '050', 'bn-BD,en'),
('BE', 'EUR', 'Euro', '056', 'nl-BE,fr-BE,de-BE'),
('BF', 'XOF', 'CFA Franc BCEAO', '854', 'fr-BF'),
('BG', 'BGN', 'Bulgarian Lev', '100', 'bg,tr-BG'),
('BH', 'BHD', 'Bahraini Dinar', '048', 'ar-BH,en,fa,ur'),
('BI', 'BIF', 'Burundi Franc', '108', 'fr-BI,rn'),
('BJ', 'XOF', 'CFA Franc BCEAO', '204', 'fr-BJ'),
('BL', 'EUR', 'Euro', '652', 'fr'),
('BM', 'BMD', 'Bermudian Dollar', '060', 'en-BM,pt'),
('BN', 'BND', 'Brunei Dollar', '096', 'ms-BN,en-BN'),
('BO', 'BOB', 'Boliviano', '068', 'es-BO,qu,ay'),
('BQ', 'USD', 'US Dollar', '535', 'nl,pap,en'),
('BR', 'BRL', 'Brazilian Real', '076', 'pt-BR,es,en,fr'),
('BS', 'BSD', 'Bahamian Dollar', '044', 'en-BS'),
('BT', 'BTN', 'Ngultrum', '064', 'dz'),
('BV', 'NOK', 'Norwegian Krone', '074', ''),
('BW', 'BWP', 'Pula', '072', 'en-BW,tn-BW'),
('BY', 'BYR', 'Belarussian Ruble', '112', 'be,ru'),
('BZ', 'BZD', 'Belize Dollar', '084', 'en-BZ,es'),
('CA', 'CAD', 'Canadian Dollar', '124', 'en-CA,fr-CA,iu'),
('CC', 'AUD', 'Australian Dollar', '166', 'ms-CC,en'),
('CD', 'CDF', 'Congolese Franc', '180', 'fr-CD,ln,kg'),
('CF', 'XAF', 'CFA Franc BEAC', '140', 'fr-CF,sg,ln,kg'),
('CG', 'XAF', 'CFA Franc BEAC', '178', 'fr-CG,kg,ln-CG'),
('CH', 'CHF', 'Swiss Franc', '756', 'de-CH,fr-CH,it-CH,rm'),
('CI', 'XOF', 'CFA Franc BCEAO', '384', 'fr-CI'),
('CK', 'NZD', 'New Zealand Dollar', '184', 'en-CK,mi'),
('CL', 'CLP', 'Chilean Peso', '152', 'es-CL'),
('CM', 'XAF', 'CFA Franc BEAC', '120', 'en-CM,fr-CM'),
('CN', 'CNY', 'Yuan Renminbi', '156', 'zh-CN,yue,wuu,dta,ug,za'),
('CO', 'COP', 'Colombian Peso', '170', 'es-CO'),
('CR', 'CRC', 'Costa Rican Colon', '188', 'es-CR,en'),
('CU', 'CUP', 'Cuban Peso', '192', 'es-CU'),
('CV', 'CVE', 'Cape Verde Escudo', '132', 'pt-CV'),
('CW', 'ANG', 'Netherlands Antillean Guilder', '531', 'nl,pap'),
('CX', 'AUD', 'Australian Dollar', '162', 'en,zh,ms-CC'),
('CY', 'EUR', 'Euro', '196', 'el-CY,tr-CY,en'),
('CZ', 'CZK', 'Czech Koruna', '203', 'cs,sk'),
('DE', 'EUR', 'Euro', '276', 'de'),
('DJ', 'DJF', 'Djibouti Franc', '262', 'fr-DJ,ar,so-DJ,aa'),
('DK', 'DKK', 'Danish Krone', '208', 'da-DK,en,fo,de-DK'),
('DM', 'XCD', 'East Caribbean Dollar', '212', 'en-DM'),
('DO', 'DOP', 'Dominican Peso', '214', 'es-DO'),
('DZ', 'DZD', 'Algerian Dinar', '012', 'ar-DZ'),
('EC', 'USD', 'US Dollar', '218', 'es-EC'),
('EE', 'EUR', 'Euro', '233', 'et,ru'),
('EG', 'EGP', 'Egyptian Pound', '818', 'ar-EG,en,fr'),
('EH', 'MAD', 'Moroccan Dirham', '732', 'ar,mey'),
('ER', 'ERN', 'Nakfa', '232', 'aa-ER,ar,tig,kun,ti-ER'),
('ES', 'EUR', 'Euro', '724', 'es-ES,ca,gl,eu,oc'),
('ET', 'ETB', 'Ethiopian Birr', '231', 'am,en-ET,om-ET,ti-ET,so-ET,sid'),
('FI', 'EUR', 'Euro', '246', 'fi-FI,sv-FI,smn'),
('FJ', 'FJD', 'Fiji Dollar', '242', 'en-FJ,fj'),
('FK', 'FKP', 'Falkland Islands Pound', '238', 'en-FK'),
('FM', 'USD', 'US Dollar', '583', 'en-FM,chk,pon,yap,kos,uli,woe,'),
('FO', 'DKK', 'Danish Krone', '234', 'fo,da-FO'),
('FR', 'EUR', 'Euro', '250', 'fr-FR,frp,br,co,ca,eu,oc'),
('GA', 'XAF', 'CFA Franc BEAC', '266', 'fr-GA'),
('GB', 'GBP', 'Pound Sterling', '826', 'en-GB,cy-GB,gd'),
('GD', 'XCD', 'East Caribbean Dollar', '308', 'en-GD'),
('GE', 'GEL', 'Lari', '268', 'ka,ru,hy,az'),
('GF', 'EUR', 'Euro', '254', 'fr-GF'),
('GG', 'GBP', 'Pound Sterling', '831', 'en,fr'),
('GH', 'GHS', 'Ghana Cedi', '288', 'en-GH,ak,ee,tw'),
('GI', 'GIP', 'Gibraltar Pound', '292', 'en-GI,es,it,pt'),
('GL', 'DKK', 'Danish Krone', '304', 'kl,da-GL,en'),
('GM', 'GMD', 'Dalasi', '270', 'en-GM,mnk,wof,wo,ff'),
('GN', 'GNF', 'Guinea Franc', '324', 'fr-GN'),
('GP', 'EUR', 'Euro', '312', 'fr-GP'),
('GQ', 'XAF', 'CFA Franc BEAC', '226', 'es-GQ,fr'),
('GR', 'EUR', 'Euro', '300', 'el-GR,en,fr'),
('GS', 'GBP', 'Pound Sterling', '239', 'en'),
('GT', 'GTQ', 'Quetzal', '320', 'es-GT'),
('GU', 'USD', 'US Dollar', '316', 'en-GU,ch-GU'),
('GW', 'XOF', 'CFA Franc BCEAO', '624', 'pt-GW,pov'),
('GY', 'GYD', 'Guyana Dollar', '328', 'en-GY'),
('HK', 'HKD', 'Hong Kong Dollar', '344', 'zh-HK,yue,zh,en'),
('HM', 'AUD', 'Australian Dollar', '334', ''),
('HN', 'HNL', 'Lempira', '340', 'es-HN'),
('HR', 'HRK', 'Croatian Kuna', '191', 'hr-HR,sr'),
('HT', 'HTG', 'Gourde', '332', 'ht,fr-HT'),
('HU', 'HUF', 'Forint', '348', 'hu-HU'),
('ID', 'IDR', 'Rupiah', '360', 'id,en,nl,jv'),
('IE', 'EUR', 'Euro', '372', 'en-IE,ga-IE'),
('IM', 'GBP', 'Pound Sterling', '833', 'en,gv'),
('IN', 'INR', 'Indian Rupee', '356', 'en-IN,hi,bn,te,mr,ta,ur,gu,kn,'),
('IO', 'USD', 'US Dollar', '086', 'en-IO'),
('IQ', 'IQD', 'Iraqi Dinar', '368', 'ar-IQ,ku,hy'),
('IR', 'IRR', 'Iranian Rial', '364', 'fa-IR,ku'),
('IS', 'ISK', 'Iceland Krona', '352', 'is,en,de,da,sv,no'),
('IT', 'EUR', 'Euro', '380', 'it-IT,de-IT,fr-IT,sc,ca,co,sl'),
('JE', 'GBP', 'Pound Sterling', '832', 'en,pt'),
('JM', 'JMD', 'Jamaican Dollar', '388', 'en-JM'),
('JO', 'JOD', 'Jordanian Dinar', '400', 'ar-JO,en'),
('JP', 'JPY', 'Yen', '392', 'ja'),
('KE', 'KES', 'Kenyan Shilling', '404', 'en-KE,sw-KE'),
('KG', 'KGS', 'Som', '417', 'ky,uz,ru'),
('KH', 'KHR', 'Riel', '116', 'km,fr,en'),
('KI', 'AUD', 'Australian Dollar', '296', 'en-KI,gil'),
('KM', 'KMF', 'Comoro Franc', '174', 'ar,fr-KM'),
('KN', 'XCD', 'East Caribbean Dollar', '659', 'en-KN'),
('KP', 'KPW', 'North Korean Won', '408', 'ko-KP'),
('KR', 'KRW', 'Won', '410', 'ko-KR,en'),
('KW', 'KWD', 'Kuwaiti Dinar', '414', 'ar-KW,en'),
('KY', 'KYD', 'Cayman Islands Dollar', '136', 'en-KY'),
('KZ', 'KZT', 'Tenge', '398', 'kk,ru'),
('LA', 'LAK', 'Kip', '418', 'lo,fr,en'),
('LB', 'LBP', 'Lebanese Pound', '422', 'ar-LB,fr-LB,en,hy'),
('LC', 'XCD', 'East Caribbean Dollar', '662', 'en-LC'),
('LI', 'CHF', 'Swiss Franc', '438', 'de-LI'),
('LK', 'LKR', 'Sri Lanka Rupee', '144', 'si,ta,en'),
('LR', 'LRD', 'Liberian Dollar', '430', 'en-LR'),
('LS', 'LSL', 'Loti', '426', 'en-LS,st,zu,xh'),
('LT', 'LTL', 'Lithuanian Litas', '440', 'lt,ru,pl'),
('LU', 'EUR', 'Euro', '442', 'lb,de-LU,fr-LU'),
('LV', 'LVL', 'Latvian Lats', '428', 'lv,ru,lt'),
('LY', 'LYD', 'Libyan Dinar', '434', 'ar-LY,it,en'),
('MA', 'MAD', 'Moroccan Dirham', '504', 'ar-MA,fr'),
('MC', 'EUR', 'Euro', '492', 'fr-MC,en,it'),
('MD', 'MDL', 'Moldovan Leu', '498', 'ro,ru,gag,tr'),
('ME', 'EUR', 'Euro', '499', 'sr,hu,bs,sq,hr,rom'),
('MF', 'EUR', 'Euro', '663', 'fr'),
('MG', 'MGA', 'Malagasy Ariary', '450', 'fr-MG,mg'),
('MH', 'USD', 'US Dollar', '584', 'mh,en-MH'),
('MK', 'MKD', 'Denar', '807', 'mk,sq,tr,rmm,sr'),
('ML', 'XOF', 'CFA Franc BCEAO', '466', 'fr-ML,bm'),
('MM', 'MMK', 'Kyat', '104', 'my'),
('MN', 'MNT', 'Tugrik', '496', 'mn,ru'),
('MO', 'MOP', 'Pataca', '446', 'zh,zh-MO,pt'),
('MP', 'USD', 'US Dollar', '580', 'fil,tl,zh,ch-MP,en-MP'),
('MQ', 'EUR', 'Euro', '474', 'fr-MQ'),
('MR', 'MRO', 'Ouguiya', '478', 'ar-MR,fuc,snk,fr,mey,wo'),
('MS', 'XCD', 'East Caribbean Dollar', '500', 'en-MS'),
('MT', 'EUR', 'Euro', '470', 'mt,en-MT'),
('MU', 'MUR', 'Mauritius Rupee', '480', 'en-MU,bho,fr'),
('MV', 'MVR', 'Rufiyaa', '462', 'dv,en'),
('MW', 'MWK', 'Kwacha', '454', 'ny,yao,tum,swk'),
('MX', 'MXN', 'Mexican Peso', '484', 'es-MX'),
('MY', 'MYR', 'Malaysian Ringgit', '458', 'ms-MY,en,zh,ta,te,ml,pa,th'),
('MZ', 'MZN', 'Mozambique Metical', '508', 'pt-MZ,vmw'),
('NA', 'NAD', 'Namibia Dollar', '516', 'en-NA,af,de,hz,naq'),
('NC', 'XPF', 'CFP Franc', '540', 'fr-NC'),
('NE', 'XOF', 'CFA Franc BCEAO', '562', 'fr-NE,ha,kr,dje'),
('NF', 'AUD', 'Australian Dollar', '574', 'en-NF'),
('NG', 'NGN', 'Naira', '566', 'en-NG,ha,yo,ig,ff'),
('NI', 'NIO', 'Cordoba Oro', '558', 'es-NI,en'),
('NL', 'EUR', 'Euro', '528', 'nl-NL,fy-NL'),
('NO', 'NOK', 'Norwegian Krone', '578', 'no,nb,nn,se,fi'),
('NP', 'NPR', 'Nepalese Rupee', '524', 'ne,en'),
('NR', 'AUD', 'Australian Dollar', '520', 'na,en-NR'),
('NU', 'NZD', 'New Zealand Dollar', '570', 'niu,en-NU'),
('NZ', 'NZD', 'New Zealand Dollar', '554', 'en-NZ,mi'),
('OM', 'OMR', 'Rial Omani', '512', 'ar-OM,en,bal,ur'),
('PA', 'PAB', 'Balboa', '591', 'es-PA,en'),
('PE', 'PEN', 'Nuevo Sol', '604', 'es-PE,qu,ay'),
('PF', 'XPF', 'CFP Franc', '258', 'fr-PF,ty'),
('PG', 'PGK', 'Kina', '598', 'en-PG,ho,meu,tpi'),
('PH', 'PHP', 'Philippine Peso', '608', 'tl,en-PH,fil'),
('PK', 'PKR', 'Pakistan Rupee', '586', 'ur-PK,en-PK,pa,sd,ps,brh'),
('PL', 'PLN', 'Zloty', '616', 'pl'),
('PM', 'EUR', 'Euro', '666', 'fr-PM'),
('PN', 'NZD', 'New Zealand Dollar', '612', 'en-PN'),
('PR', 'USD', 'US Dollar', '630', 'en-PR,es-PR'),
('PS', 'ILS', 'Jordanian dinar, Egyptian pound', '275', 'ar-PS'),
('PT', 'EUR', 'Euro', '620', 'pt-PT,mwl'),
('PW', 'USD', 'US Dollar', '585', 'pau,sov,en-PW,tox,ja,fil,zh'),
('PY', 'PYG', 'Guarani', '600', 'es-PY,gn'),
('QA', 'QAR', 'Qatari Rial', '634', 'ar-QA,es'),
('RE', 'EUR', 'Euro', '638', 'fr-RE'),
('RO', 'RON', 'New Romanian Leu', '642', 'ro,hu,rom'),
('RS', 'RSD', 'Serbian Dinar', '688', 'sr,hu,bs,rom'),
('RU', 'RUB', 'Russian Ruble', '643', 'ru,tt,xal,cau,ady,kv,ce,tyv,cv'),
('RW', 'RWF', 'Rwanda Franc', '646', 'rw,en-RW,fr-RW,sw'),
('SA', 'SAR', 'Saudi Riyal', '682', 'ar-SA'),
('SB', 'SBD', 'Solomon Islands Dollar', '090', 'en-SB,tpi'),
('SC', 'SCR', 'Seychelles Rupee', '690', 'en-SC,fr-SC'),
('SD', 'SDG', 'Sudanese Pound', '729', 'ar-SD,en,fia'),
('SE', 'SEK', 'Swedish Krona', '752', 'sv-SE,se,sma,fi-SE'),
('SG', 'SGD', 'Singapore Dollar', '702', 'cmn,en-SG,ms-SG,ta-SG,zh-SG'),
('SH', 'SHP', 'Saint Helena Pound', '654', 'en-SH'),
('SI', 'EUR', 'Euro', '705', 'sl,sh'),
('SJ', 'NOK', 'Norwegian Krone', '744', 'no,ru'),
('SK', 'EUR', 'Euro', '703', 'sk,hu'),
('SL', 'SLL', 'Leone', '694', 'en-SL,men,tem'),
('SM', 'EUR', 'Euro', '674', 'it-SM'),
('SN', 'XOF', 'CFA Franc BCEAO', '686', 'fr-SN,wo,fuc,mnk'),
('SO', 'SOS', 'Somali Shilling', '706', 'so-SO,ar-SO,it,en-SO'),
('SR', 'SRD', 'Surinam Dollar', '740', 'nl-SR,en,srn,hns,jv'),
('SS', 'SSP', 'South Sudanese Pound', '728', 'en'),
('ST', 'STD', 'Dobra', '678', 'pt-ST'),
('SV', 'USD', 'US Dollar', '222', 'es-SV'),
('SX', 'ANG', 'Netherlands Antillean Guilder', '534', 'nl,en'),
('SY', 'SYP', 'Syrian Pound', '760', 'ar-SY,ku,hy,arc,fr,en'),
('SZ', 'SZL', 'Lilangeni', '748', 'en-SZ,ss-SZ'),
('TC', 'USD', 'US Dollar', '796', 'en-TC'),
('TD', 'XAF', 'CFA Franc BEAC', '148', 'fr-TD,ar-TD,sre'),
('TF', 'EUR', 'Euro', '260', 'fr'),
('TG', 'XOF', 'CFA Franc BCEAO', '768', 'fr-TG,ee,hna,kbp,dag,ha'),
('TH', 'THB', 'Baht', '764', 'th,en'),
('TJ', 'TJS', 'Somoni', '762', 'tg,ru'),
('TK', 'NZD', 'New Zealand Dollar', '772', 'tkl,en-TK'),
('TL', 'USD', 'US Dollar', '626', 'tet,pt-TL,id,en'),
('TM', 'TMT', 'Turkmenistan New Manat', '795', 'tk,ru,uz'),
('TN', 'TND', 'Tunisian Dinar', '788', 'ar-TN,fr'),
('TO', 'TOP', 'Paanga', '776', 'to,en-TO'),
('TR', 'TRY', 'Turkish Lira', '792', 'tr-TR,ku,diq,az,av'),
('TT', 'TTD', 'Trinidad and Tobago Dollar', '780', 'en-TT,hns,fr,es,zh'),
('TV', 'AUD', 'Australian Dollar', '798', 'tvl,en,sm,gil'),
('TW', 'TWD', 'New Taiwan Dollar', '158', 'zh-TW,zh,nan,hak'),
('TZ', 'TZS', 'Tanzanian Shilling', '834', 'sw-TZ,en,ar'),
('UA', 'UAH', 'Hryvnia', '804', 'uk,ru-UA,rom,pl,hu'),
('UG', 'UGX', 'Uganda Shilling', '800', 'en-UG,lg,sw,ar'),
('UM', 'USD', 'US Dollar', '581', 'en-UM'),
('US', 'USD', 'US Dollar', '840', 'en-US,es-US,haw,fr'),
('UY', 'UYU', 'Peso Uruguayo', '858', 'es-UY'),
('UZ', 'UZS', 'Uzbekistan Sum', '860', 'uz,ru,tg'),
('VA', 'EUR', 'Euro', '336', 'la,it,fr'),
('VC', 'XCD', 'East Caribbean Dollar', '670', 'en-VC,fr'),
('VE', 'VEF', 'Bolivar', '862', 'es-VE'),
('VG', 'USD', 'US Dollar', '092', 'en-VG'),
('VI', 'USD', 'US Dollar', '850', 'en-VI'),
('VN', 'VND', 'Dong', '704', 'vi,en,fr,zh,km'),
('VU', 'VUV', 'Vatu', '548', 'bi,en-VU,fr-VU'),
('WF', 'XPF', 'CFP Franc', '876', 'wls,fud,fr-WF'),
('WS', 'WST', 'Tala', '882', 'sm,en-WS'),
('XK', 'EUR', 'Euro', '0', 'sq,sr'),
('YE', 'YER', 'Yemeni Rial', '887', 'ar-YE'),
('YT', 'EUR', 'Euro', '175', 'fr-YT'),
('ZA', 'ZAR', 'Rand', '710', 'zu,xh,af,nso,en-ZA,tn,st,ts,ss'),
('ZM', 'ZMK', NULL, '894', 'en-ZM,bem,loz,lun,lue,ny,toi'),
('ZW', 'ZWL', 'Zimbabwe Dollar', '716', 'en-ZW,sn,nr,nd');

INSERT INTO countries_languages (country_id, language_id, name) VALUES
(1, 1, 'Andorra'),
(1, 2, 'أندورا'),
(1, 3, 'Andorra'),
(1, 4, 'Andorra'),
(2, 1, 'United Arab Emirates'),
(2, 2, 'الإمارات العربية المتحدة'),
(2, 3, 'United Arab Emirates'),
(2, 4, 'United Arab Emirates'),
(3, 1, 'Afghanistan'),
(3, 2, 'أفغانستان'),
(3, 3, 'Afghanistan'),
(3, 4, 'Afghanistan'),
(4, 1, 'Antigua and Barbuda'),
(4, 2, 'أنتيغوا و باربودا'),
(4, 3, 'Antigua and Barbuda'),
(4, 4, 'Antigua and Barbuda'),
(5, 1, 'Anguilla'),
(5, 2, 'أنغويلا'),
(5, 3, 'Anguilla'),
(5, 4, 'Anguilla'),
(6, 1, 'Albania'),
(6, 2, 'ألبانيا'),
(6, 3, 'Albania'),
(6, 4, 'Albania'),
(7, 1, 'Armenia'),
(7, 2, 'أرمينيا'),
(7, 3, 'Armenia'),
(7, 4, 'Armenia'),
(8, 1, 'Angola'),
(8, 2, 'أنغولا'),
(8, 3, 'Angola'),
(8, 4, 'Angola'),
(9, 1, 'Antarctica'),
(9, 2, 'أنتاركتيكا'),
(9, 3, 'Antarctica'),
(9, 4, 'Antarctica'),
(10, 1, 'Argentina'),
(10, 2, 'الأرجنتين'),
(10, 3, 'Argentina'),
(10, 4, 'Argentina'),
(11, 1, 'American Samoa'),
(11, 2, 'ساموا الأمريكية'),
(11, 3, 'American Samoa'),
(11, 4, 'American Samoa'),
(12, 1, 'Austria'),
(12, 2, 'النمسا'),
(12, 3, 'Austria'),
(12, 4, 'Austria'),
(13, 1, 'Australia'),
(13, 2, 'أستراليا'),
(13, 3, 'Australia'),
(13, 4, 'Australia'),
(14, 1, 'Aruba'),
(14, 2, 'أروبا'),
(14, 3, 'Aruba'),
(14, 4, 'Aruba'),
(15, 1, 'Aland Islands'),
(15, 2, 'جزر أولاند'),
(15, 3, 'Aland Islands'),
(15, 4, 'Aland Islands'),
(16, 1, 'Azerbaijan'),
(16, 2, 'أذربيجان'),
(16, 3, 'Azerbaijan'),
(16, 4, 'Azerbaijan'),
(17, 1, 'Bosnia and Herzegovina'),
(17, 2, 'البوسنة و الهرسك'),
(17, 3, 'Bosnia and Herzegovina'),
(17, 4, 'Bosnia and Herzegovina'),
(18, 1, 'Barbados'),
(18, 2, 'باربادوس'),
(18, 3, 'Barbados'),
(18, 4, 'Barbados'),
(19, 1, 'Bangladesh'),
(19, 2, 'بنغلاديش'),
(19, 3, 'Bangladesh'),
(19, 4, 'Bangladesh'),
(20, 1, 'Belgium'),
(20, 2, 'بلجيكا'),
(20, 3, 'Belgium'),
(20, 4, 'Belgium'),
(21, 1, 'Burkina Faso'),
(21, 2, 'بوركينا فاسو'),
(21, 3, 'Burkina Faso'),
(21, 4, 'Burkina Faso'),
(22, 1, 'Bulgaria'),
(22, 2, 'بلغاريا'),
(22, 3, 'Bulgaria'),
(22, 4, 'Bulgaria'),
(23, 1, 'Bahrain'),
(23, 2, 'البحرين'),
(23, 3, 'Bahrain'),
(23, 4, 'Bahrain'),
(24, 1, 'Burundi'),
(24, 2, 'بروندي'),
(24, 3, 'Burundi'),
(24, 4, 'Burundi'),
(25, 1, 'Benin'),
(25, 2, 'بنيين'),
(25, 3, 'Benin'),
(25, 4, 'Benin'),
(26, 1, 'Saint Barth'),
(26, 2, 'سان بارتيلمي'),
(26, 3, 'Saint Barth'),
(26, 4, 'Saint Barth'),
(27, 1, 'Bermuda'),
(27, 2, 'برمودا'),
(27, 3, 'Bermuda'),
(27, 4, 'Bermuda'),
(28, 1, 'Brunei'),
(28, 2, 'بروناي'),
(28, 3, 'Brunei'),
(28, 4, 'Brunei'),
(29, 1, 'Bolivia'),
(29, 2, 'بوليفيا'),
(29, 3, 'Bolivia'),
(29, 4, 'Bolivia'),
(30, 1, 'Bonaire'),
(30, 2, 'بونير'),
(30, 3, 'Bonaire'),
(30, 4, 'Bonaire'),
(31, 1, 'Brazil'),
(31, 2, 'البرازيل'),
(31, 3, 'Brazil'),
(31, 4, 'Brazil'),
(32, 1, 'Bahamas'),
(32, 2, 'جزر البهاما'),
(32, 3, 'Bahamas'),
(32, 4, 'Bahamas'),
(33, 1, 'Bhutan'),
(33, 2, 'بوتان'),
(33, 3, 'Bhutan'),
(33, 4, 'Bhutan'),
(34, 1, 'Bouvet Island'),
(34, 2, 'جزيرة بوفيه'),
(34, 3, 'Bouvet Island'),
(34, 4, 'Bouvet Island'),
(35, 1, 'Botswana'),
(35, 2, 'بوتسوانا'),
(35, 3, 'Botswana'),
(35, 4, 'Botswana'),
(36, 1, 'Belarus'),
(36, 2, 'بيلاروسيا'),
(36, 3, 'Belarus'),
(36, 4, 'Belarus'),
(37, 1, 'Belize'),
(37, 2, 'بليز'),
(37, 3, 'Belize'),
(37, 4, 'Belize'),
(38, 1, 'Canada'),
(38, 2, 'كندا'),
(38, 3, 'Canada'),
(38, 4, 'Canada'),
(39, 1, 'Cocos [Keeling] Islands'),
(39, 2, 'جزر كوكوس'),
(39, 3, 'Cocos [Keeling] Islands'),
(39, 4, 'Cocos [Keeling] Islands'),
(40, 1, 'Congo'),
(40, 2, 'الكونغو الديموقراطية'),
(40, 3, 'Congo'),
(40, 4, 'Congo'),
(41, 1, 'Central African Republic'),
(41, 2, 'جمهورية أفريقيا الوسطى'),
(41, 3, 'Central African Republic'),
(41, 4, 'Central African Republic'),
(42, 1, 'Republic of the Congo'),
(42, 2, 'الكونغو'),
(42, 3, 'Republic of the Congo'),
(42, 4, 'Republic of the Congo'),
(43, 1, 'Switzerland'),
(43, 2, 'سويسرا'),
(43, 3, 'Switzerland'),
(43, 4, 'Switzerland'),
(44, 1, 'Ivory Coast'),
(44, 2, 'ساحل العاج'),
(44, 3, 'Ivory Coast'),
(44, 4, 'Ivory Coast'),
(45, 1, 'Cook Islands'),
(45, 2, 'جزر كوك'),
(45, 3, 'Cook Islands'),
(45, 4, 'Cook Islands'),
(46, 1, 'Chile'),
(46, 2, 'تشيلي'),
(46, 3, 'Chile'),
(46, 4, 'Chile'),
(47, 1, 'Cameroon'),
(47, 2, 'الكاميرون'),
(47, 3, 'Cameroon'),
(47, 4, 'Cameroon'),
(48, 1, 'China'),
(48, 2, 'الصين'),
(48, 3, 'China'),
(48, 4, 'China'),
(49, 1, 'Colombia'),
(49, 2, 'كولومبيا'),
(49, 3, 'Colombia'),
(49, 4, 'Colombia'),
(50, 1, 'Costa Rica'),
(50, 2, 'كوستاريكا'),
(50, 3, 'Costa Rica'),
(50, 4, 'Costa Rica'),
(51, 1, 'Cuba'),
(51, 2, 'كوبا'),
(51, 3, 'Cuba'),
(51, 4, 'Cuba'),
(52, 1, 'Cape Verde'),
(52, 2, 'الرأس الأخضر'),
(52, 3, 'Cape Verde'),
(52, 4, 'Cape Verde'),
(53, 1, 'Curacao'),
(53, 2, 'كوراساو'),
(53, 3, 'Curacao'),
(53, 4, 'Curacao'),
(54, 1, 'Christmas Island'),
(54, 2, 'جزيرة كريسماس'),
(54, 3, 'Christmas Island'),
(54, 4, 'Christmas Island'),
(55, 1, 'Cyprus'),
(55, 2, 'قبرص'),
(55, 3, 'Cyprus'),
(55, 4, 'Cyprus'),
(56, 1, 'Czechia'),
(56, 2, 'التشيك'),
(56, 3, 'Czechia'),
(56, 4, 'Czechia'),
(57, 1, 'Germany'),
(57, 2, 'ألمانيا'),
(57, 3, 'Germany'),
(57, 4, 'Germany'),
(58, 1, 'Djibouti'),
(58, 2, 'جيبوتي'),
(58, 3, 'Djibouti'),
(58, 4, 'Djibouti'),
(59, 1, 'Denmark'),
(59, 2, 'الدنمارك'),
(59, 3, 'Denmark'),
(59, 4, 'Denmark'),
(60, 1, 'Dominica'),
(60, 2, 'دومينيكا'),
(60, 3, 'Dominica'),
(60, 4, 'Dominica'),
(61, 1, 'Dominican Republic'),
(61, 2, 'جمهورية الدومينيكان'),
(61, 3, 'Dominican Republic'),
(61, 4, 'Dominican Republic'),
(62, 1, 'Algeria'),
(62, 2, 'الجزائر'),
(62, 3, 'Algeria'),
(62, 4, 'Algeria'),
(63, 1, 'Ecuador'),
(63, 2, 'الإكوادور'),
(63, 3, 'Ecuador'),
(63, 4, 'Ecuador'),
(64, 1, 'Estonia'),
(64, 2, 'إستونيا'),
(64, 3, 'Estonia'),
(64, 4, 'Estonia'),
(65, 1, 'Egypt'),
(65, 2, 'مصر'),
(65, 3, 'Egypt'),
(65, 4, 'Egypt'),
(66, 1, 'Western Sahara'),
(66, 2, 'الصحراء الغربية'),
(66, 3, 'Western Sahara'),
(66, 4, 'Western Sahara'),
(67, 1, 'Eritrea'),
(67, 2, 'إريتريا'),
(67, 3, 'Eritrea'),
(67, 4, 'Eritrea'),
(68, 1, 'Spain'),
(68, 2, 'أسبانيا'),
(68, 3, 'Spain'),
(68, 4, 'Spain'),
(69, 1, 'Ethiopia'),
(69, 2, 'أثيوبيا'),
(69, 3, 'Ethiopia'),
(69, 4, 'Ethiopia'),
(70, 1, 'Finland'),
(70, 2, 'فنلندا'),
(70, 3, 'Finland'),
(70, 4, 'Finland'),
(71, 1, 'Fiji'),
(71, 2, 'فيجي'),
(71, 3, 'Fiji'),
(71, 4, 'Fiji'),
(72, 1, 'Falkland Islands'),
(72, 2, 'جزر فوكلاند'),
(72, 3, 'Falkland Islands'),
(72, 4, 'Falkland Islands'),
(73, 1, 'Micronesia'),
(73, 2, 'ميكرونيسيا'),
(73, 3, 'Micronesia'),
(73, 4, 'Micronesia'),
(74, 1, 'Faroe Islands'),
(74, 2, 'جزر فارو'),
(74, 3, 'Faroe Islands'),
(74, 4, 'Faroe Islands'),
(75, 1, 'France'),
(75, 2, 'فرنسا'),
(75, 3, 'France'),
(75, 4, 'France'),
(76, 1, 'Gabon'),
(76, 2, 'الغابون'),
(76, 3, 'Gabon'),
(76, 4, 'Gabon'),
(77, 1, 'United Kingdom'),
(77, 2, 'المملكة المتحدة'),
(77, 3, 'United Kingdom'),
(77, 4, 'United Kingdom'),
(78, 1, 'Grenada'),
(78, 2, 'غرينادا'),
(78, 3, 'Grenada'),
(78, 4, 'Grenada'),
(79, 1, 'Georgia'),
(79, 2, 'جورجيا'),
(79, 3, 'Georgia'),
(79, 4, 'Georgia'),
(80, 1, 'French Guiana'),
(80, 2, 'غينيا الفرنسية'),
(80, 3, 'French Guiana'),
(80, 4, 'French Guiana'),
(81, 1, 'Guernsey'),
(81, 2, 'غيرنزي'),
(81, 3, 'Guernsey'),
(81, 4, 'Guernsey'),
(82, 1, 'Ghana'),
(82, 2, 'غانا'),
(82, 3, 'Ghana'),
(82, 4, 'Ghana'),
(83, 1, 'Gibraltar'),
(83, 2, 'جبل طارق'),
(83, 3, 'Gibraltar'),
(83, 4, 'Gibraltar'),
(84, 1, 'Greenland'),
(84, 2, 'غرينلاند'),
(84, 3, 'Greenland'),
(84, 4, 'Greenland'),
(85, 1, 'Gambia'),
(85, 2, 'جامبيا'),
(85, 3, 'Gambia'),
(85, 4, 'Gambia'),
(86, 1, 'Guinea'),
(86, 2, 'غينيا'),
(86, 3, 'Guinea'),
(86, 4, 'Guinea'),
(87, 1, 'Guadeloupe'),
(87, 2, 'جزر غوادلوب'),
(87, 3, 'Guadeloupe'),
(87, 4, 'Guadeloupe'),
(88, 1, 'Equatorial Guinea'),
(88, 2, 'غينيا الاستوائية'),
(88, 3, 'Equatorial Guinea'),
(88, 4, 'Equatorial Guinea'),
(89, 1, 'Greece'),
(89, 2, 'اليونان'),
(89, 3, 'Greece'),
(89, 4, 'Greece'),
(90, 1, 'South Georgia and the South Sandwich Islands'),
(90, 2, 'جورجيا الجنوبية وجزر ساندويتش الجنوبية'),
(90, 3, 'South Georgia and the South Sandwich Islands'),
(90, 4, 'South Georgia and the South Sandwich Islands'),
(91, 1, 'Guatemala'),
(91, 2, 'غواتيمالا'),
(91, 3, 'Guatemala'),
(91, 4, 'Guatemala'),
(92, 1, 'Guam'),
(92, 2, 'غوام'),
(92, 3, 'Guam'),
(92, 4, 'Guam'),
(93, 1, 'Guinea-Bissau'),
(93, 2, 'غينيا بيساو'),
(93, 3, 'Guinea-Bissau'),
(93, 4, 'Guinea-Bissau'),
(94, 1, 'Guyana'),
(94, 2, 'غيانا'),
(94, 3, 'Guyana'),
(94, 4, 'Guyana'),
(95, 1, 'Hong Kong'),
(95, 2, 'هونغ كونغ'),
(95, 3, 'Hong Kong'),
(95, 4, 'Hong Kong'),
(96, 1, 'Heard Island and McDonald Islands'),
(96, 2, 'جزيرة هيرد وجزر ماكدونالد'),
(96, 3, 'Heard Island and McDonald Islands'),
(96, 4, 'Heard Island and McDonald Islands'),
(97, 1, 'Honduras'),
(97, 2, 'هندوراس'),
(97, 3, 'Honduras'),
(97, 4, 'Honduras'),
(98, 1, 'Croatia'),
(98, 2, 'كرواتيا'),
(98, 3, 'Croatia'),
(98, 4, 'Croatia'),
(99, 1, 'Haiti'),
(99, 2, 'هايتي'),
(99, 3, 'Haiti'),
(99, 4, 'Haiti'),
(100, 1, 'Hungary'),
(100, 2, 'المجر'),
(100, 3, 'Hungary'),
(100, 4, 'Hungary'),
(101, 1, 'Indonesia'),
(101, 2, 'أندونيسيا'),
(101, 3, 'Indonesia'),
(101, 4, 'Indonesia'),
(102, 1, 'Ireland'),
(102, 2, 'إيرلندا'),
(102, 3, 'Ireland'),
(102, 4, 'Ireland'),
(103, 1, 'Isle of Man'),
(103, 2, 'جزيرة مان'),
(103, 3, 'Isle of Man'),
(103, 4, 'Isle of Man'),
(104, 1, 'India'),
(104, 2, 'الهند'),
(104, 3, 'India'),
(104, 4, 'India'),
(105, 1, 'British Indian Ocean Territory'),
(105, 2, 'إقليم المحيط الهندي البريطاني'),
(105, 3, 'British Indian Ocean Territory'),
(105, 4, 'British Indian Ocean Territory'),
(106, 1, 'Iraq'),
(106, 2, 'العراق'),
(106, 3, 'Iraq'),
(106, 4, 'Iraq'),
(107, 1, 'Iran'),
(107, 2, 'إيران'),
(107, 3, 'Iran'),
(107, 4, 'Iran'),
(108, 1, 'Iceland'),
(108, 2, 'أيسلندا'),
(108, 3, 'Iceland'),
(108, 4, 'Iceland'),
(109, 1, 'Italy'),
(109, 2, 'إيطاليا'),
(109, 3, 'Italy'),
(109, 4, 'Italy'),
(110, 1, 'Jersey'),
(110, 2, 'جيرزي'),
(110, 3, 'Jersey'),
(110, 4, 'Jersey'),
(111, 1, 'Jamaica'),
(111, 2, 'جاميكا'),
(111, 3, 'Jamaica'),
(111, 4, 'Jamaica'),
(112, 1, 'Jordan'),
(112, 2, 'الأردن'),
(112, 3, 'Jordan'),
(112, 4, 'Jordan'),
(113, 1, 'Japan'),
(113, 2, 'اليابان'),
(113, 3, 'Japan'),
(113, 4, 'Japan'),
(114, 1, 'Kenya'),
(114, 2, 'كينيا'),
(114, 3, 'Kenya'),
(114, 4, 'Kenya'),
(115, 1, 'Kyrgyzstan'),
(115, 2, 'قيرغيزستان'),
(115, 3, 'Kyrgyzstan'),
(115, 4, 'Kyrgyzstan'),
(116, 1, 'Cambodia'),
(116, 2, 'كمبوديا'),
(116, 3, 'Cambodia'),
(116, 4, 'Cambodia'),
(117, 1, 'Kiribati'),
(117, 2, 'كيريباتي'),
(117, 3, 'Kiribati'),
(117, 4, 'Kiribati'),
(118, 1, 'Comoros'),
(118, 2, 'جزر القمر'),
(118, 3, 'Comoros'),
(118, 4, 'Comoros'),
(119, 1, 'Saint Kitts and Nevis'),
(119, 2, 'سانت كيتس و نيفيس'),
(119, 3, 'Saint Kitts and Nevis'),
(119, 4, 'Saint Kitts and Nevis'),
(120, 1, 'North Korea'),
(120, 2, 'كوريا الشمالية'),
(120, 3, 'North Korea'),
(120, 4, 'North Korea'),
(121, 1, 'South Korea'),
(121, 2, 'كوريا الجنوبية'),
(121, 3, 'South Korea'),
(121, 4, 'South Korea'),
(122, 1, 'Kuwait'),
(122, 2, 'الكويت'),
(122, 3, 'Kuwait'),
(122, 4, 'Kuwait'),
(123, 1, 'Cayman Islands'),
(123, 2, 'جزر كايمان'),
(123, 3, 'Cayman Islands'),
(123, 4, 'Cayman Islands'),
(124, 1, 'Kazakhstan'),
(124, 2, 'كازاخستان'),
(124, 3, 'Kazakhstan'),
(124, 4, 'Kazakhstan'),
(125, 1, 'Laos'),
(125, 2, 'لاوس'),
(125, 3, 'Laos'),
(125, 4, 'Laos'),
(126, 1, 'Lebanon'),
(126, 2, 'لبنان'),
(126, 3, 'Lebanon'),
(126, 4, 'Lebanon'),
(127, 1, 'Saint Lucia'),
(127, 2, 'سانت لوسيا'),
(127, 3, 'Saint Lucia'),
(127, 4, 'Saint Lucia'),
(128, 1, 'Liechtenstein'),
(128, 2, 'ليختنشتاين'),
(128, 3, 'Liechtenstein'),
(128, 4, 'Liechtenstein'),
(129, 1, 'Sri Lanka'),
(129, 2, 'سريلانكا'),
(129, 3, 'Sri Lanka'),
(129, 4, 'Sri Lanka'),
(130, 1, 'Liberia'),
(130, 2, 'ليبيريا'),
(130, 3, 'Liberia'),
(130, 4, 'Liberia'),
(131, 1, 'Lesotho'),
(131, 2, 'ليسوتو'),
(131, 3, 'Lesotho'),
(131, 4, 'Lesotho'),
(132, 1, 'Lithuania'),
(132, 2, 'ليتوانيا'),
(132, 3, 'Lithuania'),
(132, 4, 'Lithuania'),
(133, 1, 'Luxembourg'),
(133, 2, 'لوكسمبورغ'),
(133, 3, 'Luxembourg'),
(133, 4, 'Luxembourg'),
(134, 1, 'Latvia'),
(134, 2, 'لاتفيا'),
(134, 3, 'Latvia'),
(134, 4, 'Latvia'),
(135, 1, 'Libya'),
(135, 2, 'ليبيا'),
(135, 3, 'Libya'),
(135, 4, 'Libya'),
(136, 1, 'Morocco'),
(136, 2, 'المغرب'),
(136, 3, 'Morocco'),
(136, 4, 'Morocco'),
(137, 1, 'Monaco'),
(137, 2, 'موناكو'),
(137, 3, 'Monaco'),
(137, 4, 'Monaco'),
(138, 1, 'Moldova'),
(138, 2, 'مولدوفا'),
(138, 3, 'Moldova'),
(138, 4, 'Moldova'),
(139, 1, 'Montenegro'),
(139, 2, 'الجبل الأسود'),
(139, 3, 'Montenegro'),
(139, 4, 'Montenegro'),
(140, 1, 'Saint Martin'),
(140, 2, 'سان مارتن'),
(140, 3, 'Saint Martin'),
(140, 4, 'Saint Martin'),
(141, 1, 'Madagascar'),
(141, 2, 'مدغشقر'),
(141, 3, 'Madagascar'),
(141, 4, 'Madagascar'),
(142, 1, 'Marshall Islands'),
(142, 2, 'جزر مارشال'),
(142, 3, 'Marshall Islands'),
(142, 4, 'Marshall Islands'),
(143, 1, 'Macedonia'),
(143, 2, 'مقدونيا'),
(143, 3, 'Macedonia'),
(143, 4, 'Macedonia'),
(144, 1, 'Mali'),
(144, 2, 'مالي'),
(144, 3, 'Mali'),
(144, 4, 'Mali'),
(145, 1, 'Myanmar [Burma]'),
(145, 2, 'مينمار'),
(145, 3, 'Myanmar [Burma]'),
(145, 4, 'Myanmar [Burma]'),
(146, 1, 'Mongolia'),
(146, 2, 'منغوليا'),
(146, 3, 'Mongolia'),
(146, 4, 'Mongolia'),
(147, 1, 'Macao'),
(147, 2, 'ماكاو'),
(147, 3, 'Macao'),
(147, 4, 'Macao'),
(148, 1, 'Northern Mariana Islands'),
(148, 2, 'جزر ماريانا الشمالية'),
(148, 3, 'Northern Mariana Islands'),
(148, 4, 'Northern Mariana Islands'),
(149, 1, 'Martinique'),
(149, 2, 'مارتينيك'),
(149, 3, 'Martinique'),
(149, 4, 'Martinique'),
(150, 1, 'Mauritania'),
(150, 2, 'موريتانيا'),
(150, 3, 'Mauritania'),
(150, 4, 'Mauritania'),
(151, 1, 'Montserrat'),
(151, 2, 'مونتسيرات'),
(151, 3, 'Montserrat'),
(151, 4, 'Montserrat'),
(152, 1, 'Malta'),
(152, 2, 'مالطا'),
(152, 3, 'Malta'),
(152, 4, 'Malta'),
(153, 1, 'Mauritius'),
(153, 2, 'جمهورية موريشيوس'),
(153, 3, 'Mauritius'),
(153, 4, 'Mauritius'),
(154, 1, 'Maldives'),
(154, 2, 'جزر المالديف'),
(154, 3, 'Maldives'),
(154, 4, 'Maldives'),
(155, 1, 'Malawi'),
(155, 2, 'مالاوي'),
(155, 3, 'Malawi'),
(155, 4, 'Malawi'),
(156, 1, 'Mexico'),
(156, 2, 'المكسيك'),
(156, 3, 'Mexico'),
(156, 4, 'Mexico'),
(157, 1, 'Malaysia'),
(157, 2, 'ماليزيا'),
(157, 3, 'Malaysia'),
(157, 4, 'Malaysia'),
(158, 1, 'Mozambique'),
(158, 2, 'الموزمبيق'),
(158, 3, 'Mozambique'),
(158, 4, 'Mozambique'),
(159, 1, 'Namibia'),
(159, 2, 'نامبيا'),
(159, 3, 'Namibia'),
(159, 4, 'Namibia'),
(160, 1, 'New Caledonia'),
(160, 2, 'كاليدونيا الجديدة'),
(160, 3, 'New Caledonia'),
(160, 4, 'New Caledonia'),
(161, 1, 'Niger'),
(161, 2, 'النيجر'),
(161, 3, 'Niger'),
(161, 4, 'Niger'),
(162, 1, 'Norfolk Island'),
(162, 2, 'جزيرة نورفولك'),
(162, 3, 'Norfolk Island'),
(162, 4, 'Norfolk Island'),
(163, 1, 'Nigeria'),
(163, 2, 'نيجيريا'),
(163, 3, 'Nigeria'),
(163, 4, 'Nigeria'),
(164, 1, 'Nicaragua'),
(164, 2, 'نيكاراغوا'),
(164, 3, 'Nicaragua'),
(164, 4, 'Nicaragua'),
(165, 1, 'Netherlands'),
(165, 2, 'هولندا'),
(165, 3, 'Netherlands'),
(165, 4, 'Netherlands'),
(166, 1, 'Norway'),
(166, 2, 'النروج'),
(166, 3, 'Norway'),
(166, 4, 'Norway'),
(167, 1, 'Nepal'),
(167, 2, 'نيبال'),
(167, 3, 'Nepal'),
(167, 4, 'Nepal'),
(168, 1, 'Nauru'),
(168, 2, 'ناورو'),
(168, 3, 'Nauru'),
(168, 4, 'Nauru'),
(169, 1, 'Niue'),
(169, 2, 'نييوي'),
(169, 3, 'Niue'),
(169, 4, 'Niue'),
(170, 1, 'New Zealand'),
(170, 2, 'نيوزيلندا'),
(170, 3, 'New Zealand'),
(170, 4, 'New Zealand'),
(171, 1, 'Oman'),
(171, 2, 'عمان'),
(171, 3, 'Oman'),
(171, 4, 'Oman'),
(172, 1, 'Panama'),
(172, 2, 'بنما'),
(172, 3, 'Panama'),
(172, 4, 'Panama'),
(173, 1, 'Peru'),
(173, 2, 'البيرو'),
(173, 3, 'Peru'),
(173, 4, 'Peru'),
(174, 1, 'French Polynesia'),
(174, 2, 'بولينزيا الفرنسية'),
(174, 3, 'French Polynesia'),
(174, 4, 'French Polynesia'),
(175, 1, 'Papua New Guinea'),
(175, 2, 'بابوا غينيا الجديدة'),
(175, 3, 'Papua New Guinea'),
(175, 4, 'Papua New Guinea'),
(176, 1, 'Philippines'),
(176, 2, 'الفليبين'),
(176, 3, 'Philippines'),
(176, 4, 'Philippines'),
(177, 1, 'Pakistan'),
(177, 2, 'باكستان'),
(177, 3, 'Pakistan'),
(177, 4, 'Pakistan'),
(178, 1, 'Poland'),
(178, 2, 'بولندا'),
(178, 3, 'Poland'),
(178, 4, 'Poland'),
(179, 1, 'Saint Pierre and Miquelon'),
(179, 2, 'سان بيير و ميكلون'),
(179, 3, 'Saint Pierre and Miquelon'),
(179, 4, 'Saint Pierre and Miquelon'),
(180, 1, 'Pitcairn Islands'),
(180, 2, 'جزر بيتكيرن'),
(180, 3, 'Pitcairn Islands'),
(180, 4, 'Pitcairn Islands'),
(181, 1, 'Puerto Rico'),
(181, 2, 'بورتوريكو'),
(181, 3, 'Puerto Rico'),
(181, 4, 'Puerto Rico'),
(182, 1, 'Palestine'),
(182, 2, 'فلسطين'),
(182, 3, 'Palestine'),
(182, 4, 'Palestine'),
(183, 1, 'Portugal'),
(183, 2, 'البرتغال'),
(183, 3, 'Portugal'),
(183, 4, 'Portugal'),
(184, 1, 'Palau'),
(184, 2, 'بالاو'),
(184, 3, 'Palau'),
(184, 4, 'Palau'),
(185, 1, 'Paraguay'),
(185, 2, 'الباراغواي'),
(185, 3, 'Paraguay'),
(185, 4, 'Paraguay'),
(186, 1, 'Qatar'),
(186, 2, 'قطر'),
(186, 3, 'Qatar'),
(186, 4, 'Qatar'),
(187, 1, 'Réunion'),
(187, 2, 'لا ريونيون'),
(187, 3, 'Réunion'),
(187, 4, 'Réunion'),
(188, 1, 'Romania'),
(188, 2, 'رومانيا'),
(188, 3, 'Romania'),
(188, 4, 'Romania'),
(189, 1, 'Serbia'),
(189, 2, 'صربيا'),
(189, 3, 'Serbia'),
(189, 4, 'Serbia'),
(190, 1, 'Russia'),
(190, 2, 'روسيا'),
(190, 3, 'Russia'),
(190, 4, 'Russia'),
(191, 1, 'Rwanda'),
(191, 2, 'رواندا'),
(191, 3, 'Rwanda'),
(191, 4, 'Rwanda'),
(192, 1, 'Saudi Arabia'),
(192, 2, 'المملكة العربية السعودية'),
(192, 3, 'Saudi Arabia'),
(192, 4, 'Saudi Arabia'),
(193, 1, 'Solomon Islands'),
(193, 2, 'جزر سليمان'),
(193, 3, 'Solomon Islands'),
(193, 4, 'Solomon Islands'),
(194, 1, 'Seychelles'),
(194, 2, 'سيشل'),
(194, 3, 'Seychelles'),
(194, 4, 'Seychelles'),
(195, 1, 'Sudan'),
(195, 2, 'السودان'),
(195, 3, 'Sudan'),
(195, 4, 'Sudan'),
(196, 1, 'Sweden'),
(196, 2, 'السويد'),
(196, 3, 'Sweden'),
(196, 4, 'Sweden'),
(197, 1, 'Singapore'),
(197, 2, 'سنغافورة'),
(197, 3, 'Singapore'),
(197, 4, 'Singapore'),
(198, 1, 'Saint Helena'),
(198, 2, 'سانت هيلينا'),
(198, 3, 'Saint Helena'),
(198, 4, 'Saint Helena'),
(199, 1, 'Slovenia'),
(199, 2, 'سلوفينيا'),
(199, 3, 'Slovenia'),
(199, 4, 'Slovenia'),
(200, 1, 'Svalbard and Jan Mayen'),
(200, 2, 'سفالبارد و يان ماين'),
(200, 3, 'Svalbard and Jan Mayen'),
(200, 4, 'Svalbard and Jan Mayen'),
(201, 1, 'Slovakia'),
(201, 2, 'سلوفاكيا'),
(201, 3, 'Slovakia'),
(201, 4, 'Slovakia'),
(202, 1, 'Sierra Leone'),
(202, 2, 'سيراليون'),
(202, 3, 'Sierra Leone'),
(202, 4, 'Sierra Leone'),
(203, 1, 'San Marino'),
(203, 2, 'سان مارينو'),
(203, 3, 'San Marino'),
(203, 4, 'San Marino'),
(204, 1, 'Senegal'),
(204, 2, 'السنغال'),
(204, 3, 'Senegal'),
(204, 4, 'Senegal'),
(205, 1, 'Somalia'),
(205, 2, 'الصومال'),
(205, 3, 'Somalia'),
(205, 4, 'Somalia'),
(206, 1, 'Suriname'),
(206, 2, 'سورينام'),
(206, 3, 'Suriname'),
(206, 4, 'Suriname'),
(207, 1, 'South Sudan'),
(207, 2, 'جنوب السودان'),
(207, 3, 'South Sudan'),
(207, 4, 'South Sudan'),
(208, 1, 'Sao Tome and Principe'),
(208, 2, 'ساو تومي و برينسيب'),
(208, 3, 'Sao Tome and Principe'),
(208, 4, 'Sao Tome and Principe'),
(209, 1, 'El Salvador'),
(209, 2, 'السلفادور'),
(209, 3, 'El Salvador'),
(209, 4, 'El Salvador'),
(210, 1, 'Sint Maarten'),
(210, 2, 'سينت مارتن'),
(210, 3, 'Sint Maarten'),
(210, 4, 'Sint Maarten'),
(211, 1, 'Syria'),
(211, 2, 'سوريا'),
(211, 3, 'Syria'),
(211, 4, 'Syria'),
(212, 1, 'Swaziland'),
(212, 2, 'إسواتيني'),
(212, 3, 'Swaziland'),
(212, 4, 'Swaziland'),
(213, 1, 'Turks and Caicos Islands'),
(213, 2, 'جزر توركس و كايكوس'),
(213, 3, 'Turks and Caicos Islands'),
(213, 4, 'Turks and Caicos Islands'),
(214, 1, 'Chad'),
(214, 2, 'تشاد'),
(214, 3, 'Chad'),
(214, 4, 'Chad'),
(215, 1, 'French Southern Territories'),
(215, 2, 'أراضي فرنسية جنوبية و أنتارتيكية'),
(215, 3, 'French Southern Territories'),
(215, 4, 'French Southern Territories'),
(216, 1, 'Togo'),
(216, 2, 'توغو'),
(216, 3, 'Togo'),
(216, 4, 'Togo'),
(217, 1, 'Thailand'),
(217, 2, 'تايلاند'),
(217, 3, 'Thailand'),
(217, 4, 'Thailand'),
(218, 1, 'Tajikistan'),
(218, 2, 'طاجكستان'),
(218, 3, 'Tajikistan'),
(218, 4, 'Tajikistan'),
(219, 1, 'Tokelau'),
(219, 2, 'توكيلاو'),
(219, 3, 'Tokelau'),
(219, 4, 'Tokelau'),
(220, 1, 'East Timor'),
(220, 2, 'تيمور الشرقية'),
(220, 3, 'East Timor'),
(220, 4, 'East Timor'),
(221, 1, 'Turkmenistan'),
(221, 2, 'تركمانستان'),
(221, 3, 'Turkmenistan'),
(221, 4, 'Turkmenistan'),
(222, 1, 'Tunisia'),
(222, 2, 'تونس'),
(222, 3, 'Tunisia'),
(222, 4, 'Tunisia'),
(223, 1, 'Tonga'),
(223, 2, 'تونغا'),
(223, 3, 'Tonga'),
(223, 4, 'Tonga'),
(224, 1, 'Turkey'),
(224, 2, 'تركيا'),
(224, 3, 'Turkey'),
(224, 4, 'Turkey'),
(225, 1, 'Trinidad and Tobago'),
(225, 2, 'ترينيداد و توباغو'),
(225, 3, 'Trinidad and Tobago'),
(225, 4, 'Trinidad and Tobago'),
(226, 1, 'Tuvalu'),
(226, 2, 'توفالو'),
(226, 3, 'Tuvalu'),
(226, 4, 'Tuvalu'),
(227, 1, 'Taiwan'),
(227, 2, 'تايوان'),
(227, 3, 'Taiwan'),
(227, 4, 'Taiwan'),
(228, 1, 'Tanzania'),
(228, 2, 'تانزانيا'),
(228, 3, 'Tanzania'),
(228, 4, 'Tanzania'),
(229, 1, 'Ukraine'),
(229, 2, 'أوكرانيا'),
(229, 3, 'Ukraine'),
(229, 4, 'Ukraine'),
(230, 1, 'Uganda'),
(230, 2, 'أوغندا'),
(230, 3, 'Uganda'),
(230, 4, 'Uganda'),
(231, 1, 'U.S. Minor Outlying Islands'),
(231, 2, 'جزر الولايات المتحدة الصغيرة النائية'),
(231, 3, 'U.S. Minor Outlying Islands'),
(231, 4, 'U.S. Minor Outlying Islands'),
(232, 1, 'United States'),
(232, 2, 'الولايات المتحدة'),
(232, 3, 'United States'),
(232, 4, 'United States'),
(233, 1, 'Uruguay'),
(233, 2, 'الأوروغواي'),
(233, 3, 'Uruguay'),
(233, 4, 'Uruguay'),
(234, 1, 'Uzbekistan'),
(234, 2, 'أوزباكستان'),
(234, 3, 'Uzbekistan'),
(234, 4, 'Uzbekistan'),
(235, 1, 'Vatican City'),
(235, 2, 'الفاتيكان'),
(235, 3, 'Vatican City'),
(235, 4, 'Vatican City'),
(236, 1, 'Saint Vincent and the Grenadines'),
(236, 2, 'سانت فينسنت و الغرينادين'),
(236, 3, 'Saint Vincent and the Grenadines'),
(236, 4, 'Saint Vincent and the Grenadines'),
(237, 1, 'Venezuela'),
(237, 2, 'فنزويلا'),
(237, 3, 'Venezuela'),
(237, 4, 'Venezuela'),
(238, 1, 'British Virgin Islands'),
(238, 2, 'الجزر العذراء البريطانية'),
(238, 3, 'British Virgin Islands'),
(238, 4, 'British Virgin Islands'),
(239, 1, 'U.S. Virgin Islands'),
(239, 2, 'الجزر العذراء الأميركية'),
(239, 3, 'U.S. Virgin Islands'),
(239, 4, 'U.S. Virgin Islands'),
(240, 1, 'Vietnam'),
(240, 2, 'فيتنام'),
(240, 3, 'Vietnam'),
(240, 4, 'Vietnam'),
(241, 1, 'Vanuatu'),
(241, 2, 'فانواتو'),
(241, 3, 'Vanuatu'),
(241, 4, 'Vanuatu'),
(242, 1, 'Wallis and Futuna'),
(242, 2, 'واليس و فوتونا'),
(242, 3, 'Wallis and Futuna'),
(242, 4, 'Wallis and Futuna'),
(243, 1, 'Samoa'),
(243, 2, 'ساموا'),
(243, 3, 'Samoa'),
(243, 4, 'Samoa'),
(244, 1, 'Kosovo'),
(244, 2, 'كوسوفو'),
(244, 3, 'Kosovo'),
(244, 4, 'Kosovo'),
(245, 1, 'Yemen'),
(245, 2, 'اليمن'),
(245, 3, 'Yemen'),
(245, 4, 'Yemen'),
(246, 1, 'Mayotte'),
(246, 2, 'مايوت'),
(246, 3, 'Mayotte'),
(246, 4, 'Mayotte'),
(247, 1, 'South Africa'),
(247, 2, 'جنوب أفريقيا'),
(247, 3, 'South Africa'),
(247, 4, 'South Africa'),
(248, 1, 'Zambia'),
(248, 2, 'زامبيا'),
(248, 3, 'Zambia'),
(248, 4, 'Zambia'),
(249, 1, 'Zimbabwe'),
(249, 2, 'زمبابواي'),
(249, 3, 'Zimbabwe'),
(249, 4, 'Zimbabwe');

DECLARE @cnt_reminder_types INT = 0;

WHILE @cnt_reminder_types < 19
BEGIN
   INSERT INTO reminder_types DEFAULT VALUES
   SET @cnt_reminder_types = @cnt_reminder_types + 1;
END;

INSERT INTO reminder_types_languages (reminder_type_id, language_id, name) VALUES
(1, 1, 'General Assembly'),
(2, 1, 'Personal'),
(3, 1, 'Other'),
(4, 1, 'License'),
(5, 1, 'Hearing'),
(6, 1, 'Appeal'),
(7, 1, 'Board of Directors'),
(8, 1, 'Committee'),
(9, 1, 'Execution'),
(11, 1, 'Expert Meeting'),
(1, 2, 'جمعية عمومية'),
(2, 2, 'خصوصي'),
(3, 2, 'آخر'),
(4, 2, 'ترخيص'),
(5, 2, 'جلسة'),
(6, 2, 'إستئناف'),
(7, 2, 'مجلس إدارة'),
(8, 2, 'لجنة'),
(9, 2, 'تنفيذ'),
(11, 2, 'إجتماع مع خبير'),
(1, 3, 'Assemblée générale'),
(2, 3, 'Personnel'),
(3, 3, 'Autres'),
(4, 3, 'Certificats'),
(5, 3, 'Audience'),
(6, 3, 'Appel'),
(7, 3, 'Conseil d''administration'),
(8, 3, 'Comité'),
(9, 3, 'Exécution'),
(11, 3,'Réunion avec Expert'),
(1, 4, 'Asamblea General'),
(2, 4, 'Personal'),
(3, 4, 'Otros'),
(4, 4, 'Licencia'),
(5, 4, 'Audiencia'),
(6, 4, 'Recurso'),
(7, 4, 'Consejo de administración'),
(8, 4, 'Comité'),
(9, 4, 'Ejecución'),
(11, 4, 'Reunión de expertos'),
(12, 1, 'ip-renewal'),
(12, 2, 'ip-renewal'),
(12, 3, 'ip-renewal'),
(12, 4, 'ip-renewal'),
(13, 1, 'system-reminder'),
(13, 2, 'system-reminder'),
(13, 3, 'system-reminder'),
(13, 4, 'system-reminder'),
(14, 1, 'Exchange note'),
(14, 2, 'مهلة تبادل المذكرات'),
(14, 3, 'échange de notes'),
(14, 4, 'Intercambiando notas'),
(15, 1, 'Attorney License'),
(15, 2, 'رخصة محاماة'),
(15, 3, 'Licence d''avocat'),
(15, 4, 'Licencia de abogado'),
(16, 1, 'Announcement in newspaper'),
(16, 2, 'اعلان جريدة'),
(16, 3, 'Annonce dans le journal'),
(16, 4, 'Anuncio en periódico'),
(17, 1, 'Article 46'),
(17, 2, 'مهلة المادة 46'),
(17, 3, 'Article 46'),
(17, 4, 'Artículo 46'),
(10, 1, 'POA'),
(10, 2, 'وكالة'),
(10, 3, 'Mandat'),
(10, 4, 'PLAN DE ACCIÓN'),
(18, 1, 'First debtor notice'),
(18, 2, 'اشعار مدين أول'),
(18, 3, 'Premier avis du débiteur'),
(18, 4, 'Primer aviso del deudor'),
(19, 1, 'Second debtor notice'),
(19, 2, 'إشعار المدين ثاني'),
(19, 3, 'Deuxième avis au débiteur'),
(19, 4, 'Segundo aviso al deudor');

INSERT INTO system_preferences (groupName, keyName, keyValue) VALUES
('DefaultValues', 'archiveCaseStatus', '4'),
('DefaultValues', 'archiveTaskStatus', '6'),
('DefaultValues', 'boardMemberRoleId', ''),
('DefaultValues', 'ipStatus', '1'),
('DefaultValues', 'caseContainerStatusId', '1'),
('DefaultValues', 'caseDocumentStatusId', '1'),
('DefaultValues', 'caseDocumentTypeId', ''),
('DefaultValues', 'caseStatusId', '1'),
('DefaultValues', 'caseTypeLitigationId', ''),
('DefaultValues', 'caseTypeProjectId', ''),
('DefaultValues', 'companyCapitalVisualizeDecimals', '1'),
('DefaultValues', 'companyDocumentStatusId', '1'),
('DefaultValues', 'companyDocumentTypeId', '4'),
('DefaultValues', 'companyLegalTypeId', ''),
('DefaultValues', 'companyManageHideCorporateData', '1'),
('DefaultValues', 'contactCompanyCategoryId', ''),
('DefaultValues', 'contactCompanySubCategoryId', ''),
('DefaultValues', 'contactCountryId', ''),
('DefaultValues', 'contactDocumentStatusId', '1'),
('DefaultValues', 'contactDocumentTypeId', '4'),
('DefaultValues', 'contactNationalityId', ''),
('DefaultValues', 'documentStatusId', '1'),
('DefaultValues', 'documentTypeId', '4'),
('DefaultValues', 'providerGroupId', '1'),
('DefaultValues', 'providerGroupIdCaseAssignee', ''),
('DefaultValues', 'reminderType', '5'),
('DefaultValues', 'seniorityLevel', '5'),
('DefaultValues', 'hearingReminderType', '5'),
('DefaultValues', 'socialSecurityReminderType', '12'),
('DefaultValues', 'taskTypeId', '1'),
('DefaultValues', 'roundUpTimeLogs', '0'),
('DefaultValues', 'privacyPerAssignedTeam', '0'),
('DefaultValues', 'kpiUserGroups', '2, 3, 4, 5, 6, 7, 8, 9'),
('DefaultValues', 'taskPrivacyBasedOnMatterPrivacy', '0'),
('DefaultValues', 'matterCapAfterInvoicing', '0'),
('DefaultValues', 'abilitySetLatestDevelopment', '0'),
('Notifications', 'notificationIntervalDate', '90'),
('Notifications', 'notificationShowList', '5'),
('OutgoingMail', 'outgoingMailFromAddress', 'noreply@app4legal.com'),
('OutgoingMail', 'outgoingMailFromName', 'App4Legal'),
('OutgoingMail', 'outgoingMailSmtpEncryption', 'none'),
('OutgoingMail', 'outgoingMailSmtpHost', ''),
('OutgoingMail', 'outgoingMailSmtpPasRequiresAuthentication', 'yes'),
('OutgoingMail', 'outgoingMailSmtpPass', ''),
('OutgoingMail', 'outgoingMailSmtpPort', '25'),
('OutgoingMail', 'outgoingMailSubjectPrefix', ''),
('OutgoingMail', 'outgoingMailSmtpNameUser', 'noreply@app4legal.com'),
('OutgoingMail', 'outgoingMailTimeout', '5'),
('OutgoingMail', 'outgoingMailMailer', 'php_mailer_implementation'),
('OutgoingMail', 'use_a4l_smtp', 'yes'),
('Reminders', 'reminderIntervalDate', '5'),
('Reminders', 'reminderShowList', '5'),
('PasswordPolicy', 'passwordDisallowedPrevious', '3'),
('PasswordPolicy', 'passwordForceChange', ''),
('PasswordPolicy', 'passwordLockout', '10'),
('PasswordPolicy', 'passwordMinimumLength', '8'),
('PasswordPolicy', 'passwordStrongComplexity', 'no'),
('PasswordPolicy', 'loggedOutPeriod', '90'),
('SystemValues', 'AllowFeatureSLAManagement', 'no'),
('SystemValues', 'sysDayEndOn', '20:00'),
('SystemValues', 'sysDayStartOn', '08:00'),
('SystemValues', 'systemAdministrationGroupId', '2'),
('SystemValues', 'staySignedIn', 'yes'),
('SystemValues', 'APIEnableStatus', 'yes'),
('SystemValues', 'businessDayEquals', '8'),
('SystemValues', 'businessWeekEquals', '5'),
('SystemValues', 'exportFilters', '1'),
('SystemValues', 'systemUserRateViewerGroupId', ''),
('SystemValues', 'allowTimeEntryLoggingRule', CONCAT('no', ', ', CONVERT(char(10), GetDate(),126))),
('ActiveDirectory', 'adEnabled','0'),
('ActiveDirectory', 'host',''),
('ActiveDirectory', 'domain',''),
('ActiveDirectory', 'username',''),
('ActiveDirectory', 'password',''),
('ActiveDirectory', 'port','389'),
('ActiveDirectory', 'loginWithoutDomain','0'),
('ActiveDirectory', 'ssoApp4legal', '0'),
('ActiveDirectory', 'ssoApp4legalCustomerPortal', '0'),
('ActiveDirectory', 'emailMappingOption', 'userPrincipalName'),
('ActiveDirectory', 'user_group_sync', 'no'),
('ActiveDirectory', 'user_multiple_groups', 'no'),
('ActivateTaxesinInvoices', 'TEnabled','0'),
('ActivateDiscountinInvoices', 'DEnabled','a:1:{s:1:"1";a:2:{s:7:"enabled";s:2:"no";s:10:"account_id";i:0;}}'),
('PartnerSettlementsPerInvoice', 'SettlementsPerInvoiceEnabled', '0'),
('MakerCheckerControl','makerCheckerFeatureStatus','no'),
('MakerCheckerControl','userMakerGroups',''),
('MakerCheckerControl','userCheckerGroups',''),
('CustomerPortalConfig', 'AllowFeatureCustomerPortal', 'yes'),
('CustomerPortalConfig', 'AllowAddContacts', 'no'),
('CustomerPortalConfig', 'cpAppTitle', 'Client Portal'),
('CustomerPortalConfig', 'cpWelcomeMessage', 'Welcome to Client Portal'),
('CustomerPortalConfig', 'cpFormLabel', 'Matters'),
('CustomerPortalConfig', 'cp_container_form_label', 'Matter Containers'),
('CustomerPortalConfig', 'cpPasswordLockout', '10'),
('CustomerPortalConfig', 'cpContactCategory', '1'),
('DefaultValues', 'companySharesVisualizePreferredShares', '0'),
('DefaultValues', 'gridsAdminUserGroups', '3'),
('DefaultValues', 'caseMaxOpponents', '5'),
('DefaultValues', 'disableArchivedMatters', '0'),
('AzureDirectory', 'AllowFeatureAzureAd', '0'),
('AzureDirectory', 'ClientSecretText', ''),
('AzureDirectory', 'AllowFeatureAzureAdLogoutEnable', '0'),
('DefaultValues', 'onlyReporterEditMetaData', '1'),
('DefaultValues', 'defaultNewTimeLogStatus', '0'),
('DefaultValues', 'defaultNewTimeLogStatus', '0'),
('DocuSignIntegration', 'docusign_authorizationServer', 'https://account-d.docusign.com'),
('MenuExternalLinks', 'menu_url_1', ''),
('MenuExternalLinks', 'menu_url_2', ''),
('MenuExternalLinks', 'menu_url_3', ''),
('MenuExternalLinks', 'menu_url_4', ''),
('MenuExternalLinks', 'menu_url_5', ''),
('MenuExternalLinks', 'menu_url_6', ''),
('MenuExternalLinks', 'menu_url_7', ''),
('MenuExternalLinks', 'menu_url_8', ''),
('MenuExternalLinks', 'menu_url_9', ''),
('MenuExternalLinks', 'menu_url_10', ''),
('ExternalLinks', 'AllowInternalRefLink', '0'),
('ExternalLinks', 'InternalRefLink', ''),
('ExternalLinks', 'AllowExternalCourtRef', '0'),
('ExternalLinks', 'ExternalCourtRefLink', ''),
('HearingVerificationProcess', 'AllowFeatureHearingVerificationProcess', NULL),
('HearingVerificationProcess', 'HearingVerificationProcessUserGroups', NULL),
('ContractDefaultValues', 'archiveContractStatus', '6'),
('ContractDefaultValues', 'AllowContractSLAManagement', 'yes'),
('AdvisorConfig', 'AdvisorPasswordLockout', '3');

DECLARE @cnt_task_types INT = 0;


INSERT INTO intellectual_property_rights (name) VALUES
('Copyright'),
('Patents'),
('Trademark'),
('Trade Secrets');

DECLARE @cnt_titles INT = 0;

WHILE @cnt_titles < 7
BEGIN
   INSERT INTO titles DEFAULT VALUES
   SET @cnt_titles = @cnt_titles + 1;
END;

INSERT INTO titles_languages (title_id, language_id, name) VALUES
('1', '1', 'Mr.'),
('1', '2', 'السيد'),
('1', '3', 'M.'),
('1', '4', 'Sr.'),
('2', '1', 'Mrs.'),
('2', '2', 'السيدة'),
('2', '3', 'Mme'),
('2', '4', 'Sra.'),
('3', '1', 'Dr.'),
('3', '2', 'الدكتور'),
('3', '3', 'Dr.'),
('3', '4', 'Dr.'),
('4', '1', 'Judge'),
('4', '2', 'القاضي'),
('4', '3', 'Juge'),
('4', '4', 'Juez'),
('5', '1', 'Advocate'),
('5', '2', 'المحامية'),
('5', '3', 'Avocate'),
('5', '4', 'Abogado'),
('6', '1', 'Miss'), 
('6', '2', 'آنسة'), 
('6', '3', 'Demoiselle'),
('6', '4', 'Srta.'), 
('7', '1', 'Ms.'), 
('7', '2', 'آنسة'),
('7', '3', 'M/s.'),
('7', '4', 'Sra./Srta.');

INSERT INTO instance_data (keyName, keyValue) VALUES
('installationType', 'on-cloud'),
('subscription', NULL),
('excluded_interfaces', NULL),
('showImportContactsNotification', '1'),
('showImportCompaniesNotification', '1'),
('dbVersion', NULL),
('app_favicon', 'files/images/instance/favicon.ico'),
('app_logo', 'files/images/instance/app4legal-logo.png'),
('app_name', 'App4Legal'),
('app_theme', 'default'),
('app_theme_version', '35265'),
('app_title', 'App4Legal'),
('app_login_second_logo', ''),
('customer_portal_login_logo', 'files/images/instance/a4l_logo_sign_in.png'),
('customer_portal_logo',''),
('idp_enabled', '0'),
('app_footer_logo', 'files/images/instance/app4legal-footer-logo.png'),
('first_sign_in', NULL),
('country_id', NULL);
GO

SET IDENTITY_INSERT accounts_types ON

INSERT INTO accounts_types (id,name, type,is_visible) VALUES
(1, 'Cash', 'Asset', '1'),
(2, 'Bank', 'Asset', '1'),
(3, 'Fixed Asset', 'Asset', '1'),
(4, 'Other Asset', 'Asset', '1'),
(5, 'Credit Card', 'Liability', '1'),
(6, 'Long Term Liability', 'Liability', '1'),
(7, 'Other Liability', 'Liability', '1'),
(8, 'Equity', 'Equity', '1'),
(9, 'Income', 'Income', '1'),
(10, 'Other Income', 'Income', '1'),
(11, 'Expense', 'Expense', '1'),
(12, 'Cost of Goods Sold', 'Expense', '1'),
(13, 'Other Expense', 'Expense', '1'),
(14, 'Supplier', 'Third Party', '1'),
(15, 'Client', 'Third Party', '1'),
(17, 'Partner', 'Third Party', '1'), -- id 16 is bypassed as it is related to the third_party_account_type_ids in accounts map
(18, 'Trust Asset Account', 'Asset', '1'),
(19, 'Trust Liability Account', 'Liability', '0'); 

SET IDENTITY_INSERT accounts_types OFF

INSERT INTO terms (name, fl1name, fl2name, number_of_days) VALUES
('In Advance','En Avance','مقدم', 0),
('30 Days','30 Days','30 يوم', 30),
('15 Days','15 Jours','15 يوم', 15),
('Cash','Liquide','نقدي', 0),
('Other','Autre','اخرى', 0);

INSERT INTO system_preferences (groupName, keyName, keyValue) VALUES
('InvoiceLanguage', 'billTo', 'a:3:{i:0;s:7:"Bill To";s:3:"fl1";s:12:"Facturé  au";s:3:"fl2";s:12:"العميل";}'),
('InvoiceLanguage', 'quote',  'a:3:{i:0;s:5:"Quote";s:3:"fl1";s:8:"Citation";s:3:"fl2";s:17:"عرض اسعار";}'),
('InvoiceLanguage', 'date', 'a:3:{i:0;s:4:"Date";s:3:"fl1";s:4:"Date";s:3:"fl2";s:14:"التاريخ";}'),
('InvoiceLanguage', 'due_on', 'a:3:{i:0;s:6:"Due On";s:3:"fl1";s:17:"Date d''échéance";s:3:"fl2";s:29:"تاريخ الإستحقاق";}'),
('ExpensesValues', 'expenseStatus', 'approved'),
('ExpensesValues', 'notifyUsersExpense', NULL ),
('ExpensesValues', 'notifyUserGroupExpense', NULL),
('ExpensesValues', 'requireExpenseDocument', '0'),
('InvoiceLanguage', 'invoice', 'a:3:{i:0;s:7:"Invoice";s:3:"fl1";s:7:"Facture";s:3:"fl2";s:16:"فــاتورة";}'),
('InvoiceLanguage', 'invoiceNbr', 'a:3:{i:0;s:9:"Invoice #";s:3:"fl1";s:9:"Facture #";s:3:"fl2";s:25:"مرجع الفاتورة";}'),
('InvoiceLanguage', 'items', 'a:3:{i:0;s:8:"Services";s:3:"fl1";s:6:"Objets";s:3:"fl2";s:14:"الخدمات";}'),
('InvoiceLanguage', 'purchaseOrder', 'a:3:{i:0;s:3:"PO#";s:3:"fl1";s:3:"PO#";s:3:"fl2";s:19:"أمر الشراء";}'),
('InvoiceLanguage', 'subTotal', 'a:3:{i:0;s:9:"Sub Total";s:3:"fl1";s:10:"Sous-total";s:3:"fl2";s:36:"المجموع قبل الضريبة";}'),
('ModuleLanguages', 'systemDefaultLanguage', 'English'),
('ModuleLanguages', 'systemForeignLanguage_1', 'Français'),
('ModuleLanguages', 'systemForeignLanguage_2', 'العربية'),
('InvoiceLanguage', 'terms', 'a:3:{i:0;s:5:"Terms";s:3:"fl1";s:5:"Terme";s:3:"fl2";s:12:"الشروط";}'),
('InvoiceLanguage', 'total', 'a:3:{i:0;s:5:"Total";s:3:"fl1";s:6:"Totale";s:3:"fl2";s:14:"المجموع";}'),
('InvoiceLanguage', 'totalWithTax', 'a:3:{i:0;s:9:"Total Tax";s:3:"fl1";s:11:"Totale Taxe";s:3:"fl2";s:27:"المجموع + ضريبة";}'),
('InvoiceLanguage', 'totalWithDiscount', 'a:3:{i:0;s:14:"Total Discount";s:3:"fl1";s:13:"Totale Rabais";s:3:"fl2";s:27:"المجموع + الحسم";}'),
('InvoiceLanguage', 'Items_Item', 'a:3:{i:0;s:7:"Service";s:3:"fl1";s:5:"Objet";s:3:"fl2";s:12:"الخدمة";}'),
('InvoiceLanguage', 'Items_Sub_item', 'a:3:{i:0;s:11:"Sub Service";s:3:"fl1";s:10:"Sous-Objet";s:3:"fl2";s:8:"خدمة";}'),
('InvoiceLanguage', 'Items_Description', 'a:3:{i:0;s:11:"Description";s:3:"fl1";s:11:"Description";s:3:"fl2";s:10:"الوصف";}'),
('InvoiceLanguage', 'Items_Quantity', 'a:3:{i:0;s:8:"Quantity";s:3:"fl1";s:9:"Qualité ";s:3:"fl2";s:12:"الكمية";}'),
('InvoiceLanguage', 'Items_Unit_Price', 'a:3:{i:0;s:10:"Unit Price";s:3:"fl1";s:13:"Prix unitaire";s:3:"fl2";s:10:"السعر";}'),
('InvoiceLanguage', 'Items_Amount', 'a:3:{i:0;s:6:"Amount";s:3:"fl1";s:7:"Montant";s:3:"fl2";s:12:"القيمة";}'),
('InvoiceLanguage', 'Items_Tax', 'a:3:{i:0;s:3:"Tax";s:3:"fl1";s:4:"Taxe";s:3:"fl2";s:10:"ضريبة";}'),
('InvoiceLanguage', 'Items_Discount', 'a:3:{i:0;s:8:"Discount";s:3:"fl1";s:6:"Rabais";s:3:"fl2";s:6:"حسم";}'),
('timeTracking', 'timeTrackingSalesAccount', 'a:1:{s:1:"1";s:2:"14";}'),
('InvoiceValues', 'partnersCommissions', 'a:1:{s:1:"1";s:2:"no";}'),
('InvoiceValues', 'systemCommissionAccount', 'a:1:{s:1:"1";s:2:"18";}'),
('InvoiceValues', 'invoiceNumberPrefix', 'a:1:{s:1:"1";s:4:"INV-";}'),
('UsersValues', 'userGroupsAppearInUserRatePerHourGrid', '3, 4'),
('trustAccount', 'trustAssetAccount', 'a:1:{i:1;s:2:"20";}'),
('InvoiceLanguage', 'Expenses_Item', 'a:3:{i:0;s:4:"Item";s:3:"fl1";s:5:"Objet";s:3:"fl2";s:10:"الصنف";}'),
('InvoiceLanguage', 'Expenses_Sub_item', 'a:3:{i:0;s:8:"Sub Item";s:3:"fl1";s:10:"Sous-Objet";s:3:"fl2";s:14:"صـنـــف";}'),
('InvoiceLanguage', 'Expenses_Description', 'a:3:{i:0;s:11:"Description";s:3:"fl1";s:11:"Description";s:3:"fl2";s:10:"الوصف";}'),
('InvoiceLanguage', 'Expenses_Quantity', 'a:3:{i:0;s:8:"Quantity";s:3:"fl1";s:9:"Qualité ";s:3:"fl2";s:12:"الكمية";}'),
('InvoiceLanguage', 'Expenses_Unit_Price', 'a:3:{i:0;s:10:"Unit Price";s:3:"fl1";s:13:"Prix unitaire";s:3:"fl2";s:10:"السعر";}'),
('InvoiceLanguage', 'Expenses_Amount', 'a:3:{i:0;s:6:"Amount";s:3:"fl1";s:7:"Montant";s:3:"fl2";s:12:"القيمة";}'),
('InvoiceLanguage', 'Expenses_Tax', 'a:3:{i:0;s:3:"Tax";s:3:"fl1";s:4:"Taxe";s:3:"fl2";s:10:"ضريبة";}'),
('InvoiceLanguage', 'Expenses_Discount', 'a:3:{i:0;s:8:"Discount";s:3:"fl1";s:6:"Rabais";s:3:"fl2";s:6:"حسم";}'),
('InvoiceLanguage', 'Expenses_Date', 'a:3:{i:0;s:4:"Date";s:3:"fl1";s:4:"Date";s:3:"fl2";s:14:"التاريخ";}'),
('InvoiceLanguage', 'Time_Logs_Item', 'a:3:{i:0;s:4:"Item";s:3:"fl1";s:5:"Objet";s:3:"fl2";s:10:"الصنف";}'),
('InvoiceLanguage', 'Time_Logs_Sub_item', 'a:3:{i:0;s:8:"Sub Item";s:3:"fl1";s:10:"Sous-Objet";s:3:"fl2";s:14:"صـنـــف";}'),
('InvoiceLanguage', 'Time_Logs_Description', 'a:3:{i:0;s:11:"Description";s:3:"fl1";s:11:"Description";s:3:"fl2";s:10:"الوصف";}'),
('InvoiceLanguage', 'Time_Logs_Quantity', 'a:3:{i:0;s:5:"Hours";s:3:"fl1";s:6:"Heures";s:3:"fl2";s:14:"الساعات";}'),
('InvoiceLanguage', 'Time_Logs_Unit_Price', 'a:3:{i:0;s:4:"Rate";s:3:"fl1";s:5:"Tarif";s:3:"fl2";s:14:"التعرفة";}'),
('InvoiceLanguage', 'Time_Logs_Amount', 'a:3:{i:0;s:6:"Amount";s:3:"fl1";s:7:"Montant";s:3:"fl2";s:12:"القيمة";}'),
('InvoiceLanguage', 'Time_Logs_Tax', 'a:3:{i:0;s:3:"Tax";s:3:"fl1";s:4:"Taxe";s:3:"fl2";s:10:"ضريبة";}'),
('InvoiceLanguage', 'Time_Logs_Discount', 'a:3:{i:0;s:8:"Discount";s:3:"fl1";s:6:"Rabais";s:3:"fl2";s:6:"حسم";}'),
('InvoiceLanguage', 'Time_Logs_Date', 'a:3:{i:0;s:4:"Date";s:3:"fl1";s:4:"Date";s:3:"fl2";s:14:"التاريخ";}'),
('InvoiceLanguage', 'Items_Date', 'a:3:{i:0;s:4:"Date";s:3:"fl1";s:4:"Date";s:3:"fl2";s:14:"التاريخ";}'),
('InvoiceLanguage', 'expenses', 'a:3:{i:0;s:8:"Expenses";s:3:"fl1";s:9:"Dépenses";s:3:"fl2";s:14:"النفقات";}'),
('InvoiceLanguage', 'time_logs', 'a:3:{i:0;s:9:"Time Logs";s:3:"fl1";s:14:"Suivi de temps";s:3:"fl2";s:21:"سجلات الوقت";}'),
('InvoiceLanguage', 'tax_number', 'a:3:{i:0;s:10:"Tax Number";s:3:"fl1";s:22:"numero didentification";s:3:"fl2";s:25:"الرقم الضريبي";}'),
('InvoiceLanguage', 'sub_total_after_discount', 'a:3:{i:0;s:24:"Sub Total After Discount";s:3:"fl1";s:27:"Total partiel après remise";s:3:"fl2";s:45:"المجموع الفرعي بعد الخصم";}'),
('InvoiceItems', 'DisplayItemDate', '0'),
('InvoiceLanguage', 'userCode', 'a:3:{i:0;s:9:"User Code";s:3:"fl1";s:18:"Code d Utilisateur";s:3:"fl2";s:23:"رمز المستخدم";}'),
('InvoiceLanguage', 'time_logs_quantity_unit', 'a:3:{i:0;s:4:"Hour";s:3:"fl1";s:5:"Heure";s:3:"fl2";s:8:"ساعة";}'),
('InvoiceLanguage', 'case_id', 'a:3:{i:0;s:9:"Matter ID";s:3:"fl1";s:10:"ID Dossier";s:3:"fl2";s:21:"رقم المسألة";}'),
('InvoiceLanguage', 'case_subject', 'a:3:{i:0;s:11:"Matter Name";s:3:"fl1";s:14:"Nom du Dossier";s:3:"fl2";s:25:"عنوان المسألة";}'),
('InvoiceLanguage', 'reference_case', 'a:3:{i:0;s:19:"Internal Ref Number";s:3:"fl1";s:19:"Référence Interne";s:3:"fl2";s:34:"رقم المرجع الداخلي";}'),
('InvoiceLanguage', 'invoice_ref', 'a:3:{i:0;s:11:"Invoice Ref";s:3:"fl1";s:19:"Référence Facture";s:3:"fl2";s:25:"مرجع الفاتورة";}'),
('InvoiceLanguage', 'exchange_rate', 'a:3:{i:0;s:13:"Exchange Rate";s:3:"fl1";s:14:"Taux de change";s:3:"fl2";s:17:"سعر الصرف";}'),
('InvoiceLanguage', 'legal_matters', 'a:3:{i:0;s:7:"Matters";s:3:"fl1";s:8:"Dossiers";s:3:"fl2";s:14:"المسائل";}'),
('InvoiceLanguage', 'currency_only', 'a:3:{i:0;s:4:"Only";s:3:"fl1";s:9:"Seulement";s:3:"fl2";s:6:"فقط";}');
INSERT INTO system_preferences (groupName, keyName, keyValue) VALUES
('PartnerInvLanguage', 'client_name', 'a:3:{i:0;s:6:"Client";s:3:"fl1";s:6:"Client";s:3:"fl2";s:8:"عميل";}'),
('PartnerInvLanguage', 'invoice_nb', 'a:3:{i:0;s:9:"invoice #";s:3:"fl1";s:9:"Facture #";s:3:"fl2";s:23:"رقم الفاتورة";}'),
('PartnerInvLanguage', 'partner_date', 'a:3:{i:0;s:4:"Date";s:3:"fl1";s:4:"Date";s:3:"fl2";s:14:"التاريخ";}'),
('PartnerInvLanguage', 'partner_expenses', 'a:3:{i:0;s:8:"Expenses";s:3:"fl1";s:9:"Dépenses";s:3:"fl2";s:14:"النفقات";}'),
('PartnerInvLanguage', 'partner_item', 'a:3:{i:0;s:7:"Service";s:3:"fl1";s:5:"Objet";s:3:"fl2";s:12:"الخدمة";}'),
('PartnerInvLanguage', 'partner_item_amount', 'a:3:{i:0;s:14:"Partner Amount";s:3:"fl1";s:21:"Montant du partenaire";s:3:"fl2";s:27:"مستحقات الشريك";}'),
('PartnerInvLanguage', 'partner_item_date', 'a:3:{i:0;s:4:"Date";s:3:"fl1";s:4:"Date";s:3:"fl2";s:14:"التاريخ";}'),
('PartnerInvLanguage', 'partner_item_description', 'a:3:{i:0;s:11:"Description";s:3:"fl1";s:11:"Description";s:3:"fl2";s:10:"الوصف";}'),
('PartnerInvLanguage', 'partner_item_hour', 'a:3:{i:0;s:5:"Hours";s:3:"fl1";s:6:"Heures";s:3:"fl2";s:14:"الساعات";}'),
('PartnerInvLanguage', 'partner_item_percentage', 'a:3:{i:0;s:18:"Partner Percentage";s:3:"fl1";s:25:"Pourcentage de partenaire";s:3:"fl2";s:21:"نسبة الشريك";}'),
('PartnerInvLanguage', 'partner_item_quantity', 'a:3:{i:0;s:8:"Quantity";s:3:"fl1";s:8:"Qualité";s:3:"fl2";s:12:"الكمية";}'),
('PartnerInvLanguage', 'partner_item_rate', 'a:3:{i:0;s:4:"Rate";s:3:"fl1";s:5:"Tarif";s:3:"fl2";s:14:"التعرفة";}'),
('PartnerInvLanguage', 'partner_item_tamount', 'a:3:{i:0;s:6:"Amount";s:3:"fl1";s:7:"Montant";s:3:"fl2";s:12:"القيمة";}'),
('PartnerInvLanguage', 'partner_item_uprice', 'a:3:{i:0;s:10:"Unit price";s:3:"fl1";s:13:"Prix unitaire";s:3:"fl2";s:10:"السعر";}'),
('PartnerInvLanguage', 'partner_items', 'a:3:{i:0;s:8:"Services";s:3:"fl1";s:6:"Objets";s:3:"fl2";s:14:"الخدمات";}'),
('PartnerInvLanguage', 'partner_name', 'a:3:{i:0;s:7:"Partner";s:3:"fl1";s:10:"Partenaire";s:3:"fl2";s:12:"الشريك";}'),
('PartnerInvLanguage', 'partner_time_logs', 'a:3:{i:0;s:9:"Time Logs";s:3:"fl1";s:14:"Suivi de temps";s:3:"fl2";s:21:"سجلات الوقت";}'),
('PartnerInvLanguage', 'payment_due_to', 'a:3:{i:0;s:14:"Payment Due To";s:3:"fl1";s:15:"Paiement dû à";s:3:"fl2";s:28:"الدفع المستحق ل";}'),
('PartnerInvLanguage', 'total_items', 'a:3:{i:0;s:5:"Total";s:3:"fl1";s:6:"Totale";s:3:"fl2";s:14:"المجموع";}'),
('PartnerInvLanguage', 'partner_case_id', 'a:3:{i:0;s:9:"Matter ID";s:3:"fl1";s:10:"ID Dossier";s:3:"fl2";s:21:"رقم المسألة";}'),
('PartnerInvLanguage', 'partner_case_subject', 'a:3:{i:0;s:11:"Matter Name";s:3:"fl1";s:14:"Nom du Dossier";s:3:"fl2";s:25:"عنوان المسألة";}'),
('PartnerInvLanguage', 'partner_legal_matters', 'a:3:{i:0;s:7:"Matters";s:3:"fl1";s:8:"Dossiers";s:3:"fl2";s:10:"مسائل";}'),
('PartnerInvLanguage', 'partner_deductions', 'a:3:{i:0;s:10:"Deductions";s:3:"fl1";s:11:"Déductions";s:3:"fl2";s:16:"الخصومات";}'),
('PartnerInvLanguage', 'partner_amount_payable', 'a:3:{i:0;s:14:"Amount Payable";s:3:"fl1";s:15:"Montant Payable";s:3:"fl2";s:27:"المبلغ المستحق";}'),
('BillLanguage','bill_account','a:3:{i:0;s:7:"Account";s:3:"fl1";s:6:"Compte";s:3:"fl2";s:12:"الحساب";}'),
('BillLanguage','bill_amount','a:3:{i:0;s:6:"Amount";s:3:"fl1";s:7:"Montant";s:3:"fl2";s:12:"المبلغ";}'),
('BillLanguage','bill_client','a:3:{i:0;s:6:"Client";s:3:"fl1";s:6:"Client";s:3:"fl2";s:12:"العميل";}'),
('BillLanguage','bill_date','a:3:{i:0;s:4:"Date";s:3:"fl1";s:4:"Date";s:3:"fl2";s:14:"التاريخ";}'),
('BillLanguage','bill_description','a:3:{i:0;s:11:"Description";s:3:"fl1";s:11:"Description";s:3:"fl2";s:10:"الوصف";}'),
('BillLanguage','bill_details','a:3:{i:0;s:12:"Bill Details";s:3:"fl1";s:22:"Détails de la facture";s:3:"fl2";s:29:"تفاصيل الفاتورة";}'),
('BillLanguage','bill_due_date','a:3:{i:0;s:8:"Due date";s:3:"fl1";s:17:"Date d''échéance";s:3:"fl2";s:29:"تاريخ الإستحقاق";}'),
('BillLanguage','bill_number','a:3:{i:0;s:6:"Bill #";s:3:"fl1";s:9:"Facture #";s:3:"fl2";s:23:"رقم الفاتورة";}'),
('BillLanguage','bill_price','a:3:{i:0;s:5:"Price";s:3:"fl1";s:4:"Prix";s:3:"fl2";s:10:"السعر";}'),
('BillLanguage','bill_quantity','a:3:{i:0;s:8:"Quantity";s:3:"fl1";s:9:"Quantité";s:3:"fl2";s:12:"الكمية";}'),
('BillLanguage','bill_related_matter','a:3:{i:0;s:14:"Related matter";s:3:"fl1";s:13:"Sujet connexe";s:3:"fl2";s:31:"المسائل المتعلقة";}'),
('BillLanguage','bill_supplier','a:3:{i:0;s:8:"Supplier";s:3:"fl1";s:14:"Le fournisseur";s:3:"fl2";s:14:"المورّد";}'),
('BillLanguage','bill_tax','a:3:{i:0;s:3:"Tax";s:3:"fl1";s:6:"Impôt";s:3:"fl2";s:14:"الضريبة";}'),
('BillLanguage','bill_tax_number','a:3:{i:0;s:10:"Tax number";s:3:"fl1";s:32:"Numéro d''identification fiscale";s:3:"fl2";s:25:"الرقم الضريبي";}'),
('BillLanguage','bill_total','a:3:{i:0;s:5:"Total";s:3:"fl1";s:5:"Total";s:3:"fl2";s:14:"المجموع";}'),
('BillLanguage','bill_sub_total','a:3:{i:0;s:8:"Subtotal";s:3:"fl1";s:10:"sous-total";s:3:"fl2";s:27:"المجموع الفرعي";}'),
('BillLanguage','bill_total_tax','a:3:{i:0;s:9:"Total tax";s:3:"fl1";s:10:"Taxe total";s:3:"fl2";s:25:"مجموع الضريبة";}');
INSERT INTO system_preferences (groupName, keyName, keyValue) VALUES
('InvoiceLanguage', 'credit_note', 'a:3:{i:0;s:11:"Credit Note";s:3:"fl1";s:15:"Note de crédit";s:3:"fl2";s:19:"إشعار دائن";}'),
('InvoiceLanguage', 'credit_note_number', 'a:3:{i:0;s:18:"Credit Note Number";s:3:"fl1";s:26:"Numéro de note de crédit";s:3:"fl2";s:30:"رقم إشعار الدائن";}'),
('InvoiceLanguage', 'credit_note_reference', 'a:3:{i:0;s:21:"Credit Note Reference";s:3:"fl1";s:30:"Référence de note de crédit";s:3:"fl2";s:32:"مرجع إشعار الدائن";}'),
('InvoiceLanguage','invoice_credited','a:3:{i:0;s:16:"Invoice Credited";s:3:"fl1";s:18:"Facture créditée";s:3:"fl2";s:36:"فاتورة إشعار الدائن";}'),
('InvoiceLanguage','sub_total_exclusive_vat','a:3:{i:0;s:9:"Sub Total";s:3:"fl1";s:10:"Sous-total";s:3:"fl2";s:27:"المجموع الفرعي";}'),
('InvoiceLanguage','tax_amount','a:3:{i:0;s:10:"Tax Amount";s:3:"fl1";s:18:"Montant de la taxe";s:3:"fl2";s:23:"مبلغ الضريبة";}'),
('InvoiceLanguage','status','a:3:{i:0;s:6:"Status";s:3:"fl1";s:6:"statut";s:3:"fl2";s:12:"الحالة";}'),
('InvoiceLanguage','remaining_amount','a:3:{i:0;s:16:"Remaining Amount";s:3:"fl1";s:15:"Montant restant";s:3:"fl2";s:27:"المبلغ المتبقي";}'),
('InvoiceLanguage','paid_amount','a:3:{i:0;s:11:"Paid Amount";s:3:"fl1";s:13:"Montant payé";s:3:"fl2";s:27:"المبلغ المدفوع";}'),
('CreditNoteValues','creditNoteNumberPrefix','a:1:{s:1:"1";s:3:"CN-";}'),
('DebitNoteValues','debitNoteNumberPrefix','a:1:{s:1:"1";s:3:"DN-";}');


INSERT INTO invoice_detail_look_feel_section ( name, fl1name, fl2name, content) VALUES
('Other Services', 'Autres Services', 'الخدمات الأخرى',	'0'),
('Expenses', 'Dépenses', 'المصروفات',	'1'),
('Services & Legal Fees', 'Services et Frais Juridiques', 'الخدمات والرسوم القانونية',	'2');

SET IDENTITY_INSERT email_notifications_scheme ON
INSERT INTO email_notifications_scheme (id, trigger_action, notify_to, notify_cc, createdBy, createdOn, modifiedBy, modifiedOn) VALUES
(1, 'add_litigation_case', 'assignee', 'case_creator', '1', CURRENT_TIMESTAMP, '1', CURRENT_TIMESTAMP),
(2, 'add_matter_case', 'assignee', 'case_creator', '1', CURRENT_TIMESTAMP, '1', CURRENT_TIMESTAMP),
(3, 'add_note_case', 'assignee;matter_contributors', 'case_creator;note_creator', '1', CURRENT_TIMESTAMP, '1', CURRENT_TIMESTAMP),
(4, 'add_ip_case', 'assignee', 'case_creator', '1', CURRENT_TIMESTAMP, '1', CURRENT_TIMESTAMP),
(5, 'edit_litigation_case', 'assignee;matter_contributors', 'case_creator', '1', CURRENT_TIMESTAMP, '1', CURRENT_TIMESTAMP),
(6, 'edit_matter_case', 'assignee;matter_contributors', 'case_creator', '1', CURRENT_TIMESTAMP, '1', CURRENT_TIMESTAMP),
(7, 'edit_ip_case', 'assignee', 'case_creator', '1', CURRENT_TIMESTAMP, '1', CURRENT_TIMESTAMP),
(8, 'edit_case_status', 'assignee', 'case_creator', '1', CURRENT_TIMESTAMP, '1', CURRENT_TIMESTAMP),
(9, 'cp_add_ticket', '', '', '1', CURRENT_TIMESTAMP, '1', CURRENT_TIMESTAMP),
(10, 'cp_edit_ticket', 'assignee', '', '1', CURRENT_TIMESTAMP, '1', CURRENT_TIMESTAMP),
(11, 'cp_add_comment', 'assignee', '', '1', CURRENT_TIMESTAMP, '1', CURRENT_TIMESTAMP),
(12, 'add_tasks', 'assignee', 'reporter;contributors', '1', CURRENT_TIMESTAMP, '1', CURRENT_TIMESTAMP),
(13, 'edit_task', 'reporter;contributors', 'assignee', '1', CURRENT_TIMESTAMP, '1', CURRENT_TIMESTAMP),
(14, 'add_meeting', 'invitees', '', '1', CURRENT_TIMESTAMP, '1', CURRENT_TIMESTAMP),
(15, 'edit_meeting', 'invitees', '', '1', CURRENT_TIMESTAMP, '1', CURRENT_TIMESTAMP),
(16, 'add_hearing', 'lawyers', 'case_assignee', '1', CURRENT_TIMESTAMP, '1', CURRENT_TIMESTAMP),
(17, 'notify_from_notifications', 'users_defined', '', '1', CURRENT_TIMESTAMP, '1', CURRENT_TIMESTAMP),
(18, 'legal_edit_ticket', 'creator;requester;watchers', '', '1', CURRENT_TIMESTAMP, '1', CURRENT_TIMESTAMP),
(19, 'legal_add_comment', 'creator;requester;watchers', '', '1', CURRENT_TIMESTAMP, '1', CURRENT_TIMESTAMP),
(20, 'add_case_event', 'case_assignee', '', '1', CURRENT_TIMESTAMP, '1', CURRENT_TIMESTAMP),
(21, 'edit_case_event', 'case_assignee', '', '1', CURRENT_TIMESTAMP, '1', CURRENT_TIMESTAMP),
(22, 'notify_me_before', 'creator', '', '1', CURRENT_TIMESTAMP, '1', CURRENT_TIMESTAMP),
(23, 'add_task_note', 'reporter;contributors', 'assignee', '1', CURRENT_TIMESTAMP, '1', CURRENT_TIMESTAMP),
(24, 'edit_task_status', 'reporter;contributors', 'assignee', '1', CURRENT_TIMESTAMP, '1', CURRENT_TIMESTAMP),
(25, 'daily_agenda', 'assignee', '', '1', CURRENT_TIMESTAMP, '1', CURRENT_TIMESTAMP),
(26, 'notify_requested_by_watchers_cp', 'requester;watchers', '', '1', CURRENT_TIMESTAMP, '1', CURRENT_TIMESTAMP),
(27, 'notify_new_client_portal_user', 'requester', '', '1', CURRENT_TIMESTAMP, '1', CURRENT_TIMESTAMP),
(28, 'core_user_assigned_case', 'advisors', 'case_creator', '1', CURRENT_TIMESTAMP, '1', CURRENT_TIMESTAMP),
(29, 'advisor_add_comment', 'assignees;advisors', 'case_creator', '1', CURRENT_TIMESTAMP, '1', CURRENT_TIMESTAMP),
(30, 'advisor_edit_case_status', 'assignees;advisors', 'case_creator', '1', CURRENT_TIMESTAMP, '1', CURRENT_TIMESTAMP),
(31, 'advisor_edit_case_stage', 'assignees;advisors', 'case_creator', '1', CURRENT_TIMESTAMP, '1', CURRENT_TIMESTAMP),
(32, 'advisor_add_hearing', 'advisors', 'case_creator;assignee', '1', CURRENT_TIMESTAMP, '1', CURRENT_TIMESTAMP),
(33, 'add_user', 'invitees', '', '1', CURRENT_TIMESTAMP, '1', CURRENT_TIMESTAMP);
SET IDENTITY_INSERT email_notifications_scheme OFF

INSERT INTO system_configurations (keyName, keyValue) VALUES
('hearingUpdatesReportBusinessRules', 'a:3:{i:0;s:27:"legal_case_hearings.summary";i:1;s:43:"legal_case_hearings.reasons_of_postponement";i:2;s:33:"legal_case_hearings.postponedDate";}'),
('otaAutoUpdateURL', 's:30:"https://www.app4legal.com/ota/";'),
('document_first_tab', 's:3:"A4L";');

INSERT INTO legal_case_event_data_types (type) VALUES
('short_text'),
('long_text'),
('date'),
('date_time'),
('list'),
('contacts'),
('companies'),
('clients'),
('opponents'),
('users');

INSERT INTO legal_case_event_data_types_languages (type,type_name,type_details,language_id) VALUES
(1,'Single Text','',1),
(1,'نص سطر واحد','',2),
(1,'Ligne de texte unique','',3),
(1,'Texto único','',4),
(2,'Text Box','',1),
(2,'نص متعدد الأسطر','',2),
(2,'Texte de multi-ligne','',3),
(2,'Caja de texto','',4),
(3,'Date','',1),
(3,'التاريخ','',2),
(3,'Date','',3),
(3,'Fecha','',4),
(4,'Date & Time','',1),
(4,'التاريخ والوقت','',2),
(4,'Date et Heure','',3),
(4,'Fecha y hora','',4),
(5,'List','',1),
(5,'قائمة','',2),
(5,'ListE','',3),
(5,'Lista','',4),
(6,'Contact (Single/Multi)','',1),
(6,'الشخص (واحد / متعدد)','',2),
(6,'Contact (Singulier/Plusieurs)','',3),
(6,'Contacto (Single / Multi)','',4),
(7,'Company (Single/Multi)','',1),
(7,'الشركة (واحدة / متعددة)','',2),
(7,'Entreprise (Singulier/Plusieurs)','',3),
(7,'Empresa (Single / Multi)','',4),
(8,'Client (Single/Multi)','',1),
(8,'الموكل (واحد / متعدد)','',2),
(8,'Client (Singulier/Plusieurs)','',3),
(8,'Cliente (Single / Multi)','',4),
(9,'Opponent (Single/Multi)','',1),
(9,'الخصم (واحد / متعدد)','',2),
(9,'Adversair (Singulier/Plusieurs)','',3),
(9,'Adversario (Single / Multi)','',4),
(10,'User (Single/Multi)','',1),
(10,'المستخدم (واحد / متعدد)','',2),
(10,'Utilisateur (Singulier/Plusieurs)','',3),
(10,'Usuario (Single / Multi)','',4);

Insert into legal_case_event_types (sub_event) VALUES (1);
Insert into legal_case_event_types_languages (event_type,language_id,name) VALUES (1,1,'Other'),(1,2,'أخرى'),(1,3,'Autre'),(1,4,'Otro');
Insert into legal_case_event_type_forms (event_type,field_type,field_required,field_order,field_key) VALUES (1,1,1,0,'subject'),(1,4,1,1,'date');
Insert into legal_case_event_type_forms_languages (field,language_id,field_name) VALUES (1,1,'Subject'),(1,2,'الموضوع'),(1,3,'Objet'),(1,4,'Tema'),(2,1,'Date'),(2,2,'التاريخ'),(2,3,'Date'),(2,4,'Fecha');

Insert into legal_case_event_types (sub_event) VALUES (1),(2);
Insert into legal_case_event_types_languages (event_type,language_id,name) VALUES 
(1,1,'Other'),
(1,2,'أخرى'),
(1,3,'Autre'),
(1,4,'Otro'),
(2,1,'Duration of the exchange of notes'),
(2,2,'مدة تبادل المذكرات'),
(2,3,'Durée de l''échange de notes'),
(2,4,'Duración del canje de notas');

Insert into legal_case_event_type_forms (event_type,field_type,field_required,field_order,field_key) VALUES (2,1,1,0,'subject'),(2,4,1,1,'date');
Insert into legal_case_event_type_forms_languages (field,language_id,field_name) VALUES (3,1,'Subject'),(3,2,'الموضوع'),(3,3,'Objet'),(3,4,'Tema'),(4,1,'Date'),(4,2,'التاريخ'),(4,3,'Date'),(4,4,'Fecha');

INSERT INTO document_generator (keyName, keyValue) VALUES
('template_folder_path', '');

SET IDENTITY_INSERT hearing_types ON

INSERT INTO hearing_types (id) VALUES
(1),
(2),
(3),
(4),
(5),
(6),
(7),
(8);

SET IDENTITY_INSERT hearing_types OFF

SET IDENTITY_INSERT hearing_types_languages ON

INSERT INTO hearing_types_languages (id,type,language_id,name) VALUES
(1, 1, 1, 'Online Hearing'),
(2, 1, 2, 'جلسة عن بعد'),
(3, 1, 3, 'Audience a Distance'),
(4, 1, 4, 'Sesión remota'),
(5, 2, 1, 'Expert hearing'),
(6, 2, 2, 'جلسة الخبراء'),
(7, 2, 3, 'Audience d''expert'),
(8, 2, 4, 'Audiencia experta'),
(9, 3, 1, 'Answering note'),
(10, 3, 2, 'استلام مذكرة رد'),
(11, 3, 3, 'Note de Remboursement'),
(12, 3, 4, 'Answering note'),
(13, 4, 1, 'Witness Hearing'),
(14, 4, 2, 'حضور شاهد'),
(15, 4, 3, 'Témoin'),
(16, 4, 4, 'Testigo'),
(17, 5, 1, 'Oath'),
(18, 5, 2, 'حلف اليمين'),
(19, 5, 3, 'Serment'),
(20, 5, 4, 'Juramento'),
(21, 6, 1, 'Jugement'),
(22, 6, 2, 'نطق بالحكم'),
(23, 6, 3, 'Jugement'),
(24, 6, 4, 'Juicio'),
(25, 7, 1, 'Case List'),
(26, 7, 2, 'استلام لائحة الدعوى'),
(27, 7, 3, 'Liste de cas'),
(28, 7, 4, 'Case List'),
(29, 8, 1, 'Hearing in Presence'),
(30, 8, 2, 'جلسة حضورية'),
(31, 8, 3, 'Session de présence'),
(32, 8, 4, 'Sesión de asistencia');

SET IDENTITY_INSERT hearing_types_languages OFF

SET IDENTITY_INSERT event_types ON
INSERT INTO event_types (id) VALUES
(1),
(2),
(3),
(4),
(5),
(6);
SET IDENTITY_INSERT event_types OFF

SET IDENTITY_INSERT event_types_languages ON
INSERT INTO event_types_languages (id,event_type_id,language_id,name) VALUES
(1, 1, 1, 'Expert meeting'),
(2, 1, 2, 'اجتماع الخبراء'),
(3, 1, 3, 'Réunion d''experts'),
(4, 1, 4, 'Reunión de expertos'),
(5, 2, 1, 'Internal Team meeting'),
(6, 2, 2, 'اجتماع الفريق الداخلي'),
(7, 2, 3, 'Réunion de l''équipe interne'),
(8, 2, 4, 'Reunión interna del equipo'),
(9, 3, 1, 'Client meeting'),
(10, 3, 2, 'اجتماع العميل'),
(11, 3, 3, 'Réunion du client'),
(12, 3, 4, 'Reunión del cliente'),
(13, 4, 1, 'Board meeting'),
(14, 4, 2, 'إجتماع مجلس الإدارة'),
(15, 4, 3, 'Réunion du conseil d''administration'),
(16, 4, 4, 'Reunión de la Junta'),
(17, 5, 1, 'Board Committee meeting'),
(18, 5, 2, 'اجتماع لجنة مجلس الإدارة'),
(19, 5, 3, 'Réunion du comité du conseil'),
(20, 5, 4, 'Reunión del Comité de la Junta'),
(25, 6, 1, 'Board of Trustees Meeting'),
(26, 6, 2, 'اجتماع مجلس الأمناء'),
(27, 6, 3, 'Réunion du Conseil administration'),
(28, 6, 4, 'Reunión de la Junta de Síndicos');
SET IDENTITY_INSERT event_types_languages OFF

INSERT INTO case_configurations (keyName,keyValue) VALUES
('caseValueTiers','a:4:{s:3:"Min";a:6:{i:0;s:1:"0";i:1;s:8:"10000.01";i:2;s:8:"50000.01";i:3;s:9:"100000.01";i:4;s:9:"250000.01";i:5;s:10:"1000000.01";}s:3:"Max";a:5:{i:0;s:5:"10000";i:1;s:5:"50000";i:2;s:6:"100000";i:3;s:6:"250000";i:4;s:7:"1000000";}s:9:"checkbox5";s:0:"";s:9:"submitBtn";s:4:"Save";}');

INSERT INTO assignments (category, type, assigned_team, assignment_rule, visible_assignee, visible_assigned_team) VALUES 
('default_litigation', 'all', 1, 0, 1, 1),
('default_matter', 'all', 1, 0, 1, 1);
GO 

INSERT INTO recurring_types (type, recurring_period, max_recurrence) VALUES
('daily', '1D', '1 month'),
('weekly', '1W', '1 year'),
('monthly', '1M', '3 year'),
('yearly', '1Y', '10 year'),
('weekdays', '1D', '1 month'),
('biweekly', '2W', '1 year');
GO

DECLARE @cnt_opponent_positions INT = 0;

WHILE @cnt_opponent_positions < 12
BEGIN
   INSERT INTO legal_case_opponent_positions DEFAULT VALUES
   SET @cnt_opponent_positions = @cnt_opponent_positions + 1;
END;

INSERT INTO legal_case_opponent_position_languages (legal_case_opponent_position_id, language_id, name) VALUES
(1, 1, 'Defendant'),
(1, 2, 'مدعي عليه'),
(1, 3, 'Défendeur'),
(1, 4, 'Demandado'),
(2, 1, 'Plaintiff'),
(2, 2, 'مدعي'),
(2, 3, 'Demandeur'),
(2, 4, 'Demandante'),
(3, 1, 'Co-Defendant'),
(3, 2, 'المدعى عليه الآخر'),
(3, 3, 'co-accusé'),
(3, 4, 'Codemandado'),
(4, 1, 'Co-plaintiff'),
(4, 2, 'المدعي الآخر'),
(4, 3, 'Co-demandeur'),
(4, 4, 'Codemandante'),
(5, 1, 'Other Parties'),
(5, 2, 'مطلوب إدخاله'),
(5, 3, 'Autres Parties'),
(5, 4, 'Otros partidos'),
(6, 1, 'Report Requester'),
(6, 2, 'طالب التقرير'),
(6, 3, 'Demandeur de rapport'),
(6, 4, 'Informe Solicitante'),
(7, 1, 'Execution Requester'),
(7, 2, 'طالب التنفيذ'),
(7, 3, 'demandeur d''exécution'),
(7, 4, 'Solicitante de la ejecución'),
(8, 1, 'Appellant'),
(8, 2, 'المستأنف'),
(8, 3, 'l''appelant'),
(8, 4, 'Recurrente'),
(9, 1, 'Respondent'),
(9, 2, 'مستأنف ضده'),
(9, 3, 'intimé'),
(9, 4, 'Reclamado'),
(10, 1, 'Petitioner'),
(10, 2, 'ملتمس'),
(10, 3, 'pétitionnaire'),
(10, 4, 'Peticionario'),
(11, 1, 'Petitioned Against'),
(11, 2, 'ملتمس ضده'),
(11, 3, 'Pétitionné contre lui'),
(11, 4, 'Solicitado contra'),
(12, 1, 'Executed Against'),
(12, 2, 'منفذ ضده'),
(12, 3, 'Exécuter contre'),
(12, 4, 'Ejecutado contra');

SET IDENTITY_INSERT contract_type ON
INSERT INTO contract_type (id) VALUES
(1),
(2),
(3),
(4),
(5),
(6),
(7),
(8),
(9),
(10),
(11),
(12),
(13),
(14),
(15),
(16),
(17),
(18);
SET IDENTITY_INSERT contract_type OFF
GO

INSERT INTO contract_type_language (type_id, language_id, name) VALUES 
(1, 1, 'Commercial Lease Agreement'),
(1, 2, 'اتفاقية الإيجار التجاري'),
(1, 3, 'Accord de location commerciale'),
(1, 4, 'Acuerdo de Arrendamiento Comercial'),
(2, 1, 'Consultancy Agreement'),
(2, 2, 'اتفاقية استشارة'),
(2, 3, 'Accord de consultance'),
(2, 4, 'Acuerdo de Consultoría'),
(3, 1, 'Distribution Agreement'),
(3, 2, 'اتفاقية توزيع'),
(3, 3, 'Accord de distribution'),
(3, 4, 'Acuerdo de Distribución'),
(4, 1, 'Franchise Agreement'),
(4, 2, 'اتفاقية امتياز'),
(4, 3, 'Accord de franchise'),
(4, 4, 'Acuerdo de Franquicia'),
(5, 1, 'General employment contract'),
(5, 2, 'عقد عمل عام'),
(5, 3, 'Contrat de travail général'),
(5, 4, 'Contrato de Trabajo General'),
(6, 1, 'Joint Venture Agreement'),
(6, 2, 'اتفاقية مشروع مشترك'),
(6, 3, 'Accord d''entreprise commune'),
(6, 4, 'Acuerdo de Joint Venture'),
(7, 1, 'Memorandum of Understanding'),
(7, 2, 'مذكرة تفاهم'),
(7, 3, 'Protocole d''accord'),
(7, 4, 'Memorándum de Entendimiento'),
(8, 1, 'Non-compete Agreement'),
(8, 2, 'اتفاقية عدم المنافسة'),
(8, 3, 'Accord de non-concurrence'),
(8, 4, 'Acuerdo de No Competencia'),
(9, 1, 'Non-disclosure Agreement'),
(9, 2, 'اتفاقية عدم الافصاح'),
(9, 3, 'Accord de non-divulgation'),
(9, 4, 'Acuerdo de No Divulgación'),
(10, 1, 'Partnership Agreement'),
(10, 2, 'اتفاقية شراكة'),
(10, 3, 'Accord de partenariat'),
(10, 4, 'Acuerdo de Colaboración'),
(11, 1, 'Purchase Agreement'),
(11, 2, 'اتفاقية شراء'),
(11, 3, 'Accord d''achat'),
(11, 4, 'Acuerdo de Compra'),
(12, 1, 'Reselling Agreement'),
(12, 2, 'اتفاقية إعادة البيع'),
(12, 3, 'Accord de revente'),
(12, 4, 'Acuerdo de Reventa'),
(13, 1, 'Sales Agreement'),
(13, 2, 'إتفاقية بيع'),
(13, 3, 'Accord de vente'),
(13, 4, 'Acuerdo de Venta'),
(14, 1, 'Service Agreement'),
(14, 2, 'اتفاقية خدمات'),
(14, 3, 'Accord de service'),
(14, 4, 'Acuerdo de Servicio'),
(15, 1, 'Stock Purchase Agreement'),
(15, 2, 'اتفاقية شراء الأسهم'),
(15, 3, 'Accord d''achat des actions'),
(15, 4, 'Acuerdo de Compra de Acciones'),
(16, 1, 'Supply Agreement'),
(16, 2, 'اتفاقية توريد'),
(16, 3, 'Accord d''approvisionnement'),
(16, 4, 'Acuerdo de Suministro'),
(17, 1, 'Letter of Engagement'),
(17, 2, 'خطاب التزام'),
(17, 3, 'Lettre d''engagement'),
(17, 4, 'Carta de Compromiso'),
(18, 1, 'Commercial Lease contract'),
(18, 2, 'عقد ايجار تجاري'),
(18, 3, 'Contrat de location commercial'),
(18, 4, 'Contrato de Arrendamiento Comercial');
 GO

INSERT INTO status_category (type, color)
VALUES ('open', '#808080'),
       ('in_progress', '#C8C800'),
       ('done', '#069322');
GO

INSERT INTO contract_status (category_id, is_global)
VALUES (1, 1),
       (2, 1),
       (2, 1),
       (2, 1),
       (3, 1),
       (3, 1);
GO

INSERT INTO contract_status_language (status_id, language_id, name)
VALUES (1, 1, 'Filing & Drafting'),
       (1, 2, 'الايداع والصياغة'),
       (1, 3, 'Dépôt et rédaction'),
       (1, 4, 'Archivo y redacción'),
       (2, 1, 'Under Approval'),
       (2, 2, 'قيد الاعتماد'),
       (2, 3, 'En cours d''approbation'),
       (2, 4, 'Bajo aprobación'),
       (3, 1, 'Under Negotiation'),
       (3, 2, 'قيد التفاوض'),
       (3, 3, 'En cours de négociation'),
       (3, 4, 'Bajo negociación'),
       (4, 1, 'Under Signature'),
       (4, 2, 'قيد التوقيع'),
       (4, 3, 'Sous Signature'),
       (4, 4, 'Bajo firma'),
       (5, 1, 'Cancelled'),
       (5, 2, 'ألغيت'),
       (5, 3, 'Annulé'),
       (5, 4, 'Cancelado'),
       (6, 1, 'Executed'),
       (6, 2, 'نفذت'),
       (6, 3, 'Réalisé'),
       (6, 4, 'Ejecutado');
 GO

INSERT INTO contract_workflow (name, category)
VALUES ('System Workflow (default)', 'system');

INSERT INTO contract_workflow_status_relation (status_id, workflow_id, start_point)
VALUES (1, 1, 1),
       (2, 1, 0),
       (3, 1, 0),
       (4, 1, 0),
       (5, 1, 0),
       (6, 1, 0);
GO

INSERT INTO iso_currencies (name, code)
VALUES
('United Arab Emirates Dirham', 'AED'),
('Afghanistan Afghani', 'AFN'),
('Albania Lek', 'ALL'),
('Armenia Dram', 'AMD'),
('Netherlands Antilles Guilder', 'ANG'),
('Angola Kwanza', 'AOA'),
('Argentina Peso', 'ARS'),
('Australia Dollar', 'AUD'),
('Aruba Guilder', 'AWG'),
('Azerbaijan Manat', 'AZN'),
('Bosnia and Herzegovina Convertible Mark', 'BAM'),
('Barbados Dollar', 'BBD'),
('Bangladesh Taka', 'BDT'),
('Bulgaria Lev', 'BGN'),
('Bahrain Dinar', 'BHD'),
('Burundi Franc', 'BIF'),
('Bermuda Dollar', 'BMDv'),
('Brunei Darussalam Dollar', 'BND'),
('Bolivia Bolíviano', 'BOB'),
('Brazil Real', 'BRL'),
('Bahamas Dollar', 'BSD'),
('Bhutan Ngultrum', 'BTN'),
('Botswana Pula', 'BWP'),
('Belarus Ruble', 'BYN'),
('Belize Dollar', 'BZD'),
('Canada Dollar', 'CAD'),
('Congo/Kinshasa Franc', 'CDF'),
('Switzerland Franc', 'CHF'),
('Chile Peso', 'CLP'),
('China Yuan Renminbi', 'CNY'),
('Colombia Peso', 'COP'),
('Costa Rica Colon', 'CRC'),
('Cuba Convertible Peso', 'CUC'),
('Cuba Peso', 'CUP'),
('Cape Verde Escudo', 'CVE'),
('Czech Republic Koruna', 'CZK'),
('Djibouti Franc', 'DJF'),
('Denmark Krone', 'DKK'),
('Dominican Republic Peso', 'DOP'),
('Algeria Dinar', 'DZD'),
('Egypt Pound', 'EGP'),
('Eritrea Nakfa', 'ERN'),
('Ethiopia Birr', 'ETB'),
('Euro Member Countries', 'EUR'),
('Fiji Dollar', 'FJD'),
('Falkland Islands (Malvinas) Pound', 'FKP'),
('United Kingdom Pound', 'GBP'),
('Georgia Lari', 'GEL'),
('Guernsey Pound', 'GGP'),
('Ghana Cedi', 'GHS'),
('Gibraltar Pound', 'GIP'),
('Gambia Dalasi', 'GMD'),
('Guinea Franc', 'GNF'),
('Guatemala Quetzal', 'GTQ'),
('Guyana Dollar', 'GYD'),
('Hong Kong Dollar', 'HKD'),
('Honduras Lempira', 'HNL'),
('Croatia Kuna', 'HRK'),
('Haiti Gourde', 'HTG'),
('Hungary Forint', 'HUF'),
('Indonesia Rupiah', 'IDR'),
('Israel Shekel', 'ILS'),
('Isle of Man Pound', 'IMP'),
('India Rupee', 'INR'),
('Iraq Dinar', 'IQD'),
('Iran Rial', 'IRR'),
('Iceland Krona', 'ISK'),
('Jersey Pound', 'JEP'),
('Jamaica Dollar', 'JMD'),
('Jordan Dinar', 'JOD'),
('Japan Yen', 'JPY'),
('Kenya Shilling', 'KES'),
('Kyrgyzstan Som', 'KGS'),
('Cambodia Riel', 'KHR'),
('Comorian Franc', 'KMF'),
('Korea (North) Won', 'KPW'),
('Korea (South) Won', 'KRW'),
('Kuwait Dinar', 'KWD'),
('Cayman Islands Dollar', 'KYD'),
('Kazakhstan Tenge', 'KZT'),
('Laos Kip', 'LAK'),
('Lebanon Pound', 'LBP'),
('Sri Lanka Rupee', 'LKR'),
('Liberia Dollar', 'LRD'),
('Lesotho Loti', 'LSL'),
('Libya Dinar', 'LYD'),
('Morocco Dirham', 'MAD'),
('Moldova Leu', 'MDL'),
('Madagascar Ariary', 'MGA'),
('Macedonia Denar', 'MKD'),
('Myanmar (Burma) Kyat', 'MMK'),
('Mongolia Tughrik', 'MNT'),
('Macau Pataca', 'MOP'),
('Mauritania Ouguiya', 'MRU'),
('Mauritius Rupee', 'MUR'),
('Maldives (Maldive Islands) Rufiyaa', 'MVR'),
('Malawi Kwacha', 'MWK'),
('Mexico Peso', 'MXN'),
('Malaysia Ringgit', 'MYR'),
('Mozambique Metical', 'MZN'),
('Namibia Dollar', 'NAD'),
('Nigeria Naira', 'NGN'),
('Nicaragua Cordoba', 'NIO'),
('Norway Krone', 'NOK'),
('Nepal Rupee', 'NPR'),
('New Zealand Dollar', 'NZD'),
('Oman Rial', 'OMR'),
('Panama Balboa', 'PAB'),
('Peru Sol', 'PEN'),
('Papua New Guinea Kina', 'PGK'),
('Philippines Peso', 'PHP'),
('Pakistan Rupee', 'PKR'),
('Poland Zloty', 'PLN'),
('Paraguay Guarani', 'PYG'),
('Qatar Riyal', 'QAR'),
('Romania Leu', 'RON'),
('Serbia Dinar', 'RSD'),
('Russia Ruble', 'RUB'),
('Rwanda Franc', 'RWF'),
('Saudi Arabia Riyal', 'SAR'),
('Solomon Islands Dollar', 'SBD'),
('Seychelles Rupee', 'SCR'),
('Sudan Pound', 'SDG'),
('Sweden Krona', 'SEK'),
('Singapore Dollar', 'SGD'),
('Saint Helena Pound', 'SHP'),
('Sierra Leone Leone', 'SLL'),
('Somalia Shilling', 'SOS'),
('Seborga Luigino', 'SPL*'),
('Suriname Dollar', 'SRD'),
('São Tomé and Príncipe Dobra', 'STN'),
('El Salvador Colon', 'SVC'),
('Syria Pound', 'SYP'),
('eSwatini Lilangeni', 'SZL'),
('Thailand Baht', 'THB'),
('Tajikistan Somoni', 'TJS'),
('Turkmenistan Manat', 'TMT'),
('Tunisia Dinar', 'TND'),
('Tonga Pa''anga', 'TOP'),
('Turkey Lira', 'TRY'),
('Trinidad and Tobago Dollar', 'TTD'),
('Tuvalu Dollar', 'TVD'),
('Taiwan New Dollar', 'TWD'),
('Tanzania Shilling', 'TZS'),
('Ukraine Hryvnia', 'UAH'),
('Uganda Shilling', 'UGX'),
('United States Dollar', 'USD'),
('Uruguay Peso', 'UYU'),
('Uzbekistan Som', 'UZS'),
('Venezuela Bolívar', 'VEF'),
('Viet Nam Dong', 'VND'),
('Vanuatu Vatu', 'VUV'),
('Samoa Tala', 'WST'),
('Communauté Financière Africaine (BEAC) CFA Franc BEAC', 'XAF'),
('East Caribbean Dollar', 'XCD'),
('International Monetary Fund (IMF) Special Drawing Rights', 'XDR'),
('Communauté Financière Africaine (BCEAO) Franc', 'XOF'),
('Comptoirs Français du Pacifique (CFP) Franc', 'XPF'),
('Yemen Rial', 'YER'),
('South Africa Rand', 'ZAR'),
('Zambia Kwacha', 'ZMW'),
('Zimbabwe Dollar', 'ZWD');
GO

SET IDENTITY_INSERT party_category ON
INSERT INTO party_category (id) VALUES
(1),
(2),
(3),
(4),
(5),
(6),
(7),
(8);
SET IDENTITY_INSERT party_category OFF
GO

INSERT INTO party_category_language (category_id, language_id, name) VALUES
(1, 1, 'External Lawyer'),
(1, 2, 'محامي/مستشار خارجي'),
(1, 3, 'Avocat externe'),
(1, 4, 'Abogado externo'),
(2, 1, 'Buyer'),
(2, 2, 'البائع'),
(2, 3, 'Acheteur'),
(2, 4, 'Comprador'),
(3, 1, 'Distributor'),
(3, 2, 'الموزع'),
(3, 3, 'Distributeur'),
(3, 4, 'Distribuidor'),
(4, 1, 'Provider'),
(4, 2, 'المزود'),
(4, 3, 'Fournisseur'),
(4, 4, 'Proveedor'),
(5, 1, 'Seller'),
(5, 2, 'الشاري'),
(5, 3, 'Vendeur'),
(5, 4, 'Vendedor'),
(6, 1, 'Lessor'),
(6, 2, 'المؤجر'),
(6, 3, 'Bailleur'),
(6, 4, 'Arrendador'),
(7, 1, 'Tenant'),
(7, 2, 'المستأجر'),
(7, 3, 'Locataire'),
(7, 4, 'Inquilino'),
(8, 1, 'Commercial Broker'),
(8, 2, 'وسيط تجاري'),
(8, 3, 'un intermédiaire commercial'),
(8, 4, 'distribuidor comercial');
GO

INSERT INTO iso_languages (code, name)
VALUES ('aa', 'Afar'),
       ('ab', 'Abkhazian'),
       ('ae', 'Avestan'),
       ('af', 'Afrikaans'),
       ('ak', 'Akan'),
       ('am', 'Amharic'),
       ('an', 'Aragonese'),
       ('ar', 'Arabic'),
       ('as', 'Assamese'),
       ('av', 'Avaric'),
       ('ay', 'Aymara'),
       ('az', 'Azerbaijani'),
       ('ba', 'Bashkir'),
       ('be', 'Belarusian'),
       ('bg', 'Bulgarian'),
       ('bh', 'Bihari languages'),
       ('bm', 'Bambara'),
       ('bi', 'Bislama'),
       ('bn', 'Bengali'),
       ('bo', 'Tibetan'),
       ('br', 'Breton'),
       ('bs', 'Bosnian'),
       ('ca', 'Catalan'),
       ('ce', 'Chechen'),
       ('ch', 'Chamorro'),
       ('co', 'Corsican'),
       ('cr', 'Cree'),
       ('cs', 'Czech'),
       ('cu', 'Church Slavic'),
       ('cv', 'Chuvash'),
       ('cy', 'Welsh'),
       ('da', 'Danish'),
       ('de', 'German'),
       ('dv', 'Maldivian'),
       ('dz', 'Dzongkha'),
       ('ee', 'Ewe'),
       ('el', 'Greek'),
       ('en', 'English'),
       ('eo', 'Esperanto'),
       ('es', 'Spanish'),
       ('et', 'Estonian'),
       ('eu', 'Basque'),
       ('fa', 'Persian'),
       ('ff', 'Fulah'),
       ('fi', 'Finnish'),
       ('fj', 'Fijian'),
       ('fo', 'Faroese'),
       ('fr', 'French'),
       ('fy', 'Western Frisian'),
       ('ga', 'Irish'),
       ('gd', 'Gaelic'),
       ('gl', 'Galician'),
       ('gn', 'Guarani'),
       ('gu', 'Gujarati'),
       ('gv', 'Manx'),
       ('ha', 'Hausa'),
       ('he', 'Hebrew'),
       ('hi', 'Hindi'),
       ('ho', 'Hiri Motu'),
       ('hr', 'Croatian'),
       ('ht', 'Haitian'),
       ('hu', 'Hungarian'),
       ('hy', 'Armenian'),
       ('hz', 'Herero'),
       ('ia', 'Interlingua (International Auxiliary Language Association)'),
       ('id', 'Indonesian'),
       ('ie', 'Interlingue'),
       ('ig', 'Igbo'),
       ('ii', 'Sichuan Yi'),
       ('ik', 'Inupiaq'),
       ('io', 'Ido'),
       ('is', 'Icelandic'),
       ('it', 'Italian'),
       ('iu', 'Inuktitut'),
       ('ja', 'Japanese'),
       ('jv', 'Javanese'),
       ('ka', 'Georgian'),
       ('kg', 'Kongo'),
       ('ki', 'Kikuyu'),
       ('kj', 'Kuanyama'),
       ('kk', 'Kazakh'),
       ('kl', 'Kalaallisut'),
       ('km', 'Central Khmer'),
       ('kn', 'Kannada'),
       ('ko', 'Korean'),
       ('kr', 'Kanuri'),
       ('ks', 'Kashmiri'),
       ('ku', 'Kurdish'),
       ('kv', 'Komi'),
       ('kw', 'Cornish'),
       ('ky', 'Kirghiz'),
       ('la', 'Latin'),
       ('lb', 'Luxembourgish'),
       ('lg', 'Ganda'),
       ('li', 'Limburgan'),
       ('ln', 'Lingala'),
       ('lo', 'Lao'),
       ('lt', 'Lithuanian'),
       ('lu', 'Luba-Katanga'),
       ('lv', 'Latvian'),
       ('mg', 'Malagasy'),
       ('mh', 'Marshallese'),
       ('mi', 'Maori'),
       ('mk', 'Macedonian'),
       ('ml', 'Malayalam'),
       ('mn', 'Mongolian'),
       ('mr', 'Marathi'),
       ('ms', 'Malay'),
       ('mt', 'Maltese'),
       ('my', 'Burmese'),
       ('na', 'Nauru'),
       ('nb', 'Norwegian'),
       ('nd', 'North Ndebele'),
       ('ne', 'Nepali'),
       ('ng', 'Ndonga'),
       ('nl', 'Dutch'),
       ('nn', 'Norwegian Nynorsk'),
       ('no', 'Norwegian'),
       ('nr', 'South Ndebele'),
       ('nv', 'Navajo'),
       ('ny', 'Chichewa'),
       ('oc', 'Occitan (post 1500)'),
       ('oj', 'Ojibwa'),
       ('om', 'Oromo'),
       ('or', 'Oriya'),
       ('os', 'Ossetian'),
       ('pa', 'Panjabi'),
       ('pi', 'Pali'),
       ('pl', 'Polish'),
       ('ps', 'Pushto'),
       ('pt', 'Portuguese'),
       ('qu', 'Quechua'),
       ('rm', 'Romansh'),
       ('rn', 'Rundi'),
       ('ro', 'Romanian'),
       ('ru', 'Russian'),
       ('rw', 'Kinyarwanda'),
       ('sa', 'Sanskrit'),
       ('sc', 'Sardinian'),
       ('sd', 'Sindhi'),
       ('se', 'Northern Sami'),
       ('sg', 'Sango'),
       ('si', 'Sinhala'),
       ('sk', 'Slovak'),
       ('sl', 'Slovenian'),
       ('sm', 'Samoan'),
       ('sn', 'Shona'),
       ('so', 'Somali'),
       ('sq', 'Albanian'),
       ('sr', 'Serbian'),
       ('ss', 'Swati'),
       ('st', 'Sotho, Southern'),
       ('su', 'Sundanese'),
       ('sv', 'Swedish'),
       ('sw', 'Swahili'),
       ('ta', 'Tamil'),
       ('te', 'Telugu'),
       ('tg', 'Tajik'),
       ('th', 'Thai'),
       ('ti', 'Tigrinya'),
       ('tk', 'Turkmen'),
       ('tl', 'Tagalog'),
       ('tn', 'Tswana'),
       ('to', 'Tonga (Tonga Islands)'),
       ('tr', 'Turkish'),
       ('ts', 'Tsonga'),
       ('tt', 'Tatar'),
       ('tw', 'Twi'),
       ('ty', 'Tahitian'),
       ('ug', 'Uighur'),
       ('uk', 'Ukrainian'),
       ('ur', 'Urdu'),
       ('uz', 'Uzbek'),
       ('ve', 'Venda'),
       ('vi', 'Vietnamese'),
       ('vo', 'Volapük'),
       ('wa', 'Walloon'),
       ('wo', 'Wolof'),
       ('xh', 'Xhosa'),
       ('yi', 'Yiddish'),
       ('yo', 'Yoruba'),
       ('za', 'Zhuang'),
       ('zh', 'Chinese'),
       ('zu', 'Zulu');
GO

SET IDENTITY_INSERT contract_category ON
INSERT INTO contract_category (id) VALUES
(1),
(2);
SET IDENTITY_INSERT contract_category OFF

INSERT INTO contract_category_language (category_id, language_id, name)
VALUES (1, 1, 'Non-Standard Agreement'),
        (1, 2, 'إتفاقية غير عادية'),
        (1, 3, 'Accord non standard'),
        (1, 4, 'Acuerdo no estándar'),
        (2, 1, 'Standard Agreement'),
        (2, 2, 'إتفاقية عادية'),
        (2, 3, 'Accord standard'),
        (2, 4, 'Acuerdo estándar');
GO

INSERT INTO email_notifications_scheme (trigger_action, notify_to, notify_cc, createdBy, createdOn,
modifiedBy, modifiedOn)
VALUES ('add_contract', 'contributors', '', '1', CURRENT_TIMESTAMP, '1', CURRENT_TIMESTAMP),
       ('edit_contract', 'contributors', 'assignee', '1', CURRENT_TIMESTAMP, '1', CURRENT_TIMESTAMP),
       ('edit_contract_status', 'contributors', 'assignee', '1', CURRENT_TIMESTAMP, '1', CURRENT_TIMESTAMP),
       ('needs_approval', 'approvers', '', '1', CURRENT_TIMESTAMP, '1', CURRENT_TIMESTAMP),
       ('contract_rejected', 'assignee;requester', '', '1', CURRENT_TIMESTAMP, '1', CURRENT_TIMESTAMP),
       ('add_contract_comment', 'requester;contributors', 'assignee', '1', CURRENT_TIMESTAMP, '1', CURRENT_TIMESTAMP),
       ('cp_add_contract', '', '', '1', CURRENT_TIMESTAMP, '1', CURRENT_TIMESTAMP),
       ('add_contract_inform_assignee', 'assignee', '', '1', CURRENT_TIMESTAMP, '1', CURRENT_TIMESTAMP),
       ('amend_contract', 'contributors', 'assignee;requester', '1', CURRENT_TIMESTAMP, '1', CURRENT_TIMESTAMP),
       ('contract_awaiting_signature', 'signees', 'requester;assignee;contributors', '1', CURRENT_TIMESTAMP, '1', CURRENT_TIMESTAMP),
       ('renew_contract', 'contributors', 'assignee;requester', '1', CURRENT_TIMESTAMP, '1', CURRENT_TIMESTAMP),
       ('contract_approved', 'contributors', 'assignee;requester', '1', CURRENT_TIMESTAMP, '1', CURRENT_TIMESTAMP),
       ('contract_signed', 'contributors', 'assignee;requester', '1', CURRENT_TIMESTAMP, '1', CURRENT_TIMESTAMP),
       ('negotiation_requested', 'contributors', 'assignee;requester', '1', CURRENT_TIMESTAMP, '1', CURRENT_TIMESTAMP),
       ('negotiation_comment_added', 'contributors', 'assignee;requester', '1', CURRENT_TIMESTAMP, '1', CURRENT_TIMESTAMP),
       ('negotiation_completed', 'contributors', 'assignee;requester', '1', CURRENT_TIMESTAMP, '1', CURRENT_TIMESTAMP),
       ('hearing_verify_summary', 'lawyers', 'case_assignee', '1', CURRENT_TIMESTAMP, '1', CURRENT_TIMESTAMP),
       ('hearing_save_summary_to_notify_managers', 'verification_process_user_groups', '', '1', CURRENT_TIMESTAMP, '1', CURRENT_TIMESTAMP),
       ('contract_notify_requested_by_watchers_cp', 'requester;watchers', '', '1', CURRENT_TIMESTAMP, '1', CURRENT_TIMESTAMP);
GO

INSERT INTO system_preferences (groupName, keyName, keyValue) VALUES ('CustomerPortalConfig', 'cp_contract_form_label', 'Contracts');
GO

SET IDENTITY_INSERT contract_document_status ON
INSERT INTO contract_document_status (id) VALUES
(1),
(2),
(3),
(4),
(5);
SET IDENTITY_INSERT contract_document_status OFF
GO

SET IDENTITY_INSERT contract_document_status_language ON
INSERT INTO contract_document_status_language (id, status_id, language_id, name) VALUES
(1, 1, 1, '1-Draft'),
(2, 1, 2, '1-مسودة'),
(3, 1, 3, '1-Brouillon'),
(4, 1, 4, '1-Brouillon'),
(5, 2, 1, '2-Awaiting approval'),
(6, 2, 2, '2-بإنتظار الموافقة'),
(7, 2, 3, '2-En attente d''approbation'),
(8, 2, 4, '2-En attente d''approbation'),
(9,3, 1, '3-Approved'),
(10,3, 2, '3-النهائي'),
(11,3, 3, '3-Approuvé'),
(12,3, 4, '3-Approuvé'),
(13,4, 1, '4-Executed'),
(14,4, 2, '4 - تم التنفيذ'),
(15,4, 3, '4-Exécuté'),
(16,4, 4, '4-Exécuté'),
(17,5, 1, '5-Awaiting Revision'),
(18,5, 2, '5- بانتظار المراجعة'),
(19,5, 3, '5-En attente de révision'),
(20,5, 4, '5-En attente de révision');
SET IDENTITY_INSERT contract_document_status_language OFF
GO

SET IDENTITY_INSERT contract_document_type ON
INSERT INTO contract_document_type (id) VALUES
(1),
(2);
SET IDENTITY_INSERT contract_document_type OFF
GO

SET IDENTITY_INSERT contract_document_type_language ON
INSERT INTO contract_document_type_language (id, type_id, language_id, name) VALUES
(1, 1, 1, 'Agreement'),
(2, 1, 2, 'إتفاقية'),
(3, 1, 3, 'Accord'),
(4, 1, 4, 'Acuerdo'),
(5, 2, 1, 'Other'),
(6, 2, 2, 'آخر'),
(7, 2, 3, 'Autre'),
(8, 2, 4, 'Otros');
SET IDENTITY_INSERT contract_document_type_language OFF
GO

SET IDENTITY_INSERT advisor_task_types ON
INSERT INTO advisor_task_types (id) VALUES
(1),
(2),
(3),
(4),
(5);
SET IDENTITY_INSERT advisor_task_types OFF
GO

SET IDENTITY_INSERT advisor_task_types_languages ON
INSERT INTO advisor_task_types_languages (id, advisor_task_type_id, language_id, name) VALUES
(1, 1, 1, 'To-Do'),
(2, 1, 2, 'مهمة'),
(3, 1, 3, 'To-Do'),
(4, 1, 4, 'Tareas'),
(5, 2, 1, 'Research'),
(6, 2, 2, 'بحث'),
(7, 2, 3, 'Recherche'),
(8, 2, 4, 'Investigación'),
(9, 3, 1, 'Expert Meeting'),
(10, 3, 2, 'إجتماع مع خبير'),
(11, 3, 3, 'Réunion avec Expert'),
(12, 3, 4, 'Reunión de expertos'),
(13, 4, 1, 'Legalisation'),
(14, 4, 2, 'تصديق'),
(15, 4, 3, 'Légalisation'),
(16, 4, 4, 'Legalización'),
(17, 5, 1, 'Translation'),
(18, 5, 2, 'ترجمة'),
(19, 5, 3, 'Traduction'),
(20, 5, 4, 'Traducción');
SET IDENTITY_INSERT advisor_task_types_languages OFF
GO

SET IDENTITY_INSERT oauth_clients ON
INSERT INTO oauth_clients (id, user_id, name, secret, redirect, personal_access_client, password_client, revoked, created_at, updated_at) VALUES
(1, NULL, 'Lumen Personal Access Client', 'uN86YloX2MRhSrMC5FwfeS9WgZMIj8BL5P5wncCL', 'http://localhost', 1, 0, 0, '2020-11-18 00:35:43', '2020-11-18 00:35:43'),
(2, NULL, 'Lumen Password Grant Client', '6nzM5hv18pCrL8fgFFhgYycWNNFgpjY1ymRNou78', 'http://localhost', 0, 1, 0, '2020-11-18 00:35:43', '2020-11-18 00:35:43'),
(3, NULL, 'core', 'GW3fzaVqiAzEWbW0JiuJYnZAfq55YqAXPioQWbXp', 'http://localhost', 1, 0, 0, '2021-07-28 00:35:43', '2021-07-28 00:35:43'),
(4, NULL, 'zapier', NULL, 'https://zapier.com/dashboard/auth/oauth/return/AppFourLegalCLIAPI/', 0, 0, 0, '2022-04-04 00:00:00', '2022-04-04 00:00:00');

SET IDENTITY_INSERT oauth_clients OFF
GO
INSERT INTO oauth_personal_access_clients (client_id, created_at, updated_at) VALUES
( 3, '2021-07-28 11:00:35', '2021-07-28 11:00:35');


INSERT INTO saml_configuration (keyName, keyValue) VALUES
('client_id', ''),
('client_secret', ''),
('idp', 'none'),
('user_group_sync', 'no'),
('user_multiple_groups', 'no');

SET IDENTITY_INSERT time_internal_statuses ON
INSERT INTO time_internal_statuses (id) VALUES
(1),
(2),
(3);
SET IDENTITY_INSERT time_internal_statuses OFF

INSERT INTO time_internal_statuses_languages (internal_status, language_id, name) VALUES
(1, 1, 'To-Be Reviewed'),
(1, 2, 'للمراجعة'),
(1, 3, 'À vérifier'),
(1, 4, 'Para ser revisado'),
(2, 1, 'Under-Review'),
(2, 2, 'قيد المراجعة'),
(2, 3, 'À l''étude'),
(2, 4, 'Bajo revisión'),
(3, 1, 'Reviewed'),
(3, 2, 'تمت المراجعة'),
(3, 3, 'Révisé'),
(3, 4, 'Revisado');

INSERT INTO advisor_email_templates (name, createdOn, createdBy, modifiedOn, modifiedBy) VALUES
('advisor_registration_email', CURRENT_TIMESTAMP, '1', CURRENT_TIMESTAMP, '1');

INSERT INTO advisor_email_template_languages (advisor_email_template_id, language_id, static_content, content) VALUES
(1, 1, 'Hi [advisor_name],<br/><br/>
You have been added to [instance_name] system as an Advisor, here are your login credentials:<br/>
E-mail: [advisor_email]<br/>
Password: [random_password]<br/><br/>
[instance_url]<br/><br/>
[content]
<br/><br/>', 'Thanks,'),
(1, 2, 'عزيزي [advisor_name],<br/><br/>
لقد تمت إضافتك ل [instance_name] كمستشار، وإليك تفاصيل حسابك:<br/>
البريد الإلكتروني: [advisor_email]<br/>
كلمة السر: [random_password]<br/><br/>
[instance_url]<br/><br/>
[content]
<br/><br/>', 'شكراً,'),
(1, 3, 'Salut [advisor_name],<br/><br/>
Vous avez été ajouté au système [instance_name] en tant que conseiller, voici vos identifiants de connexion:<br/>
E-mail: [advisor_email]<br/>
Le mot de passe: [random_password]<br/><br/>
[instance_url]<br/><br/>
[content]
<br/><br/>', 'Merci,'),
(1, 4, 'Hola [advisor_name],<br/><br/>
Ha sido agregado al sistema [instance_name] como asesor, aquí están sus credenciales de inicio de sesión:<br/>
E-mail: [advisor_email]<br/>
Contraseña: [random_password]<br/><br/>
[instance_url]<br/><br/>
[content]
<br/><br/>', 'Gracias,');

SET IDENTITY_INSERT money_dashboards ON
INSERT INTO money_dashboards (id, name, columns_nb) VALUES
(1, 'Dashboard 1', 2);
SET IDENTITY_INSERT money_dashboards OFF
GO

SET IDENTITY_INSERT money_dashboard_widgets_types ON
INSERT INTO money_dashboard_widgets_types (id, name, type, settings) VALUES
(1, 'transactions', 'barChart', 'a:5:{s:7:"columns";a:5:{i:0;s:8:"expenses";i:1;s:13:"supplierBills";i:2;s:17:"supplierPaidBills";i:3;s:8:"invoices";i:4;s:17:"collectedInvoices";}s:11:"filter_type";s:4:"date";s:4:"date";s:0:"";s:9:"from_date";s:0:"";s:7:"to_date";s:0:"";}'),
(2, 'bills', 'pieChart', 'a:2:{s:7:"columns";a:3:{i:0;s:4:"open";i:1;s:7:"overdue";i:2;s:14:"partially paid";}s:11:"filter_type";s:4:"date";}'),
(3, 'invoices', 'pieChart', 'a:2:{s:7:"columns";a:3:{i:0;s:4:"open";i:1;s:7:"overdue";i:2;s:14:"partially paid";}s:11:"filter_type";s:4:"date";}'),
(4, 'invoices_by_client', 'barChart', 'a:1:{s:11:"filter_type";s:4:"date";}'),
(5, 'expenses_per_category', 'barChart', 'a:1:{s:11:"filter_type";a:2:{i:0;s:4:"date";i:1;s:15:"expenseCategory";}} '),
(6, 'top_10_clients_per_invoices', 'barChart', 'a:1:{s:11:"filter_type";s:4:"date";}'),
(7, 'top_10_suppliers_per_bills', 'barChart', 'a:1:{s:11:"filter_type";s:4:"date";}'),
(8, 'top_10_suppliers_per_expenses', 'barChart', 'a:1:{s:11:"filter_type";s:4:"date";}'),
(9, 'expenses_per_paid_through', 'barChart', 'a:1:{s:11:"filter_type";s:4:"date";}'),
(10, 'bank_account_balance', 'table', 'a:1:{s:11:"filter_type";s:0:"";}'),
(11, 'cash_account_balance', 'table', 'a:1:{s:11:"filter_type";s:0:"";}'),
(12, 'revenue_per_status', 'pieChart', 'a:2:{s:7:"columns";a:5:{i:0;s:4:"open";i:1;s:7:"overdue";i:2;s:14:"partially paid";i:3;s:4:"paid";i:4;s:5:"draft";}s:11:"filter_type";s:4:"date";}'),
(13, 'bills_per_status', 'pieChart', 'a:2:{s:7:"columns";a:4:{i:0;s:4:"open";i:1;s:7:"overdue";i:2;s:14:"partially paid";i:3;s:4:"paid";}s:11:"filter_type";s:4:"date";}'),
(14, 'expenses_per_status', 'pieChart', 'a:2:{s:7:"columns";a:4:{i:0;s:4:"open";i:1;s:14:"needs_revision";i:2;s:9:"cancelled";i:3;s:8:"approved";}s:11:"filter_type";s:4:"date";}'),
(15, 'top_20_receivables_by_due_date', 'barChart', 'a:1:{s:11:"filter_type";s:4:"date";}'),
(16, 'top_20_payables_by_due_date', 'barChart', 'a:1:{s:11:"filter_type";s:4:"date";}');
SET IDENTITY_INSERT money_dashboard_widgets_types OFF
GO

SET IDENTITY_INSERT money_dashboard_widgets ON
INSERT INTO money_dashboard_widgets ([id], [filter], [widget_order], [money_dashboard_id], [money_dashboard_widgets_type_id]) VALUES
(1, 'a:7:{s:7:"columns";a:3:{i:0;s:4:"open";i:1;s:7:"overdue";i:2;s:14:"partially paid";}s:11:"filter_type";s:4:"date";s:9:"from_date";s:10:"2021-01-01";s:7:"to_date";s:10:"2021-12-31";s:4:"date";s:2:"ty";s:8:"operator";s:7:"between";s:13:"specific_date";s:10:"2022-12-31";}', 1, 1, 2),
(2, 'a:7:{s:7:"columns";a:5:{i:0;s:8:"expenses";i:1;s:13:"supplierBills";i:2;s:17:"supplierPaidBills";i:3;s:8:"invoices";i:4;s:17:"collectedInvoices";}s:11:"filter_type";s:4:"date";s:4:"date";s:2:"ty";s:9:"from_date";s:10:"2021-01-01";s:7:"to_date";s:10:"2021-12-31";s:8:"operator";s:7:"between";s:13:"specific_date";s:8:"2021-8-1";}', 2, 1, 1),
(3, 'a:6:{s:7:"columns";a:5:{i:0;s:8:"expenses";i:1;s:13:"supplierBills";i:2;s:17:"supplierPaidBills";i:3;s:8:"invoices";i:4;s:17:"collectedInvoices";}s:11:"filter_type";s:4:"date";s:4:"date";s:2:"ts";s:9:"from_date";s:10:"2021-07-01";s:7:"to_date";s:10:"2021-12-31";s:8:"operator";s:7:"between";}', 3, 1, 1),
(4, 'a:6:{s:7:"columns";a:5:{i:0;s:8:"expenses";i:1;s:13:"supplierBills";i:2;s:17:"supplierPaidBills";i:3;s:8:"invoices";i:4;s:17:"collectedInvoices";}s:11:"filter_type";s:4:"date";s:4:"date";s:2:"tq";s:9:"from_date";s:10:"2021-07-01";s:7:"to_date";s:10:"2021-09-30";s:8:"operator";s:7:"between";}', 4, 1, 1),
(5, 'a:7:{s:7:"columns";a:5:{i:0;s:8:"expenses";i:1;s:13:"supplierBills";i:2;s:17:"supplierPaidBills";i:3;s:8:"invoices";i:4;s:17:"collectedInvoices";}s:11:"filter_type";s:4:"date";s:4:"date";s:2:"tm";s:9:"from_date";s:10:"2021-01-01";s:7:"to_date";s:10:"2021-12-31";s:8:"operator";s:7:"between";s:13:"specific_date";s:8:"2021-8-1";}', 5, 1, 1),
(6, 'a:7:{s:7:"columns";a:3:{i:0;s:4:"open";i:1;s:7:"overdue";i:2;s:14:"partially paid";}s:11:"filter_type";s:4:"date";s:8:"operator";s:7:"between";s:4:"date";s:2:"ty";s:9:"from_date";s:10:"2021-01-01";s:7:"to_date";s:10:"2021-12-31";s:13:"specific_date";s:10:"2022-12-31";}', 6, 1, 3),
(7, 'a:6:{s:11:"filter_type";s:4:"date";s:4:"date";s:2:"ty";s:8:"operator";s:7:"between";s:13:"specific_date";s:10:"2022-12-31";s:9:"from_date";s:10:"2021-01-01";s:7:"to_date";s:10:"2021-12-31";}', 7, 1, 4),
(8, 'a:7:{s:11:"filter_type";a:2:{i:0;s:4:"date";i:1;s:15:"expenseCategory";}s:4:"date";s:2:"ty";s:8:"operator";s:7:"between";s:13:"specific_date";s:8:"2021-8-2";s:9:"from_date";s:10:"2021-01-01";s:7:"to_date";s:10:"2021-12-31";s:16:"expense_category";s:0:"";}', 8, 1, 5),
(9, 'a:6:{s:11:"filter_type";s:4:"date";s:4:"date";s:2:"ty";s:8:"operator";s:7:"between";s:13:"specific_date";s:10:"2022-12-31";s:9:"from_date";s:10:"2021-01-01";s:7:"to_date";s:10:"2021-12-31";}', 9, 1, 6),
(10, 'a:6:{s:11:"filter_type";s:4:"date";s:4:"date";s:2:"ty";s:8:"operator";s:7:"between";s:13:"specific_date";s:10:"2022-12-31";s:9:"from_date";s:10:"2021-01-01";s:7:"to_date";s:10:"2021-12-31";}', 10, 1, 7),
(11, 'a:6:{s:11:"filter_type";s:4:"date";s:4:"date";s:2:"ty";s:8:"operator";s:7:"between";s:13:"specific_date";s:10:"2022-12-31";s:9:"from_date";s:10:"2021-01-01";s:7:"to_date";s:10:"2021-12-31";}', 11, 1, 8),
(12, 'a:6:{s:11:"filter_type";s:4:"date";s:4:"date";s:2:"ty";s:8:"operator";s:7:"between";s:13:"specific_date";s:10:"2022-12-31";s:9:"from_date";s:10:"2021-01-01";s:7:"to_date";s:10:"2021-12-31";}', 12, 1, 9),
(13, 'a:1:{s:11:"filter_type";s:0:"";}', 13, 1, 10),
(14, 'a:1:{s:11:"filter_type";s:0:"";}', 14, 1, 11),
(15, 'a:7:{s:7:"columns";a:5:{i:0;s:4:"open";i:1;s:7:"overdue";i:2;s:14:"partially paid";i:3;s:4:"paid";i:4;s:5:"draft";}s:11:"filter_type";s:4:"date";s:4:"date";s:2:"ty";s:8:"operator";s:7:"between";s:13:"specific_date";s:8:"2022-2-3";s:9:"from_date";s:10:"2022-01-01";s:7:"to_date";s:10:"2022-12-31";}', 15, 1, 12),
(16, 'a:7:{s:7:"columns";a:4:{i:0;s:4:"open";i:1;s:7:"overdue";i:2;s:14:"partially paid";i:3;s:4:"paid";}s:11:"filter_type";s:4:"date";s:4:"date";s:2:"ty";s:8:"operator";s:7:"between";s:13:"specific_date";s:8:"2022-2-3";s:9:"from_date";s:10:"2022-01-01";s:7:"to_date";s:10:"2022-12-31";}', 16, 1, 13),
(17, 'a:7:{s:7:"columns";a:4:{i:0;s:4:"open";i:1;s:14:"needs_revision";i:2;s:9:"cancelled";i:3;s:8:"approved";}s:11:"filter_type";s:4:"date";s:4:"date";s:2:"ty";s:8:"operator";s:7:"between";s:13:"specific_date";s:8:"2022-2-3";s:9:"from_date";s:10:"2022-01-01";s:7:"to_date";s:10:"2022-12-31";}', 17, 1, 14),
(18, 'a:6:{s:11:"filter_type";s:4:"date";s:4:"date";s:2:"ty";s:8:"operator";s:7:"between";s:13:"specific_date";s:8:"2022-2-3";s:9:"from_date";s:10:"2022-01-01";s:7:"to_date";s:10:"2022-12-31";}', 18, 1, 15),
(19, 'a:6:{s:11:"filter_type";s:4:"date";s:4:"date";s:2:"ty";s:8:"operator";s:7:"between";s:13:"specific_date";s:8:"2022-2-3";s:9:"from_date";s:10:"2022-01-01";s:7:"to_date";s:10:"2022-12-31";}', 19, 1, 16);
SET IDENTITY_INSERT money_dashboard_widgets OFF
GO

INSERT INTO money_dashboard_widgets_title_languages
VALUES (1, 1, 'Bills Payables'),
       (1, 2, 'فواتير دائنة'),
       (1, 3, 'Factures à payer'),
       (1, 4, 'Cuentas por pagar'),
       (2, 1, 'This Year'),
       (2, 2, 'هذه السنة'),
       (2, 3, 'Cette année'),
       (2, 4, 'Este año'),
       (3, 1, 'This Semester'),
       (3, 2, 'هذا الفصل'),
       (3, 3, 'Ce semestre'),
       (3, 4, 'Este semestre'),
       (4, 1, 'This Quarter'),
       (4, 2, 'هذا الربع'),
       (4, 3, 'Ce trimestre'),
       (4, 4, 'Este cuarto'),
       (5, 1, 'This Month'),
       (5, 2, 'هذا الشهر'),
       (5, 3, 'Ce mois-ci'),
       (5, 4, 'Este mes'),
       (6, 1, 'Invoices Receivables'),
       (6, 2, 'ذمم الفواتير'),
       (6, 3, 'Factures à recevoir'),
       (6, 4, 'Facturas por cobrar'),
       (7, 1, 'Receivables by Client'),
       (7, 2, 'الذمم المدينة من قبل العميل'),
       (7, 3, 'Créances par client'),
       (7, 4, 'Cuentas por cobrar por cliente'),
       (8, 1, 'Expenses per Category'),
       (8, 2, 'النفقات حسب الفئات'),
       (8, 3, 'Dépenses par catégorie'),
       (8, 4, 'Gastos por Categoría'),
       (9, 1, 'Top 10 Clients per Invoices'),
       (9, 2, 'أهم 10 عملاء حسب الفواتير'),
       (9, 3, 'Top 10 des clients par facture'),
       (9, 4, 'Las 10 mejores clientes por facturas'),
       (10, 1, 'Top 10 Suppliers per Bills'),
       (10, 2, 'أهم 10 موردين حسب الفواتير'),
       (10, 3, 'Top 10 des fournisseurs par facture'),
       (10, 4, 'Las 10 mejores proveedores por facturas'),
       (11, 1, 'Top 10 Suppliers per Expenses'),
       (11, 2, 'أهم 10 موردين حسب النفقات'),
       (11, 3, 'Top 10 des fournisseurs par dépenses'),
       (11, 4, 'Los 10 principales proveedores por gastos'),
       (12, 1, 'Expenses per Paid Through'),
       (12, 2, 'النفقات حسب وسيلة الدفع'),
       (12, 3, 'Dépenses par paiement'),
       (12, 4, 'Gastos por Pagado'),
       (13, 1, 'Bank Account Balance'),
       (13, 2, 'رصيد الحساب المصرفي'),
       (13, 3, 'Solde du compte bancaire'),
       (13, 4, 'Saldo de la cuenta bancaria'),
       (14, 1, 'Cash Account Balance'),
       (14, 2, 'رصيد الحساب النقدي'),
       (14, 3, 'Solde du compte de trésorerie'),
       (14, 4, 'Saldo de la cuenta de efectivo'),
       (15, 1, 'Revenue per Status'),
       (15, 2, 'الإيرادات بحسب حالة'),
       (15, 3, 'Revenu par Statut'),
       (15, 4, 'Ingresos por estado'),
       (16, 1, 'Bills per Status'),
       (16, 2, 'الفواتير للدفع بحسب حالة'),
       (16, 3, 'Factures par statut'),
       (16, 4, 'Facturas por Estado'),
       (17, 1, 'Expenses per Status'),
       (17, 2, 'النفقات بحسب حالة'),
       (17, 3, 'Dépenses par statut'),
       (17, 4, 'Gastos por Estado'),
       (18, 1, 'Top 20 Receivables by Due Date'),
       (18, 2, 'أعلى 20 مستحقات حسب تاريخ الاستحقاق'),
       (18, 3, '20 principaux comptes clients par date d''échéance'),
       (18, 4, 'Las 20 principales cuentas por cobrar por fecha de vencimiento'),
       (19, 1, 'Top 20 Payables by Due Date'),
       (19, 2, 'أعلى 20 مدفوعات حسب تاريخ الاستحقاق'),
       (19, 3, 'Les 20 principaux fournisseurs par date d''échéance'),
       (19, 4, 'Las 20 principales cuentas por pagar por fecha de vencimiento')
       GO
       
SET IDENTITY_INSERT integrations ON
INSERT INTO integrations (id, code, name, is_active) VALUES
(1, 'gdrive', 'Google Drive', 0),
(2, 'sharepoint', 'SharePoint', 0),
(3, 'onedrive', 'OneDrive', 0);
SET IDENTITY_INSERT integrations OFF
GO

INSERT INTO system_preferences VALUES ('InvoiceLanguage','payment_method','a:3:{i:0;s:14:"Payment Method";s:3:"fl1";s:16:"Mode de paiement";s:3:"fl2";s:21:"طريقة الدفع";}');
INSERT INTO system_preferences VALUES ('InvoiceLanguage', 'transaction_type', 'a:3:{i:0;s:16:"Transaction Type";s:3:"fl1";s:19:"Type de transaction";s:3:"fl2";s:23:"نوع المعاملة";}');
GO

INSERT INTO credit_note_reasons (name, fl2name, fl1name) VALUES
('Cancellation', 'إلغاء', 'Annulation'),
('Essential change lead to VAT due change', 'تغيير أساسي يؤدي إلى تغيير الضريبة المستحقة ', 'Un changement essentiel entraîne un changement dû à la TVA'),
('Amendment of the supply value', 'تعديل قيمة التوريد ', 'Modification de la valeur de livraison'),
('Returned items', 'ارجاع خدمة', 'Articles retournés');
GO

INSERT INTO credit_note_reasons (name, fl2name, fl1name, is_debit_note) VALUES
('Cancellation', 'إلغاء', 'Annulation', 1),
('Essential change lead to VAT due change', 'تغيير أساسي يؤدي إلى تغيير الضريبة المستحقة ', 'Un changement essentiel entraîne un changement dû à la TVA', 1),
('Amendment of the supply value', 'تعديل قيمة التوريد ', 'Modification de la valeur de livraison', 1),
('Returned items', 'ارجاع خدمة', 'Articles retournés', 1);
GO

INSERT INTO additional_id_types (code, lang_msg, module) VALUES
('NAT', 'additional_id_NAT', 'person'),
('TIN', 'additional_id_TIN', 'person'),
('IQA', 'additional_id_IQA', 'person'),
('PAS', 'additional_id_PAS', 'person'),
('OTH', 'additional_id_OTH', 'person'),
('CRN', 'additional_id_CRN', 'company'),
('MOM', 'additional_id_MOM', 'company'),
('MLS', 'additional_id_MLS', 'company'),
('SAG', 'additional_id_SAG', 'company'),
('GCC', 'additional_id_GCC', 'company'),
('OTH', 'additional_id_OTH', 'company'),
('CRN', 'additional_id_CRN', 'organization'),
('MOM', 'additional_id_MOM', 'organization'),
('MLS', 'additional_id_MLS', 'organization'),
('SAG', 'additional_id_SAG', 'organization'),
('OTH', 'additional_id_OTH', 'organization');
GO

INSERT INTO system_preferences VALUES ('InvoiceLanguage','debit_note_number','a:3:{i:0;s:17:"Debit Note Number";s:3:"fl1";s:25:"Numéro de note de débit";s:3:"fl2";s:26:"رقم إشعار مدين";}');
GO

INSERT INTO system_preferences VALUES ('InvoiceLanguage','related_invoice_number','a:3:{i:0;s:22:"Related Invoice Number";s:3:"fl1";s:15:"Facture connexe";s:3:"fl2";s:40:"رقم الفاتورة المتعلقة";}');
GO


INSERT INTO payment_methods (code, name, fl2name, fl1name) VALUES
(10, 'In Cash', 'نقدا', 'En liquide'),
(30, 'Credit transfer', 'تحويل رصيد', 'Transfert de crédit'),
(42, 'Payment to bank account', 'الدفع لحساب بنكي', 'Paiement sur compte bancaire'),
(48, 'Bank Card', 'بطاقة بنك', 'Carte bancaire'),
(1, 'Instrument not defined', 'الصك غير محدد ', 'Instrument non défini');
GO

SET IDENTITY_INSERT invoice_transaction_types ON
INSERT INTO invoice_transaction_types (id, name, fl2name, fl1name) VALUES
(1, 'Nominal', 'اسمي', 'Nominal'),
(2, 'Export', 'تصدير', 'Exportation'),
(3, 'Summary', 'ملخص', 'Résumé'),
(4, 'Others', 'أخرى', 'Autres');
SET IDENTITY_INSERT invoice_transaction_types OFF
GO


SET IDENTITY_INSERT invoice_types ON
INSERT INTO invoice_types (id, name, fl2name, fl1name) VALUES
(1, 'Tax Invoice', 'فاتورة ضريبية', 'Facture fiscale'),
(2, 'Simplified Tax Invoice', 'فاتورة ضريبية مبسطة', 'Facture fiscale simplifiée');
SET IDENTITY_INSERT invoice_types OFF

GO

INSERT INTO system_preferences (groupName, keyName, keyValue) VALUES
('ExpensesValues', 'notifyUsersExpenseByEmail', '0'),
('ExpensesValues', 'notifyUsersGroupToApproveExpense', NULL),
('ExpensesValues', 'notifyUsersToApproveExpense', NULL);
GO

INSERT INTO email_notifications_scheme (trigger_action, notify_to, notify_cc, createdBy, createdOn, modifiedBy, modifiedOn) VALUES
('add_expense', 'expense_users', '', '1', CURRENT_TIMESTAMP, '1', CURRENT_TIMESTAMP);
GO

INSERT INTO [dbo].[trigger_action_types]
           ([name])
     VALUES
           ('trigger_add_task'),
		   ('trigger_add_reminder'),
		   ('trigger_send_email')
GO

INSERT INTO [dbo].[trigger_types]
           ([name])
     VALUES
           ('matter_status_transitions')
GO